lang,raw,gold,pred_A,pred_B,is_nonstandard,A_correct,B_correct,change
en,!,!,!,!,False,True,True,both_TN
en,!!,!!,!!,!!,False,True,True,both_TN
en,!!!,!!!,!!!,!!!,False,True,True,both_TN
en,!!!!,!!!!,!!!!,!!!!,False,True,True,both_TN
de,!!!!!,!!!!!,!!!!!,!!!!!,False,True,True,both_TN
en,!!!!!!!!!!!,!!!!!!!!!!!,!!!!!!!!!!!!!!!,!!!!!!!!!!,False,False,False,both_FP
en,!!!!!!!!!!!!!,!!!!!!!!!!!!!,!!!!!!!!!!!!!!!!!!!!!!!!!,!!!!!!!!!!!!,False,False,False,both_FP
en,"""","""","""","""",False,True,True,both_TN
en,"""""","""""","""""","""""",False,True,True,both_TN
de,"""oil-painting""-Modus","""oil-painting""-Modus","""oil-painting""-Modus","""oil-painting""-Modus",False,True,True,both_TN
en,#,#,#,#,False,True,True,both_TN
en,##,##,##,##,False,True,True,both_TN
en,#1,#1,#1,#1,False,True,True,both_TN
en,#10000000xkissssss,#10000000xkissssss,#10000000xkissssss,#10000000xkissssss,False,True,True,both_TN
en,#104,#104,#104,#104,False,True,True,both_TN
en,#15,#15,#15,#15,False,True,True,both_TN
en,#1798's,#1798's,#1798's,#1798's,False,True,True,both_TN
en,#2,#2,#2,#2,False,True,True,both_TN
en,#27,#27,#27,#27,False,True,True,both_TN
en,#3,#3,#3,#3,False,True,True,both_TN
en,#4,#4,#4,#4,False,True,True,both_TN
en,#5,#5,#5,#5,False,True,True,both_TN
en,#6yearswithshinee,#6yearswithshinee,#6yearswithshinee,#6yearswithshinee,False,True,True,both_TN
en,#7,#7,#7,#7,False,True,True,both_TN
en,#8,#8,#8,#8,False,True,True,both_TN
en,#9,#9,#9,#9,False,True,True,both_TN
en,#aboveandbeyond,#aboveandbeyond,#aboveandbeyond,#aboveandbeyond,False,True,True,both_TN
en,#albert_stanlie,#albert_stanlie,#albert_stanlie,#albert_stanlie,False,True,True,both_TN
en,#alchemyfestival,#alchemyfestival,#alchemyfestival,#alchemyfestival,False,True,True,both_TN
en,#alienfamily,#alienfamily,#alienfamily,#alienfamily,False,True,True,both_TN
en,#amustsee,#amustsee,#amustsee,#amustsee,False,True,True,both_TN
en,#android,#android,#android,#android,False,True,True,both_TN
en,#askcamila,#askcamila,#askcamila,#askcamila,False,True,True,both_TN
en,#bbcsport,#bbcsport,#bbcsport,#bbcsport,False,True,True,both_TN
en,#bettertogether,#bettertogether,#bettertogether,#bettertogether,False,True,True,both_TN
en,#biggestliesgma,#biggestliesgma,#biggestliesgma,#biggestliesgma,False,True,True,both_TN
en,#blessing,#blessing,#blessing,#blessing,False,True,True,both_TN
en,#catfish,#catfish,#catfish,#catfish,False,True,True,both_TN
en,#childrensbook,#childrensbook,#childrensbook,#childrensbook,False,True,True,both_TN
en,#cobertura1dbra,#cobertura1dbra,#cobertura1dbra,#cobertura1dbra,False,True,True,both_TN
en,#coloradosprings,#coloradosprings,#coloradosprings,#coloradosprings,False,True,True,both_TN
en,#cops,#cops,#cops,#cops,False,True,True,both_TN
en,#corrie,#corrie,#corrie,#corrie,False,True,True,both_TN
en,#coupon,#coupon,#coupon,#coupon,False,True,True,both_TN
en,#cutforzouis,#cutforzouis,#cutforzouis,#cutforzouis,False,True,True,both_TN
en,#ep2014,#ep2014,#ep2014,#ep2014,False,True,True,both_TN
en,#eurosouth,#eurosouth,#eurosouth,#eurosouth,False,True,True,both_TN
en,#exceeding,#exceeding,#exceeding,#exceeding,False,True,True,both_TN
en,#f1,#f1,#f1,#f1,False,True,True,both_TN
en,#fajr,#fajr,#fajr,#fajr,False,True,True,both_TN
en,#filipinoimagines,#filipinoimagines,#filipinoimagines,#filipinoimagines,False,True,True,both_TN
en,#freebie,#freebie,#freebie,#freebie,False,True,True,both_TN
en,#gg3rdjpntour,#gg3rdjpntour,#gg3rdjpntour,#gg3rdjpntour,False,True,True,both_TN
en,#godblessings,#godblessings,#godblessings,#godblessings,False,True,True,both_TN
en,#gopokes,#gopokes,#gopokes,#gopokes,False,True,True,both_TN
en,#govia,#govia,#govia,#govia,False,True,True,both_TN
en,#gta,#gta,#gta,#gta,False,True,True,both_TN
en,#happymemorialday,#happymemorialday,#happymemorialday,#happymemorialday,False,True,True,both_TN
en,#hardwell1000000,#hardwell1000000,#hardwell1000000,#hardwell1000000,False,True,True,both_TN
en,#heh,#heh,#heh,#heh,False,True,True,both_TN
en,#herhealth,#herhealth,#herhealth,#herhealth,False,True,True,both_TN
en,#honest,#honest,#honest,#honest,False,True,True,both_TN
en,#indyref,#indyref,#indyref,#indyref,False,True,True,both_TN
en,#jeffwalz,#jeffwalz,#jeffwalz,#jeffwalz,False,True,True,both_TN
en,#jesus,#jesus,#jesus,#jesus,False,True,True,both_TN
en,#kids,#kids,#kids,#kids,False,True,True,both_TN
en,#kingchucksgod,#kingchucksgod,#kingchucksgod,#kingchucksgod,False,True,True,both_TN
en,#ladycards,#ladycards,#ladycards,#ladycards,False,True,True,both_TN
en,#lahlalonto,#lahlalonto,#lahlalonto,#lahlalonto,False,True,True,both_TN
en,#lancomegrandiose,#lancomegrandiose,#lancomegrandiose,#lancomegrandiose,False,True,True,both_TN
en,#lastfm,#lastfm,#lastfm,#lastfm,False,True,True,both_TN
en,#legend,#legend,#legend,#legend,False,True,True,both_TN
en,#letkapalawalk,#letkapalawalk,#letkapalawalk,#letkapalawalk,False,True,True,both_TN
en,#livinthedream,#livinthedream,#livinthedream,#livinthedream,False,True,True,both_TN
en,#lostplanetinseoul,#lostplanetinseoul,#lostplanetinseoul,#lostplanetinseoul,False,True,True,both_TN
en,#louisville,#louisville,#louisville,#louisville,False,True,True,both_TN
en,#makatitraffic,#makatitraffic,#makatitraffic,#makatitraffic,False,True,True,both_TN
en,#mariahcarey,#mariahcarey,#mariahcarey,#mariahcarey,False,True,True,both_TN
en,#marketing,#marketing,#marketing,#marketing,False,True,True,both_TN
en,#matrixmakessense,#matrixmakessense,#matrixmakessense,#matrixmakessense,False,True,True,both_TN
en,#memorialday,#memorialday,#memorialday,#memorialday,False,True,True,both_TN
en,#mm,#mm,#mm,#mm,False,True,True,both_TN
en,#movies,#movies,#movies,#movies,False,True,True,both_TN
en,#music,#music,#music,#music,False,True,True,both_TN
en,#new,#new,#new,#new,False,True,True,both_TN
en,#nolies,#nolies,#nolies,#nolies,False,True,True,both_TN
en,#nowplaying,#nowplaying,#nowplaying,#nowplaying,False,True,True,both_TN
en,#nyr,#nyr,#nyr,#nyr,False,True,True,both_TN
en,#nyrplayoffs,#nyrplayoffs,#nyrplayoffs,#nyrplayoffs,False,True,True,both_TN
en,#openfollow,#openfollow,#openfollow,#openfollow,False,True,True,both_TN
en,#payzerisback,#payzerisback,#payzerisback,#payzerisback,False,True,True,both_TN
en,#philippines,#philippines,#philippines,#philippines,False,True,True,both_TN
en,#phoneshop,#phoneshop,#phoneshop,#phoneshop,False,True,True,both_TN
en,#portland,#portland,#portland,#portland,False,True,True,both_TN
en,#praise,#praise,#praise,#praise,False,True,True,both_TN
en,#prayfortheo,#prayfortheo,#prayfortheo,#prayfortheo,False,True,True,both_TN
en,#quotes,#quotes,#quotes,#quotes,False,True,True,both_TN
en,#real,#real,#real,#real,False,True,True,both_TN
en,#realist,#realist,#realist,#realist,False,True,True,both_TN
en,#renaissancecity,#renaissancecity,#renaissancecity,#renaissancecity,False,True,True,both_TN
en,#rg14,#rg14,#rg14,#rg14,False,True,True,both_TN
en,#sgod,#sgod,#sgod,#sgod,False,True,True,both_TN
en,#sitonmydick,#sitonmydick,#sitonmydick,#sitonmydick,False,True,True,both_TN
en,#skysports,#skysports,#skysports,#skysports,False,True,True,both_TN
en,#smallworld,#smallworld,#smallworld,#smallworld,False,True,True,both_TN
en,#sogoodallaround,#sogoodallaround,#sogoodallaround,#sogoodallaround,False,True,True,both_TN
en,#song,#song,#song,#song,False,True,True,both_TN
en,#spurs,#spurs,#spurs,#spurs,False,True,True,both_TN
en,#swagg,#swagg,#swagg,#swagg,False,True,True,both_TN
en,#swagger,#swagger,#swagger,#swagger,False,True,True,both_TN
en,#teamdunny,#teamdunny,#teamdunny,#teamdunny,False,True,True,both_TN
en,#testibagayashop,#testibagayashop,#testibagayashop,#testibagayashop,False,True,True,both_TN
en,#thfc,#thfc,#thfc,#thfc,False,True,True,both_TN
en,#thunder,#thunder,#thunder,#thunder,False,True,True,both_TN
en,#tsunamihitsfaisalabad,#tsunamihitsfaisalabad,#tsunamihitsfaisalabad,#tsunamihitsfaisalabad,False,True,True,both_TN
en,#tv3news,#tv3news,#tv3news,#tv3news,False,True,True,both_TN
en,#watfordfc,#watfordfc,#watfordfc,#watfordfc,False,True,True,both_TN
en,#weloveyougreg,#weloveyougreg,#weloveyougreg,#weloveyougreg,False,True,True,both_TN
en,#wmaonedirection,#wmaonedirection,#wmaonedirection,#wmaonedirection,False,True,True,both_TN
en,#wmashakira,#wmashakira,#wmashakira,#wmashakira,False,True,True,both_TN
en,#wwatour1dfamily,#wwatour1dfamily,#wwatour1dfamily,#wwatour1dfamily,False,True,True,both_TN
en,#yelp,#yelp,#yelp,#yelp,False,True,True,both_TN
en,#youdiditniall,#youdiditniall,#youdiditniall,#youdiditniall,False,True,True,both_TN
en,#zouisblazedupfollowparty,#zouisblazedupfollowparty,#zouisblazedupfollowparty,#zouisblazedupfollowparty,False,True,True,both_TN
en,#zouispassmethatblunt,#zouispassmethatblunt,#zouispassmethatblunt,#zouispassmethatblunt,False,True,True,both_TN
en,#zouispasstheblunt,#zouispasstheblunt,#zouispasstheblunt,#zouispasstheblunt,False,True,True,both_TN
en,$9.50,$9.50,$9.50,$9.50,False,True,True,both_TN
de,%,%,%,%,False,True,True,both_TN
de,%Link,%Link,%Link,%Link,False,True,True,both_TN
de,%NegSmiley,%NegSmiley,%NegSmiley,%NegSmiley,False,True,True,both_TN
de,%NegSmileyen,%NegSmileyen,%NegSmileyen,%NegSmileyen,False,True,True,both_TN
de,%PosSmiley,%PosSmiley,%PosSmiley,%PosSmiley,False,True,True,both_TN
de,%PosSmiley1,%PosSmiley1,%PosSmiley1,%PosSmiley1,False,True,True,both_TN
de,%Smiley,%Smiley,%Smiley,%Smiley,False,True,True,both_TN
en,&,&,&,&,False,True,True,both_TN
de,&gt;,&gt;,&gt;,&gt;,False,True,True,both_TN
de,&gt;&lt;,&gt;&lt;,&gt;&lt;,&gt;&lt;,False,True,True,both_TN
de,&gt;.&lt;,&gt;.&lt;,&gt;.&lt;,&gt;.&lt;,False,True,True,both_TN
de,&lt;,&lt;,&lt;,&lt;,False,True,True,both_TN
en,',',',',False,True,True,both_TN
de,'m,dem,em,'m,True,False,False,both_wrong
de,'s,es,es,sh,True,True,False,A_only_correct
ja,(,(,(,(,False,True,True,both_TN
en,((,((,((,((,False,True,True,both_TN
en,(@,(@,(@,(@,False,True,True,both_TN
ja,(？),(？)。,(？),(？),True,False,False,both_wrong
ja,),)。,),),True,False,False,both_wrong
ja,)(,)(,)(,)(,False,True,True,both_TN
en,)),)),)),)),False,True,True,both_TN
ja,)。,)。,)。,)。,False,True,True,both_TN
ja,)「,)「,)「,)「,False,True,True,both_TN
en,*,*,*,*,False,True,True,both_TN
en,**,**,**,**,False,True,True,both_TN
en,*_*,*_*,*_*,*_*,False,True,True,both_TN
de,*g*,*g*,*g*,*g*,False,True,True,both_TN
en,+,+,+,+,False,True,True,both_TN
de,++,++,++,++,False,True,True,both_TN
en,",",",",",",",",False,True,True,both_TN
en,",.",",.",",.",",.",False,True,True,both_TN
en,",..",",..",",..",",..",False,True,True,both_TN
en,",...",",...",",...",",...",False,True,True,both_TN
en,",?",",?",",?",",?",False,True,True,both_TN
en,-,-,-,-,False,True,True,both_TN
en,--,--,--,--,False,True,True,both_TN
en,-david,-david,-david,-david,False,True,True,both_TN
en,-just,-just,-just,-just,False,True,True,both_TN
en,-liam,-liam,-liam,-liam,False,True,True,both_TN
en,-ounce,-ounce,-ounce,-ounce,False,True,True,both_TN
en,-side,-side,-side,-side,False,True,True,both_TN
en,-via,-via,-via,-via,False,True,True,both_TN
en,-y-,-y-,-y-,-y-,False,True,True,both_TN
ja,.,.,.,.,False,True,True,both_TN
en,".,",".,",".,",".,",False,True,True,both_TN
en,..,..,..,..,False,True,True,both_TN
en,...,...,...,...,False,True,True,both_TN
en,....,....,....,....,False,True,True,both_TN
en,.....,.....,.....,.....,False,True,True,both_TN
en,......,......,......,......,False,True,True,both_TN
en,........,........,........,........,False,True,True,both_TN
de,...?,...?,...?,...?,False,True,True,both_TN
de,/,/,/,/,False,True,True,both_TN
en,/8,/8,/8,/8,False,True,True,both_TN
en,0,0,0,0,False,True,True,both_TN
en,0.0,0.0,0.0,0.0,False,True,True,both_TN
en,0.6,0.6,0.6,0.6,False,True,True,both_TN
en,0.8,0.8,0.8,0.8,False,True,True,both_TN
en,0.85,0.85,0.85,0.85,False,True,True,both_TN
de,01.12.2011,01.12.2011,01.12.2011,01.12.2011,False,True,True,both_TN
en,018,018,018,018,False,True,True,both_TN
en,01:00,01:00,01:00,01:00,False,True,True,both_TN
de,02.12.2011,02.12.2011,02.12.2011,02.12.2011,False,True,True,both_TN
de,026.,026.,026.,026.,False,True,True,both_TN
en,0527,0527,0527,0527,False,True,True,both_TN
en,1,1,1,1,False,True,True,both_TN
ko,1%,1%,1%,1%,False,True,True,both_TN
en,1-2,1-2,1-2,1-2,False,True,True,both_TN
de,1.,1.,1.,1.,False,True,True,both_TN
en,1.0.0.0,1.0.0.0,1.0.0.0,1.0.0.0,False,True,True,both_TN
ko,10,10,10,10,False,True,True,both_TN
ja,10%,10%,10%,10%,False,True,True,both_TN
en,10.4%,10.4%,10.4%,10.4%,False,True,True,both_TN
en,10.5,10.5,10.5,10.5,False,True,True,both_TN
ja,1000,1000,1000,1000,False,True,True,both_TN
en,1000follow,1000follow,1000follow,1000follow,False,True,True,both_TN
ja,100万人,100万人,100万人,100万人,False,True,True,both_TN
ja,100万円,100万円,100万円,100万円,False,True,True,both_TN
ja,100倍,100倍,100倍,100倍,False,True,True,both_TN
en,10:00,10:00,10:00,10:00,False,True,True,both_TN
en,10th,10th,10th,10th,False,True,True,both_TN
ja,10万円,10万円,10万円,10万円,False,True,True,both_TN
ko,10년,10년,10년,10년,False,True,True,both_TN
ko,10년전,10년전,10년전,10년전,False,True,True,both_TN
en,11,11,11,11,False,True,True,both_TN
en,11:30,11:30,11:30,11:30,False,True,True,both_TN
en,11:33:04,11:33:04,11:33:04,11:33:04,False,True,True,both_TN
en,11:45,11:45,11:45,11:45,False,True,True,both_TN
en,12,12,12,12,False,True,True,both_TN
en,125th,125th,125th,125th,False,True,True,both_TN
en,12704,12704,12704,12704,False,True,True,both_TN
de,12:15,12:15,12:15,12:15,False,True,True,both_TN
en,12:45,12:45,12:45,12:45,False,True,True,both_TN
ko,12살,12살,12살,12살,False,True,True,both_TN
en,13,13,13,13,False,True,True,both_TN
en,13-inch,13-inch,13-inch,13-inch,False,True,True,both_TN
en,13-year-old,13-year-old,13-year-old,13-year-old,False,True,True,both_TN
de,13:00,13:00,13:00,13:00,False,True,True,both_TN
ja,13年前,13年前,13年前,13年前,False,True,True,both_TN
en,14,14,14,14,False,True,True,both_TN
de,14.,14.,14.,14.,False,True,True,both_TN
en,14.2%,14.2%,14.2%,14.2%,False,True,True,both_TN
en,140518,140518,140518,140518,False,True,True,both_TN
en,140523,140523,140523,140523,False,True,True,both_TN
en,140524,140524,140524,140524,False,True,True,both_TN
en,140525,140525,140525,140525,False,True,True,both_TN
en,140526,140526,140526,140526,False,True,True,both_TN
en,140528,140528,140528,140528,False,True,True,both_TN
en,140529,140529,140529,140529,False,True,True,both_TN
en,1405603,1405603,1405603,1405603,False,True,True,both_TN
en,14th,14th,14th,14th,False,True,True,both_TN
ko,15,15,15,15,False,True,True,both_TN
en,15-9,15-9,15-9,15-9,False,True,True,both_TN
en,15-day,15-day,15-day,15-day,False,True,True,both_TN
de,15.15,15.15,15.15,15.15,False,True,True,both_TN
en,16,16,16,16,False,True,True,both_TN
de,16.9,16.9,16.9,16.9,False,True,True,both_TN
ja,160円,160円,160円,160円,False,True,True,both_TN
de,170,170,170,170,False,True,True,both_TN
en,1797,1797,1797,1797,False,True,True,both_TN
en,18,18,18,18,False,True,True,both_TN
de,18:11,18:11,18:11,18:11,False,True,True,both_TN
en,18dn,18dn,18dn,18dn,False,True,True,both_TN
ko,1950년대임,1950년대임,1950년대임,1950년대임,False,True,True,both_TN
en,1996,1996,1996,1996,False,True,True,both_TN
ko,19세기,19세기,19세기,19세기,False,True,True,both_TN
de,1:1,1:1,1:1,1:1,False,True,True,both_TN
de,1:25.074,1:25.074,1:25.074,1:25.074,False,True,True,both_TN
de,1DonGermanTVtoday,1DonGermanTVtoday,1DonGermanTVtoday,1DonGermanTVtoday,False,True,True,both_TN
en,1am,1am,1am,1am,False,True,True,both_TN
en,1d,1d,1d,1d,False,True,True,both_TN
en,1hunnit,1hunnit,1hunnit,1hunnit,False,True,True,both_TN
en,1st,1st,1st,1st,False,True,True,both_TN
de,1uhr,1 Uhr,1uhr,1uhr,True,False,False,both_wrong
en,1x,1x,1x,1x,False,True,True,both_TN
en,1xtra,1xtra,1xtra,1xtra,False,True,True,both_TN
ja,1人,1人,1人,1人,False,True,True,both_TN
ja,1億,1億,1億,1億,False,True,True,both_TN
ja,1日,1日,1日,1日,False,True,True,both_TN
ja,1本,1本,1本,1本,False,True,True,both_TN
ko,1만원,1만원,1만원,1만원,False,True,True,both_TN
ko,1톱임,1톱임,1톱임,1톱임,False,True,True,both_TN
ja,2,に,2,2,True,False,False,both_wrong
en,2-2,2-2,2-2,2-2,False,True,True,both_TN
de,2.,2.,2.,2.,False,True,True,both_TN
de,2.685,2.685,2.685,2.685,False,True,True,both_TN
en,20,20,20,20,False,True,True,both_TN
en,20.40,20.40,20.40,20.40,False,True,True,both_TN
en,20.6%,20.6%,20.6%,20.6%,False,True,True,both_TN
de,200,200,200,200,False,True,True,both_TN
en,200%,200%,200%,200%,False,True,True,both_TN
en,2000,2000,2000,2000,False,True,True,both_TN
de,2009,2009,2009,2009,False,True,True,both_TN
de,2011,2011,2011,2011,False,True,True,both_TN
en,2014,2014,2014,2014,False,True,True,both_TN
en,2014-05-26t,2014-05-26t,2014-05-26t,2014-05-26t,False,True,True,both_TN
en,2015,2015,2015,2015,False,True,True,both_TN
ko,2020,2020,2020,2020,False,True,True,both_TN
ko,2021,2021,2021,2021,False,True,True,both_TN
ko,2030,2030,2030,2030,False,True,True,both_TN
de,21,21,21,21,False,True,True,both_TN
en,21-16,21-16,21-16,21-16,False,True,True,both_TN
en,23.05.2014,23.05.2014,23.05.2014,23.05.2014,False,True,True,both_TN
en,24,24,24,24,False,True,True,both_TN
en,24/05/2014,24/05/2014,24/05/2014,24/05/2014,False,True,True,both_TN
en,25%,25%,25%,25%,False,True,True,both_TN
ja,25t,25t,25t,25t,False,True,True,both_TN
en,27-4-2014,27-4-2014,27-4-2014,27-4-2014,False,True,True,both_TN
en,270,270,270,270,False,True,True,both_TN
en,28,28,28,28,False,True,True,both_TN
en,28th,28th,28th,28th,False,True,True,both_TN
ko,29,29,29,29,False,True,True,both_TN
en,29/04/2014,29/04/2014,29/04/2014,29/04/2014,False,True,True,both_TN
en,29640,29640,29640,29640,False,True,True,both_TN
ja,29度,29度,29度,29度,False,True,True,both_TN
ko,2B로,2B로,2B로,2B로,False,True,True,both_TN
ko,2B이랑만,2B이랑만,2B이랑만,2B이랑만,False,True,True,both_TN
en,2a98eebc,2a98eebc,2a98eebc,2a98eebc,False,True,True,both_TN
en,2b806641,2b806641,2b806641,2b806641,False,True,True,both_TN
en,2days,2days,2days,2days,False,True,True,both_TN
en,2nd,2nd,2nd,2nd,False,True,True,both_TN
en,2ne1,2ne1,2ne1,2ne1,False,True,True,both_TN
de,2teiliges,2teiliges,2teiliges,2teiliges,False,True,True,both_TN
en,2yrs,2yrs,2yrs,2yrs,False,True,True,both_TN
ja,2ちゃん,2ちゃんねる,2ちゃん,2ちゃん,True,False,False,both_wrong
ja,2倍,2倍,2倍,2倍,False,True,True,both_TN
ja,2本,2本,2本,2本,False,True,True,both_TN
ja,2杯目,2杯目,2杯目,2杯目,False,True,True,both_TN
ja,2週間,2週間,2週間,2週間,False,True,True,both_TN
ko,2번째,2번째,2번째,2번째,False,True,True,both_TN
ko,3,3,3,3,False,True,True,both_TN
en,3-1,3-1,3-1,3-1,False,True,True,both_TN
en,30/1,30/1,30/1,30/1,False,True,True,both_TN
ja,3000,3000,3000,3000,False,True,True,both_TN
en,300rb,300rb,300rb,300rb,False,True,True,both_TN
de,3333,3333,3333,3333,False,True,True,both_TN
de,34,34,34,34,False,True,True,both_TN
de,350,350,350,350,False,True,True,both_TN
de,35:28,35:28,35:28,35:28,False,True,True,both_TN
en,370,370,370,370,False,True,True,both_TN
en,3h48m40s,3h48m40s,3h48m40s,3h48m40s,False,True,True,both_TN
en,3volution,3volution,3volution,3volution,False,True,True,both_TN
ja,3年,3年,3年,3年,False,True,True,both_TN
ja,3時間,3時間,3時間,3時間,False,True,True,both_TN
ko,3개,3개,3개,3개,False,True,True,both_TN
ko,3개월,3개월,3개월,3개월,False,True,True,both_TN
ko,3명,3명,3명,3명,False,True,True,both_TN
ko,4,4,4,4,False,True,True,both_TN
en,4-3-3,4-3-3,4-3-3,4-3-3,False,True,True,both_TN
en,4-4-2,4-4-2,4-4-2,4-4-2,False,True,True,both_TN
de,4.4,4.4,4.4,4.4,False,True,True,both_TN
de,40,40,40,40,False,True,True,both_TN
ko,4050,4050,4050,4050,False,True,True,both_TN
de,40h,40h,40h,40h,False,True,True,both_TN
en,452740,452740,452740,452740,False,True,True,both_TN
en,45rb,45rb,45rb,45rb,False,True,True,both_TN
en,4711,4711,4711,4711,False,True,True,both_TN
en,4888759250190336,4888759250190336,4888759250190336,4888759250190336,False,True,True,both_TN
en,492,492,492,492,False,True,True,both_TN
en,4g,4g,4g,4g,False,True,True,both_TN
en,4part,4part,4part,4part,False,True,True,both_TN
en,4th,4th,4th,4th,False,True,True,both_TN
ko,4년제,4년제,4년제,4년제,False,True,True,both_TN
en,5,5,5,5,False,True,True,both_TN
en,5/28-6/2,5/28-6/2,5/28-6/2,5/28-6/2,False,True,True,both_TN
en,5/28/14,5/28/14,5/28/14,5/28/14,False,True,True,both_TN
en,500,500,500,500,False,True,True,both_TN
ja,500位,500位,500位,500位,False,True,True,both_TN
en,50mm,50mm,50mm,50mm,False,True,True,both_TN
en,"51,387","51,387","51,387","51,387",False,True,True,both_TN
en,51434,51434,51434,51434,False,True,True,both_TN
en,55.3,55.3,55.3,55.3,False,True,True,both_TN
en,56.1,56.1,56.1,56.1,False,True,True,both_TN
en,5am,5am,5am,5am,False,True,True,both_TN
en,5hs,5hs,5hs,5hs,False,True,True,both_TN
en,5sos,5sos,5sos,5sos,False,True,True,both_TN
en,5th,5th,5th,5th,False,True,True,both_TN
ja,5倍,5倍,5倍,5倍,False,True,True,both_TN
ja,5日,5日,5日,5日,False,True,True,both_TN
ja,5月,5月,5月,5月,False,True,True,both_TN
en,6,6,6,6,False,True,True,both_TN
en,6%,6%,6%,6%,False,True,True,both_TN
en,60-1,60-1,60-1,60-1,False,True,True,both_TN
en,60w,60w,60w,60w,False,True,True,both_TN
de,61,61,61,61,False,True,True,both_TN
en,6121,6121,6121,6121,False,True,True,both_TN
en,62%,62%,62%,62%,False,True,True,both_TN
ja,62日,62日,62日,62日,False,True,True,both_TN
en,630,630,630,630,False,True,True,both_TN
ko,64년생,64년생,64년생,64년생,False,True,True,both_TN
en,67,67,67,67,False,True,True,both_TN
de,67.,67.,67.,67.,False,True,True,both_TN
en,68.9,68.9,68.9,68.9,False,True,True,both_TN
de,6x,6x,6x,6x,False,True,True,both_TN
ja,6月,6月,6月,6月,False,True,True,both_TN
en,7,7,7,7,False,True,True,both_TN
en,7520,7520,7520,7520,False,True,True,both_TN
en,7cec2ffe,7cec2ffe,7cec2ffe,7cec2ffe,False,True,True,both_TN
ja,7年,7年,7年,7年,False,True,True,both_TN
en,8,8,8,8,False,True,True,both_TN
en,80%,80%,80%,80%,False,True,True,both_TN
de,8000,8000,8000,8000,False,True,True,both_TN
de,80h,80h,80h,80h,False,True,True,both_TN
en,80rb,80rb,80rb,80rb,False,True,True,both_TN
ko,80대,80대,80대,80대,False,True,True,both_TN
en,82,82,82,82,False,True,True,both_TN
en,845,845,845,845,False,True,True,both_TN
de,8t,8t,8t,8t,False,True,True,both_TN
en,8x10,8x10,8x10,8x10,False,True,True,both_TN
ja,8時,8時,8時,8時,False,True,True,both_TN
en,9,9,9,9,False,True,True,both_TN
en,9.3%,9.3%,9.3%,9.3%,False,True,True,both_TN
en,924,924,924,924,False,True,True,both_TN
de,925,925,925,925,False,True,True,both_TN
en,95,95,95,95,False,True,True,both_TN
de,96,96,96,96,False,True,True,both_TN
en,9am,9am,9am,9am,False,True,True,both_TN
en,:,:,:,:,False,True,True,both_TN
de,:'D,:'D,:'D,:'D,False,True,True,both_TN
en,:(,:(,:(,:(,False,True,True,both_TN
en,:),:),:),:),False,True,True,both_TN
de,:)),:)),:)),:)),False,True,True,both_TN
en,:-p,:-p,:-p,:-p,False,True,True,both_TN
en,::,::,::,::,False,True,True,both_TN
de,:D,:D,:D,:D,False,True,True,both_TN
en,:d,:d,:d,:d,False,True,True,both_TN
en,:p,:p,:p,:p,False,True,True,both_TN
en,:v,:v,:v,:v,False,True,True,both_TN
en,:|,:|,:|,:|,False,True,True,both_TN
en,;,;,;,;,False,True,True,both_TN
en,;),;),;),;),False,True,True,both_TN
en,;)),;)),;)),;)),False,True,True,both_TN
de,;-),;-),;-),;-),False,True,True,both_TN
en,;;,;;,;;,;;,False,True,True,both_TN
en,<,<,<,<,False,True,True,both_TN
en,<3,<3,<3,<3,False,True,True,both_TN
ja,=,=,=,=,False,True,True,both_TN
en,>,>,>,>,False,True,True,both_TN
en,?,?,?,?,False,True,True,both_TN
en,?!,?!,?!,?!,False,True,True,both_TN
en,??,??,??,??,False,True,True,both_TN
en,???,???,???,???,False,True,True,both_TN
en,??????,??????,??????,??????,False,True,True,both_TN
en,@1dfamlly,@1dfamlly,@1dfamlly,@1dfamlly,False,True,True,both_TN
en,@1dupdatebra,@1dupdatebra,@1dupdatebra,@1dupdatebra,False,True,True,both_TN
en,@230cutie,@230cutie,@230cutie,@230cutie,False,True,True,both_TN
en,@24_linn,@24_linn,@24_linn,@24_linn,False,True,True,both_TN
en,@30th_geminibaby,@30th_geminibaby,@30th_geminibaby,@30th_geminibaby,False,True,True,both_TN
de,@YouTube,@YouTube,@YouTube,@YouTube,False,True,True,both_TN
en,@____vasquez,@____vasquez,@____vasquez,@____vasquez,False,True,True,both_TN
en,@___winning__,@___winning__,@___winning__,@___winning__,False,True,True,both_TN
en,@__nylagrace,@__nylagrace,@__nylagrace,@__nylagrace,False,True,True,both_TN
en,@_aliwatson,@_aliwatson,@_aliwatson,@_aliwatson,False,True,True,both_TN
en,@_amariw,@_amariw,@_amariw,@_amariw,False,True,True,both_TN
en,@_annetteeeb,@_annetteeeb,@_annetteeeb,@_annetteeeb,False,True,True,both_TN
en,@_astrayed,@_astrayed,@_astrayed,@_astrayed,False,True,True,both_TN
en,@_celebrt,@_celebrt,@_celebrt,@_celebrt,False,True,True,both_TN
en,@_czarinaaa,@_czarinaaa,@_czarinaaa,@_czarinaaa,False,True,True,both_TN
en,@_fameca,@_fameca,@_fameca,@_fameca,False,True,True,both_TN
en,@_iam_nobody,@_iam_nobody,@_iam_nobody,@_iam_nobody,False,True,True,both_TN
en,@_khusna,@_khusna,@_khusna,@_khusna,False,True,True,both_TN
en,@_queenc1,@_queenc1,@_queenc1,@_queenc1,False,True,True,both_TN
en,@_rachelceline,@_rachelceline,@_rachelceline,@_rachelceline,False,True,True,both_TN
en,@_sellz,@_sellz,@_sellz,@_sellz,False,True,True,both_TN
en,@_steadygrinding,@_steadygrinding,@_steadygrinding,@_steadygrinding,False,True,True,both_TN
en,@aalishaalisha,@aalishaalisha,@aalishaalisha,@aalishaalisha,False,True,True,both_TN
en,@abee_ccc,@abee_ccc,@abee_ccc,@abee_ccc,False,True,True,both_TN
en,@acommonfemaie,@acommonfemaie,@acommonfemaie,@acommonfemaie,False,True,True,both_TN
en,@aggroampharos,@aggroampharos,@aggroampharos,@aggroampharos,False,True,True,both_TN
en,@aggy___,@aggy___,@aggy___,@aggy___,False,True,True,both_TN
en,@agoffsodmg,@agoffsodmg,@agoffsodmg,@agoffsodmg,False,True,True,both_TN
en,@ahlade,@ahlade,@ahlade,@ahlade,False,True,True,both_TN
en,@ahmad_alrefai,@ahmad_alrefai,@ahmad_alrefai,@ahmad_alrefai,False,True,True,both_TN
en,@ajology,@ajology,@ajology,@ajology,False,True,True,both_TN
en,@akashsonizee,@akashsonizee,@akashsonizee,@akashsonizee,False,True,True,both_TN
en,@alexlola16,@alexlola16,@alexlola16,@alexlola16,False,True,True,both_TN
en,@alexxthethird,@alexxthethird,@alexxthethird,@alexxthethird,False,True,True,both_TN
en,@alfonsesadallah,@alfonsesadallah,@alfonsesadallah,@alfonsesadallah,False,True,True,both_TN
en,@alicia___nm,@alicia___nm,@alicia___nm,@alicia___nm,False,True,True,both_TN
en,@all_in_updates,@all_in_updates,@all_in_updates,@all_in_updates,False,True,True,both_TN
en,@allfootballlive,@allfootballlive,@allfootballlive,@allfootballlive,False,True,True,both_TN
en,@alvin_eeq,@alvin_eeq,@alvin_eeq,@alvin_eeq,False,True,True,both_TN
en,@alyssaturnz,@alyssaturnz,@alyssaturnz,@alyssaturnz,False,True,True,both_TN
en,@amirulasyraf___,@amirulasyraf___,@amirulasyraf___,@amirulasyraf___,False,True,True,both_TN
en,@amnediel,@amnediel,@amnediel,@amnediel,False,True,True,both_TN
en,@andeandes,@andeandes,@andeandes,@andeandes,False,True,True,both_TN
en,@andegorov,@andegorov,@andegorov,@andegorov,False,True,True,both_TN
en,@andrew_hooooper,@andrew_hooooper,@andrew_hooooper,@andrew_hoooooper,False,True,False,B_new_FP
en,@angtinb,@angtinb,@angtinb,@angtinb,False,True,True,both_TN
en,@anmolzankar79,@anmolzankar79,@anmolzankar79,@anmolzankar79,False,True,True,both_TN
en,@anniebaabee,@anniebaabee,@anniebaabee,@anniebaabee,False,True,True,both_TN
en,@antioppars,@antioppars,@antioppars,@antioppars,False,True,True,both_TN
en,@aracelijasmine_,@aracelijasmine_,@aracelijasmine_,@aracelijasmine_,False,True,True,both_TN
en,@arisbrickler11,@arisbrickler11,@arisbrickler11,@arisbrickler11,False,True,True,both_TN
en,@asadcheema_,@asadcheema_,@asadcheema_,@asadcheema_,False,True,True,both_TN
en,@asco,@asco,@asco,@asco,False,True,True,both_TN
en,@ashanti,@ashanti,@ashanti,@ashanti,False,True,True,both_TN
en,@ashreymikhail,@ashreymikhail,@ashreymikhail,@ashreymikhail,False,True,True,both_TN
en,@ashton5sos,@ashton5sos,@ashton5sos,@ashton5sos,False,True,True,both_TN
en,@askforgardenia,@askforgardenia,@askforgardenia,@askforgardenia,False,True,True,both_TN
en,@asleee69,@asleee69,@asleee69,@asleee69,False,True,True,both_TN
en,@atm_garislunak,@atm_garislunak,@atm_garislunak,@atm_garislunak,False,True,True,both_TN
en,@atm_id,@atm_id,@atm_id,@atm_id,False,True,True,both_TN
en,@auliaahn_,@auliaahn_,@auliaahn_,@auliaahn_,False,True,True,both_TN
en,@aurak4s1h,@aurak4s1h,@aurak4s1h,@aurak4s1h,False,True,True,both_TN
en,@ayolodae,@ayolodae,@ayolodae,@ayolodae,False,True,True,both_TN
en,@b_tinnell1103,@b_tinnell1103,@b_tinnell1103,@b_tinnell1103,False,True,True,both_TN
en,@bandsvibes,@bandsvibes,@bandsvibes,@bandsvibes,False,True,True,both_TN
en,@basscampfest,@basscampfest,@basscampfest,@basscampfest,False,True,True,both_TN
en,@bbc5live,@bbc5live,@bbc5live,@bbc5live,False,True,True,both_TN
en,@bbcsporf,@bbcsporf,@bbcsporf,@bbcsporf,False,True,True,both_TN
en,@bbcsport,@bbcsport,@bbcsport,@bbcsport,False,True,True,both_TN
en,@beasiswaindo,@beasiswaindo,@beasiswaindo,@beasiswaindo,False,True,True,both_TN
en,@beautifulloser8,@beautifulloser8,@beautifulloser8,@beautifulloser8,False,True,True,both_TN
en,@beccagords,@beccagords,@beccagords,@beccagords,False,True,True,both_TN
en,@bkcarter,@bkcarter,@bkcarter,@bkcarter,False,True,True,both_TN
en,@blakemoran_,@blakemoran_,@blakemoran_,@blakemoran_,False,True,True,both_TN
en,@blenchii,@blenchii,@blenchii,@blenchii,False,True,True,both_TN
en,@bonkerstbh,@bonkerstbh,@bonkerstbh,@bonkerstbh,False,True,True,both_TN
en,@bouauon16rita,@bouauon16rita,@bouauon16rita,@bouauon16rita,False,True,True,both_TN
en,@bren_bitchass,@bren_bitchass,@bren_bitchass,@bren_bitchass,False,True,True,both_TN
en,@brittpescatore,@brittpescatore,@brittpescatore,@brittpescatore,False,True,True,both_TN
en,@brooksbeau,@brooksbeau,@brooksbeau,@brooksbeau,False,True,True,both_TN
en,@btsxnamja,@btsxnamja,@btsxnamja,@btsxnamja,False,True,True,both_TN
en,@byunbaeek06,@byunbaeek06,@byunbaeek06,@byunbaeek06,False,True,True,both_TN
en,@byxns,@byxns,@byxns,@byxns,False,True,True,both_TN
en,@cabrerayhan,@cabrerayhan,@cabrerayhan,@cabrerayhan,False,True,True,both_TN
en,@calum5sos,@calum5sos,@calum5sos,@calum5sos,False,True,True,both_TN
en,@calvinharris,@calvinharris,@calvinharris,@calvinharris,False,True,True,both_TN
en,@camilacabello97,@camilacabello97,@camilacabello97,@camilacabello97,False,True,True,both_TN
en,@casy_21,@casy_21,@casy_21,@casy_21,False,True,True,both_TN
en,@cdutra5,@cdutra5,@cdutra5,@cdutra5,False,True,True,both_TN
en,@celinecullen,@celinecullen,@celinecullen,@celinecullen,False,True,True,both_TN
en,@cg_diablo,@cg_diablo,@cg_diablo,@cg_diablo,False,True,True,both_TN
en,@chaos,@chaos,@chaos,@chaos,False,True,True,both_TN
en,@chaskaborek,@chaskaborek,@chaskaborek,@chaskaborek,False,True,True,both_TN
en,@chenbaekhun,@chenbaekhun,@chenbaekhun,@chenbaekhun,False,True,True,both_TN
en,@chennaiipl,@chennaiipl,@chennaiipl,@chennaiipl,False,True,True,both_TN
en,@chlldhoodruiner,@chlldhoodruiner,@chlldhoodruiner,@chlldhoodruiner,False,True,True,both_TN
en,@choiaffley,@choiaffley,@choiaffley,@choiaffley,False,True,True,both_TN
en,@chris_kammy,@chris_kammy,@chris_kammy,@chris_kammy,False,True,True,both_TN
en,@chrisstaranto,@chrisstaranto,@chrisstaranto,@chrisstaranto,False,True,True,both_TN
en,@christianpeirce,@christianpeirce,@christianpeirce,@christianpeirce,False,True,True,both_TN
en,@comedyortruth,@comedyortruth,@comedyortruth,@comedyortruth,False,True,True,both_TN
en,@comedytruth,@comedytruth,@comedytruth,@comedytruth,False,True,True,both_TN
en,@cookieeek,@cookieeek,@cookieeek,@cookieeek,False,True,True,both_TN
en,@cossymalinga,@cossymalinga,@cossymalinga,@cossymalinga,False,True,True,both_TN
en,@crazyguys32,@crazyguys32,@crazyguys32,@crazyguys32,False,True,True,both_TN
en,@crzy_pc_fangirl,@crzy_pc_fangirl,@crzy_pc_fangirl,@crzy_pc_fangirl,False,True,True,both_TN
en,@cupidstal,@cupidstal,@cupidstal,@cupidstal,False,True,True,both_TN
en,@curly_loubear,@curly_loubear,@curly_loubear,@curly_loubear,False,True,True,both_TN
en,@curlyboyplease,@curlyboyplease,@curlyboyplease,@curlyboyplease,False,True,True,both_TN
en,@curlygirly262,@curlygirly262,@curlygirly262,@curlygirly262,False,True,True,both_TN
en,@dancing2kpop,@dancing2kpop,@dancing2kpop,@dancing2kpop,False,True,True,both_TN
en,@dav07855,@dav07855,@dav07855,@dav07855,False,True,True,both_TN
en,@davidegooner,@davidegooner,@davidegooner,@davidegooner,False,True,True,both_TN
en,@davidjmartinez3,@davidjmartinez3,@davidjmartinez3,@davidjmartinez3,False,True,True,both_TN
en,@davidntcpride,@davidntcpride,@davidntcpride,@davidntcpride,False,True,True,both_TN
en,@deadlinedaylive,@deadlinedaylive,@deadlinedaylive,@deadlinedaylive,False,True,True,both_TN
en,@dedyharefa,@dedyharefa,@dedyharefa,@dedyharefa,False,True,True,both_TN
en,@deedeespeaks,@deedeespeaks,@deedeespeaks,@deedeespeaks,False,True,True,both_TN
en,@demberel_s,@demberel_s,@demberel_s,@demberel_s,False,True,True,both_TN
en,@dhiane_zg,@dhiane_zg,@dhiane_zg,@dhiane_zg,False,True,True,both_TN
en,@doktorg,@doktorg,@doktorg,@doktorg,False,True,True,both_TN
en,@dreeeaa,@dreeeaa,@dreeeaa,@dreeeaa,False,True,True,both_TN
en,@dunny_gage716,@dunny_gage716,@dunny_gage716,@dunny_gage716,False,True,True,both_TN
en,@eatmycake3,@eatmycake3,@eatmycake3,@eatmycake3,False,True,True,both_TN
en,@eatthisnotthat,@eatthisnotthat,@eatthisnotthat,@eatthisnotthat,False,True,True,both_TN
en,@efsonenoch,@efsonenoch,@efsonenoch,@efsonenoch,False,True,True,both_TN
en,@eksoplanet,@eksoplanet,@eksoplanet,@eksoplanet,False,True,True,both_TN
en,@el_dinand27,@el_dinand27,@el_dinand27,@el_dinand27,False,True,True,both_TN
en,@electionista,@electionista,@electionista,@electionista,False,True,True,both_TN
en,@epiomey,@epiomey,@epiomey,@epiomey,False,True,True,both_TN
en,@erdenebatts,@erdenebatts,@erdenebatts,@erdenebatts,False,True,True,both_TN
en,@ericpostus,@ericpostus,@ericpostus,@ericpostus,False,True,True,both_TN
en,@espnstatsinfo,@espnstatsinfo,@espnstatsinfo,@espnstatsinfo,False,True,True,both_TN
en,@eu_tb,@eu_tb,@eu_tb,@eu_tb,False,True,True,both_TN
en,@evalongoria,@evalongoria,@evalongoria,@evalongoria,False,True,True,both_TN
en,@evestevejenko,@evestevejenko,@evestevejenko,@evestevejenko,False,True,True,both_TN
en,@exo_baekhyun06,@exo_baekhyun06,@exo_baekhyun06,@exo_baekhyun06,False,True,True,both_TN
en,@exofanbase,@exofanbase,@exofanbase,@exofanbase,False,True,True,both_TN
en,@exoffical_,@exoffical_,@exoffical_,@exoffical_,False,True,True,both_TN
en,@exoindonesia,@exoindonesia,@exoindonesia,@exoindonesia,False,True,True,both_TN
en,@exokkkai,@exokkkai,@exokkkai,@exokkkai,False,True,True,both_TN
en,@exoseoul,@exoseoul,@exoseoul,@exoseoul,False,True,True,both_TN
en,@famoushollybay,@famoushollybay,@famoushollybay,@famoushollybay,False,True,True,both_TN
en,@fanclubpriyanka,@fanclubpriyanka,@fanclubpriyanka,@fanclubpriyanka,False,True,True,both_TN
en,@fansofjusbieber,@fansofjusbieber,@fansofjusbieber,@fansofjusbieber,False,True,True,both_TN
en,@fateemabgt20,@fateemabgt20,@fateemabgt20,@fateemabgt20,False,True,True,both_TN
en,@ferrydwiiee,@ferrydwiiee,@ferrydwiiee,@ferrydwiiee,False,True,True,both_TN
en,@fgw,@fgw,@fgw,@fgw,False,True,True,both_TN
en,@fixgurls,@fixgurls,@fixgurls,@fixgurls,False,True,True,both_TN
en,@flamingfucks,@flamingfucks,@flamingfucks,@flamingfucks,False,True,True,both_TN
en,@freelunchbob,@freelunchbob,@freelunchbob,@freelunchbob,False,True,True,both_TN
en,@funnypicsdepot,@funnypicsdepot,@funnypicsdepot,@funnypicsdepot,False,True,True,both_TN
en,@furtive_glances,@furtive_glances,@furtive_glances,@furtive_glances,False,True,True,both_TN
en,@gapeach_est1083,@gapeach_est1083,@gapeach_est1083,@gapeach_est1083,False,True,True,both_TN
en,@gg_world1,@gg_world1,@gg_world1,@gg_world1,False,True,True,both_TN
en,@ggtaeyer,@ggtaeyer,@ggtaeyer,@ggtaeyer,False,True,True,both_TN
en,@gladgrande,@gladgrande,@gladgrande,@gladgrande,False,True,True,both_TN
en,@gladonce,@gladonce,@gladonce,@gladonce,False,True,True,both_TN
en,@glo_riah,@glo_riah,@glo_riah,@glo_riah,False,True,True,both_TN
en,@go0se_,@go0se_,@go0se_,@go0se_,False,True,True,both_TN
en,@gotti_riq,@gotti_riq,@gotti_riq,@gotti_riq,False,True,True,both_TN
en,@gscinemas,@gscinemas,@gscinemas,@gscinemas,False,True,True,both_TN
en,@guardianstyle,@guardianstyle,@guardianstyle,@guardianstyle,False,True,True,both_TN
en,@gugaxd,@gugaxd,@gugaxd,@gugaxd,False,True,True,both_TN
en,@habschick66,@habschick66,@habschick66,@habschick66,False,True,True,both_TN
en,@hannah_downey19,@hannah_downey19,@hannah_downey19,@hannah_downey19,False,True,True,both_TN
en,@hannahkrams,@hannahkrams,@hannahkrams,@hannahkrams,False,True,True,both_TN
en,@happyeols,@happyeols,@happyeols,@happyeols,False,True,True,both_TN
en,@harleyhorcrux,@harleyhorcrux,@harleyhorcrux,@harleyhorcrux,False,True,True,both_TN
en,@haroobomkum,@haroobomkum,@haroobomkum,@haroobomkum,False,True,True,both_TN
en,@harry_styles,@harry_styles,@harry_styles,@harry_styles,False,True,True,both_TN
en,@hazelnewts,@hazelnewts,@hazelnewts,@hazelnewts,False,True,True,both_TN
en,@heather79xx,@heather79xx,@heather79xx,@heather79xx,False,True,True,both_TN
en,@helobay,@helobay,@helobay,@helobay,False,True,True,both_TN
en,@hemmoftniam,@hemmoftniam,@hemmoftniam,@hemmoftniam,False,True,True,both_TN
en,@hemmomehappy,@hemmomehappy,@hemmomehappy,@hemmomehappy,False,True,True,both_TN
en,@hewillbeherlast,@hewillbeherlast,@hewillbeherlast,@hewillbeherlast,False,True,True,both_TN
en,@high_oninfinity,@high_oninfinity,@high_oninfinity,@high_oninfinity,False,True,True,both_TN
en,@hipployta,@hipployta,@hipployta,@hipployta,False,True,True,both_TN
en,@hollybruntonx,@hollybruntonx,@hollybruntonx,@hollybruntonx,False,True,True,both_TN
en,@hollyv_12,@hollyv_12,@hollyv_12,@hollyv_12,False,True,True,both_TN
en,@honeylo_mein,@honeylo_mein,@honeylo_mein,@honeylo_mein,False,True,True,both_TN
en,@hoodjesusyo,@hoodjesusyo,@hoodjesusyo,@hoodjesusyo,False,True,True,both_TN
en,@horryputtor,@horryputtor,@horryputtor,@horryputtor,False,True,True,both_TN
en,@hugh_wragg,@hugh_wragg,@hugh_wragg,@hugh_wragg,False,True,True,both_TN
en,@hyuncho88,@hyuncho88,@hyuncho88,@hyuncho88,False,True,True,both_TN
en,@iamfionaaa,@iamfionaaa,@iamfionaaa,@iamfionaaa,False,True,True,both_TN
en,@ianblurton,@ianblurton,@ianblurton,@ianblurton,False,True,True,both_TN
en,@ihb6,@ihb6,@ihb6,@ihb6,False,True,True,both_TN
en,@im_vir95,@im_vir95,@im_vir95,@im_vir95,False,True,True,both_TN
en,@imniallsmichael,@imniallsmichael,@imniallsmichael,@imniallsmichael,False,True,True,both_TN
en,@inchesentapp,@inchesentapp,@inchesentapp,@inchesentapp,False,True,True,both_TN
en,@indigorabb,@indigorabb,@indigorabb,@indigorabb,False,True,True,both_TN
en,@inukaisuke,@inukaisuke,@inukaisuke,@inukaisuke,False,True,True,both_TN
en,@isyrq,@isyrq,@isyrq,@isyrq,False,True,True,both_TN
en,@itshysterie,@itshysterie,@itshysterie,@itshysterie,False,True,True,both_TN
en,@itsohsodemi,@itsohsodemi,@itsohsodemi,@itsohsodemi,False,True,True,both_TN
en,@itsretroralph,@itsretroralph,@itsretroralph,@itsretroralph,False,True,True,both_TN
en,@izsyamim,@izsyamim,@izsyamim,@izsyamim,False,True,True,both_TN
en,@jac_accomando,@jac_accomando,@jac_accomando,@jac_accomando,False,True,True,both_TN
en,@jackobws,@jackobws,@jackobws,@jackobws,False,True,True,both_TN
en,@jacobwhitesides,@jacobwhitesides,@jacobwhitesides,@jacobwhitesides,False,True,True,both_TN
en,@jakcloth,@jakcloth,@jakcloth,@jakcloth,False,True,True,both_TN
en,@jake_macneil3,@jake_macneil3,@jake_macneil3,@jake_macneil3,False,True,True,both_TN
en,@jaquariahs,@jaquariahs,@jaquariahs,@jaquariahs,False,True,True,both_TN
en,@jayronne_xd,@jayronne_xd,@jayronne_xd,@jayronne_xd,False,True,True,both_TN
en,@jbeavrrs,@jbeavrrs,@jbeavrrs,@jbeavrrs,False,True,True,both_TN
en,@jbuck1306,@jbuck1306,@jbuck1306,@jbuck1306,False,True,True,both_TN
en,@jen_royle,@jen_royle,@jen_royle,@jen_royle,False,True,True,both_TN
en,@jhemiijam,@jhemiijam,@jhemiijam,@jhemiijam,False,True,True,both_TN
en,@jlambert96,@jlambert96,@jlambert96,@jlambert96,False,True,True,both_TN
en,@joehowe08,@joehowe08,@joehowe08,@joehowe08,False,True,True,both_TN
en,@joeyzdark47,@joeyzdark47,@joeyzdark47,@joeyzdark47,False,True,True,both_TN
en,@johnloooup,@johnloooup,@johnloooup,@johnloooooup,False,True,False,B_new_FP
en,@johnmasso77,@johnmasso77,@johnmasso77,@johnmasso77,False,True,True,both_TN
en,@jokesatibapa,@jokesatibapa,@jokesatibapa,@jokesatibapa,False,True,True,both_TN
en,@jonqhyeon,@jonqhyeon,@jonqhyeon,@jonqhyeon,False,True,True,both_TN
en,@jorgearangure,@jorgearangure,@jorgearangure,@jorgearangure,False,True,True,both_TN
en,@jtcongleton,@jtcongleton,@jtcongleton,@jtcongleton,False,True,True,both_TN
en,@jumpseatviews,@jumpseatviews,@jumpseatviews,@jumpseatviews,False,True,True,both_TN
en,@justinbieber,@justinbieber,@justinbieber,@justinbieber,False,True,True,both_TN
en,@justinftshots_,@justinftshots_,@justinftshots_,@justinftshots_,False,True,True,both_TN
en,@kawaiiglasses,@kawaiiglasses,@kawaiiglasses,@kawaiiglasses,False,True,True,both_TN
en,@keshiaoneil,@keshiaoneil,@keshiaoneil,@keshiaoneil,False,True,True,both_TN
en,@kimpoyfeliciano,@kimpoyfeliciano,@kimpoyfeliciano,@kimpoyfeliciano,False,True,True,both_TN
en,@kmcdonald19,@kmcdonald19,@kmcdonald19,@kmcdonald19,False,True,True,both_TN
en,@knockknock0408,@knockknock0408,@knockknock0408,@knockknock0408,False,True,True,both_TN
en,@kotakasablanka,@kotakasablanka,@kotakasablanka,@kotakasablanka,False,True,True,both_TN
en,@kpoppa_iu,@kpoppa_iu,@kpoppa_iu,@kpoppa_iu,False,True,True,both_TN
en,@krungy21,@krungy21,@krungy21,@krungy21,False,True,True,both_TN
en,@kyshunmorrise23,@kyshunmorrise23,@kyshunmorrise23,@kyshunmorrise23,False,True,True,both_TN
en,@kyugngsoo,@kyugngsoo,@kyugngsoo,@kyugngsoo,False,True,True,both_TN
en,@ladailynews,@ladailynews,@ladailynews,@ladailynews,False,True,True,both_TN
en,@larrydagem,@larrydagem,@larrydagem,@larrydagem,False,True,True,both_TN
en,@lastqueenjay__,@lastqueenjay__,@lastqueenjay__,@lastqueenjay__,False,True,True,both_TN
en,@laurenloserface,@laurenloserface,@laurenloserface,@laurenloserface,False,True,True,both_TN
en,@layixingworld,@layixingworld,@layixingworld,@layixingworld,False,True,True,both_TN
en,@lee_pweddy,@lee_pweddy,@lee_pweddy,@lee_pweddy,False,True,True,both_TN
en,@leely_m,@leely_m,@leely_m,@leely_m,False,True,True,both_TN
en,@leeraberry,@leeraberry,@leeraberry,@leeraberry,False,True,True,both_TN
en,@lensss_,@lensss_,@lensss_,@lensss_,False,True,True,both_TN
en,@lesbihonestx3,@lesbihonestx3,@lesbihonestx3,@lesbihonestx3,False,True,True,both_TN
en,@liamonaprayer,@liamonaprayer,@liamonaprayer,@liamonaprayer,False,True,True,both_TN
en,@littlemix_ig,@littlemix_ig,@littlemix_ig,@littlemix_ig,False,True,True,both_TN
en,@littopipirobert,@littopipirobert,@littopipirobert,@littopipirobert,False,True,True,both_TN
en,@locketmin0923,@locketmin0923,@locketmin0923,@locketmin0923,False,True,True,both_TN
en,@lohanthony,@lohanthony,@lohanthony,@lohanthony,False,True,True,both_TN
en,@lord_prospit,@lord_prospit,@lord_prospit,@lord_prospit,False,True,True,both_TN
en,@louandtea,@louandtea,@louandtea,@louandtea,False,True,True,both_TN
en,@louistomlintun,@louistomlintun,@louistomlintun,@louistomlintun,False,True,True,both_TN
en,@lovekaido,@lovekaido,@lovekaido,@lovekaido,False,True,True,both_TN
en,@lowkeyniya15,@lowkeyniya15,@lowkeyniya15,@lowkeyniya15,False,True,True,both_TN
en,@lrngltzn,@lrngltzn,@lrngltzn,@lrngltzn,False,True,True,both_TN
en,@luis34g,@luis34g,@luis34g,@luis34g,False,True,True,both_TN
en,@luke5sos,@luke5sos,@luke5sos,@luke5sos,False,True,True,both_TN
en,@maanavsingh11,@maanavsingh11,@maanavsingh11,@maanavsingh11,False,True,True,both_TN
en,@margaret_curran,@margaret_curran,@margaret_curran,@margaret_curran,False,True,True,both_TN
en,@marijuanasoldie,@marijuanasoldie,@marijuanasoldie,@marijuanasoldie,False,True,True,both_TN
en,@marzhabeltran,@marzhabeltran,@marzhabeltran,@marzhabeltran,False,True,True,both_TN
en,@mayorofdmv,@mayorofdmv,@mayorofdmv,@mayorofdmv,False,True,True,both_TN
en,@mcabee_clint,@mcabee_clint,@mcabee_clint,@mcabee_clint,False,True,True,both_TN
en,@mellentb,@mellentb,@mellentb,@mellentb,False,True,True,both_TN
en,@melly_belly23,@melly_belly23,@melly_belly23,@melly_belly23,False,True,True,both_TN
en,@mentionto,@mentionto,@mentionto,@mentionto,False,True,True,both_TN
en,@michmerc126,@michmerc126,@michmerc126,@michmerc126,False,True,True,both_TN
en,@mier4_,@mier4_,@mier4_,@mier4_,False,True,True,both_TN
en,@migosatl,@migosatl,@migosatl,@migosatl,False,True,True,both_TN
en,@mingkki21,@mingkki21,@mingkki21,@mingkki21,False,True,True,both_TN
en,@minyoonghei,@minyoonghei,@minyoonghei,@minyoonghei,False,True,True,both_TN
en,@misunderstudios,@misunderstudios,@misunderstudios,@misunderstudios,False,True,True,both_TN
en,@mizcous,@mizcous,@mizcous,@mizcous,False,True,True,both_TN
en,@mizdurie,@mizdurie,@mizdurie,@mizdurie,False,True,True,both_TN
en,@mjthegreatsd,@mjthegreatsd,@mjthegreatsd,@mjthegreatsd,False,True,True,both_TN
en,@mlgsina,@mlgsina,@mlgsina,@mlgsina,False,True,True,both_TN
en,@modomoshop,@modomoshop,@modomoshop,@modomoshop,False,True,True,both_TN
en,@mominabbas2000,@mominabbas2000,@mominabbas2000,@mominabbas2000,False,True,True,both_TN
en,@moonmom_,@moonmom_,@moonmom_,@moonmom_,False,True,True,both_TN
en,@movies_weekend,@movies_weekend,@movies_weekend,@movies_weekend,False,True,True,both_TN
en,@mrjamesmay,@mrjamesmay,@mrjamesmay,@mrjamesmay,False,True,True,both_TN
en,@msmurphy14,@msmurphy14,@msmurphy14,@msmurphy14,False,True,True,both_TN
en,@mye0ngs00,@mye0ngs00,@mye0ngs00,@mye0ngs00,False,True,True,both_TN
en,@mylescarter_35,@mylescarter_35,@mylescarter_35,@mylescarter_35,False,True,True,both_TN
en,@mytieyonce,@mytieyonce,@mytieyonce,@mytieyonce,False,True,True,both_TN
en,@n_pazl,@n_pazl,@n_pazl,@n_pazl,False,True,True,both_TN
en,@narendramodi,@narendramodi,@narendramodi,@narendramodi,False,True,True,both_TN
en,@narrymydream,@narrymydream,@narrymydream,@narrymydream,False,True,True,both_TN
en,@ndinani_,@ndinani_,@ndinani_,@ndinani_,False,True,True,both_TN
en,@networkrailpad,@networkrailpad,@networkrailpad,@networkrailpad,False,True,True,both_TN
en,@newyscruggs,@newyscruggs,@newyscruggs,@newyscruggs,False,True,True,both_TN
en,@nialler_mofo13,@nialler_mofo13,@nialler_mofo13,@nialler_mofo13,False,True,True,both_TN
en,@niallofficial,@niallofficial,@niallofficial,@niallofficial,False,True,True,both_TN
en,@njayamjnr,@njayamjnr,@njayamjnr,@njayamjnr,False,True,True,both_TN
en,@ntshepesonic_,@ntshepesonic_,@ntshepesonic_,@ntshepesonic_,False,True,True,both_TN
en,@nxrryash_,@nxrryash_,@nxrryash_,@nxrryash_,False,True,True,both_TN
en,@nyomi_alfaro,@nyomi_alfaro,@nyomi_alfaro,@nyomi_alfaro,False,True,True,both_TN
en,@nyrangers,@nyrangers,@nyrangers,@nyrangers,False,True,True,both_TN
en,@ohsoocharming,@ohsoocharming,@ohsoocharming,@ohsoocharming,False,True,True,both_TN
en,@over_dyose,@over_dyose,@over_dyose,@over_dyose,False,True,True,both_TN
en,@pacountrygirl3,@pacountrygirl3,@pacountrygirl3,@pacountrygirl3,False,True,True,both_TN
en,@paduahere,@paduahere,@paduahere,@paduahere,False,True,True,both_TN
en,@panktiacharya2,@panktiacharya2,@panktiacharya2,@panktiacharya2,False,True,True,both_TN
en,@pcfb,@pcfb,@pcfb,@pcfb,False,True,True,both_TN
en,@pebblesllj,@pebblesllj,@pebblesllj,@pebblesllj,False,True,True,both_TN
en,@pembrook_bitch,@pembrook_bitch,@pembrook_bitch,@pembrook_bitch,False,True,True,both_TN
en,@phe_justquen,@phe_justquen,@phe_justquen,@phe_justquen,False,True,True,both_TN
en,@phillip_rtw,@phillip_rtw,@phillip_rtw,@phillip_rtw,False,True,True,both_TN
en,@planetshailene,@planetshailene,@planetshailene,@planetshailene,False,True,True,both_TN
en,@playstationliam,@playstationliam,@playstationliam,@playstationliam,False,True,True,both_TN
en,@postbadtatts,@postbadtatts,@postbadtatts,@postbadtatts,False,True,True,both_TN
en,@pradhanmantrig,@pradhanmantrig,@pradhanmantrig,@pradhanmantrig,False,True,True,both_TN
en,@princevincentg,@princevincentg,@princevincentg,@princevincentg,False,True,True,both_TN
en,@priyankac19,@priyankac19,@priyankac19,@priyankac19,False,True,True,both_TN
en,@proerajay,@proerajay,@proerajay,@proerajay,False,True,True,both_TN
en,@q2ruthless,@q2ruthless,@q2ruthless,@q2ruthless,False,True,True,both_TN
en,@ranaayyub,@ranaayyub,@ranaayyub,@ranaayyub,False,True,True,both_TN
en,@rbebubz24,@rbebubz24,@rbebubz24,@rbebubz24,False,True,True,both_TN
en,@realadamdeacon,@realadamdeacon,@realadamdeacon,@realadamdeacon,False,True,True,both_TN
en,@realluisrosado,@realluisrosado,@realluisrosado,@realluisrosado,False,True,True,both_TN
en,@richhomie_shawn,@richhomie_shawn,@richhomie_shawn,@richhomie_shawn,False,True,True,both_TN
en,@rontuckergnd,@rontuckergnd,@rontuckergnd,@rontuckergnd,False,True,True,both_TN
en,@ruthtilvecostas,@ruthtilvecostas,@ruthtilvecostas,@ruthtilvecostas,False,True,True,both_TN
en,@sabrinajonasluv,@sabrinajonasluv,@sabrinajonasluv,@sabrinajonasluv,False,True,True,both_TN
en,@salomon_running,@salomon_running,@salomon_running,@salomon_running,False,True,True,both_TN
en,@sambitswaraj,@sambitswaraj,@sambitswaraj,@sambitswaraj,False,True,True,both_TN
en,@samiahmuneer,@samiahmuneer,@samiahmuneer,@samiahmuneer,False,True,True,both_TN
en,@samloubani,@samloubani,@samloubani,@samloubani,False,True,True,both_TN
en,@sarahdberry,@sarahdberry,@sarahdberry,@sarahdberry,False,True,True,both_TN
en,@sbongiseni_k,@sbongiseni_k,@sbongiseni_k,@sbongiseni_k,False,True,True,both_TN
en,@scholarshipseu,@scholarshipseu,@scholarshipseu,@scholarshipseu,False,True,True,both_TN
en,@sehuns_d,@sehuns_d,@sehuns_d,@sehuns_d,False,True,True,both_TN
en,@seluoppars,@seluoppars,@seluoppars,@seluoppars,False,True,True,both_TN
en,@sexysalvatored,@sexysalvatored,@sexysalvatored,@sexysalvatored,False,True,True,both_TN
en,@sgag_sg,@sgag_sg,@sgag_sg,@sgag_sg,False,True,True,both_TN
en,@shawnmendes,@shawnmendes,@shawnmendes,@shawnmendes,False,True,True,both_TN
en,@sir_suffix,@sir_suffix,@sir_suffix,@sir_suffix,False,True,True,both_TN
en,@siti_malinee,@siti_malinee,@siti_malinee,@siti_malinee,False,True,True,both_TN
en,@skaterchick310,@skaterchick310,@skaterchick310,@skaterchick310,False,True,True,both_TN
en,@skepta,@skepta,@skepta,@skepta,False,True,True,both_TN
en,@sleepyhxrrys,@sleepyhxrrys,@sleepyhxrrys,@sleepyhxrrys,False,True,True,both_TN
en,@smb_trell,@smb_trell,@smb_trell,@smb_trell,False,True,True,both_TN
en,@smoothprincej,@smoothprincej,@smoothprincej,@smoothprincej,False,True,True,both_TN
en,@smritiirani,@smritiirani,@smritiirani,@smritiirani,False,True,True,both_TN
en,@snarky_1,@snarky_1,@snarky_1,@snarky_1,False,True,True,both_TN
en,@snuggiehemmo,@snuggiehemmo,@snuggiehemmo,@snuggiehemmo,False,True,True,both_TN
en,@snyhope,@snyhope,@snyhope,@snyhope,False,True,True,both_TN
en,@solangeknowles,@solangeknowles,@solangeknowles,@solangeknowles,False,True,True,both_TN
en,@soofunnypost,@soofunnypost,@soofunnypost,@soofunnypost,False,True,True,both_TN
en,@sophielupy,@sophielupy,@sophielupy,@sophielupy,False,True,True,both_TN
en,@soshlchllds,@soshlchllds,@soshlchllds,@soshlchllds,False,True,True,both_TN
en,@spidesdj,@spidesdj,@spidesdj,@spidesdj,False,True,True,both_TN
en,@sso_junhyung,@sso_junhyung,@sso_junhyung,@sso_junhyung,False,True,True,both_TN
en,@stacc_foldhold,@stacc_foldhold,@stacc_foldhold,@stacc_foldhold,False,True,True,both_TN
en,@stephanielomax,@stephanielomax,@stephanielomax,@stephanielomax,False,True,True,both_TN
en,@sujib94,@sujib94,@sujib94,@sujib94,False,True,True,both_TN
en,@sulesmusic,@sulesmusic,@sulesmusic,@sulesmusic,False,True,True,both_TN
en,@susiethegoon,@susiethegoon,@susiethegoon,@susiethegoon,False,True,True,both_TN
en,@swkae,@swkae,@swkae,@swkae,False,True,True,both_TN
en,@syahmirukaini,@syahmirukaini,@syahmirukaini,@syahmirukaini,False,True,True,both_TN
en,@tattooedtwinks,@tattooedtwinks,@tattooedtwinks,@tattooedtwinks,False,True,True,both_TN
en,@tealanders,@tealanders,@tealanders,@tealanders,False,True,True,both_TN
en,@teddythabandman,@teddythabandman,@teddythabandman,@teddythabandman,False,True,True,both_TN
en,@tee_soclassy,@tee_soclassy,@tee_soclassy,@tee_soclassy,False,True,True,both_TN
en,@tennisconnected,@tennisconnected,@tennisconnected,@tennisconnected,False,True,True,both_TN
en,@thealiencouple,@thealiencouple,@thealiencouple,@thealiencouple,False,True,True,both_TN
en,@thefakeespn,@thefakeespn,@thefakeespn,@thefakeespn,False,True,True,both_TN
en,@thehamda,@thehamda,@thehamda,@thehamda,False,True,True,both_TN
en,@theladbible,@theladbible,@theladbible,@theladbible,False,True,True,both_TN
en,@theofficialabd_,@theofficialabd_,@theofficialabd_,@theofficialabd_,False,True,True,both_TN
en,@thespear_,@thespear_,@thespear_,@thespear_,False,True,True,both_TN
en,@thevampsband,@thevampsband,@thevampsband,@thevampsband,False,True,True,both_TN
en,@thevampscon,@thevampscon,@thevampscon,@thevampscon,False,True,True,both_TN
en,@theycallsmedale,@theycallsmedale,@theycallsmedale,@theycallsmedale,False,True,True,both_TN
en,@timesnow,@timesnow,@timesnow,@timesnow,False,True,True,both_TN
en,@tinatbh,@tinatbh,@tinatbh,@tinatbh,False,True,True,both_TN
en,@tinietempah,@tinietempah,@tinietempah,@tinietempah,False,True,True,both_TN
en,@tomlinhuts,@tomlinhuts,@tomlinhuts,@tomlinhuts,False,True,True,both_TN
en,@tommarinellitv,@tommarinellitv,@tommarinellitv,@tommarinellitv,False,True,True,both_TN
en,@tortuga_xi,@tortuga_xi,@tortuga_xi,@tortuga_xi,False,True,True,both_TN
en,@tothebangtan,@tothebangtan,@tothebangtan,@tothebangtan,False,True,True,both_TN
en,@trapgypsy,@trapgypsy,@trapgypsy,@trapgypsy,False,True,True,both_TN
en,@trillajames,@trillajames,@trillajames,@trillajames,False,True,True,both_TN
en,@trizzytwotimes,@trizzytwotimes,@trizzytwotimes,@trizzytwotimes,False,True,True,both_TN
en,@truekopites96,@truekopites96,@truekopites96,@truekopites96,False,True,True,both_TN
en,@tsaqifyuzamri,@tsaqifyuzamri,@tsaqifyuzamri,@tsaqifyuzamri,False,True,True,both_TN
en,@tunez360,@tunez360,@tunez360,@tunez360,False,True,True,both_TN
en,@tvznews,@tvznews,@tvznews,@tvznews,False,True,True,both_TN
en,@tweamkidrauhl,@tweamkidrauhl,@tweamkidrauhl,@tweamkidrauhl,False,True,True,both_TN
en,@two_tails,@two_tails,@two_tails,@two_tails,False,True,True,both_TN
en,@tylermajewski,@tylermajewski,@tylermajewski,@tylermajewski,False,True,True,both_TN
en,@tyleroakley,@tyleroakley,@tyleroakley,@tyleroakley,False,True,True,both_TN
en,@ughswer,@ughswer,@ughswer,@ughswer,False,True,True,both_TN
en,@unionjwnews,@unionjwnews,@unionjwnews,@unionjwnews,False,True,True,both_TN
en,@unknownbizzle,@unknownbizzle,@unknownbizzle,@unknownbizzle,False,True,True,both_TN
en,@uptownsaintjohn,@uptownsaintjohn,@uptownsaintjohn,@uptownsaintjohn,False,True,True,both_TN
en,@username,@username,@username,@username,False,True,True,both_TN
en,@usher,@usher,@usher,@usher,False,True,True,both_TN
en,@veenosharveen,@veenosharveen,@veenosharveen,@veenosharveen,False,True,True,both_TN
en,@virendrarathore,@virendrarathore,@virendrarathore,@virendrarathore,False,True,True,both_TN
en,@waitforithoran,@waitforithoran,@waitforithoran,@waitforithoran,False,True,True,both_TN
en,@wassupkinar,@wassupkinar,@wassupkinar,@wassupkinar,False,True,True,both_TN
en,@wearexotics,@wearexotics,@wearexotics,@wearexotics,False,True,True,both_TN
en,@weihao___,@weihao___,@weihao___,@weihao___,False,True,True,both_TN
en,@welltbh,@welltbh,@welltbh,@welltbh,False,True,True,both_TN
en,@whattheffacts,@whattheffacts,@whattheffacts,@whattheffacts,False,True,True,both_TN
en,@wifealiciousnes,@wifealiciousnes,@wifealiciousnes,@wifealiciousnes,False,True,True,both_TN
en,@willythekid0821,@willythekid0821,@willythekid0821,@willythekid0821,False,True,True,both_TN
en,@ww1dupdates,@ww1dupdates,@ww1dupdates,@ww1dupdates,False,True,True,both_TN
en,@x0s3hun,@x0s3hun,@x0s3hun,@x0s3hun,False,True,True,both_TN
en,@x_jail_bird_x,@x_jail_bird_x,@x_jail_bird_x,@x_jail_bird_x,False,True,True,both_TN
en,@xkhxx_,@xkhxx_,@xkhxx_,@xkhxx_,False,True,True,both_TN
en,@xoceyet,@xoceyet,@xoceyet,@xoceyet,False,True,True,both_TN
en,@xoxjinkiss,@xoxjinkiss,@xoxjinkiss,@xoxjinkiss,False,True,True,both_TN
en,@xvmxxji,@xvmxxji,@xvmxxji,@xvmxxji,False,True,True,both_TN
en,@xxsharmainexx,@xxsharmainexx,@xxsharmainexx,@xxsharmainexx,False,True,True,both_TN
en,@yaaattaaa3,@yaaattaaa3,@yaaattaaa3,@yaaattaaa3,False,True,True,both_TN
en,@yonna_toocool,@yonna_toocool,@yonna_toocool,@yonna_toocool,False,True,True,both_TN
en,@youheartke___,@youheartke___,@youheartke___,@youheartke___,False,True,True,both_TN
en,@youknowme_23_,@youknowme_23_,@youknowme_23_,@youknowme_23_,False,True,True,both_TN
en,@youtube,@youtube,@youtube,@youtube,False,True,True,both_TN
en,@yusufrasheedat1,@yusufrasheedat1,@yusufrasheedat1,@yusufrasheedat1,False,True,True,both_TN
en,@zac_stevensxxx,@zac_stevensxxx,@zac_stevensxxx,@zac_stevensxxx,False,True,True,both_TN
en,@zaimomey,@zaimomey,@zaimomey,@zaimomey,False,True,True,both_TN
en,@zalehos,@zalehos,@zalehos,@zalehos,False,True,True,both_TN
en,@zulu_guy,@zulu_guy,@zulu_guy,@zulu_guy,False,True,True,both_TN
ko,A2,A2,A2,A2,False,True,True,both_TN
de,A3,A3,A3,A3,False,True,True,both_TN
ko,AI,AI,AI,AI,False,True,True,both_TN
de,ARD,ARD,ARD,ARD,False,True,True,both_TN
de,Ab,Ab,Ab,Ab,False,True,True,both_TN
de,Abend,Abend,Abend,Abend,False,True,True,both_TN
de,Aber,Aber,Aber,Aber,False,True,True,both_TN
de,Abseits,Abseits,Abseits,Abseits,False,True,True,both_TN
de,Abwasserabtransport,Abwasserabtransport,Abwasserabtransport,Abwasserabtransport,False,True,True,both_TN
de,Ach,Ach,Ach,Ach,False,True,True,both_TN
de,Advent,Advent,Advent,Advent,False,True,True,both_TN
de,Adventskalender,Adventskalender,Adventskalender,Adventskalender,False,True,True,both_TN
de,Adventskalendertag,Adventskalendertag,Adventskalendertag,Adventskalendertag,False,True,True,both_TN
de,Afval,Afval,Afval,Afval,False,True,True,both_TN
de,Ahnung,Ahnung,Ahnung,Ahnung,False,True,True,both_TN
de,Aktive,Aktive,Aktive,Aktive,False,True,True,both_TN
de,Allrad,Allrad,Allrad,Allrad,False,True,True,both_TN
de,Aloha,Aloha,Aloha,Aloha,False,True,True,both_TN
de,Also,Also,Also,Also,False,True,True,both_TN
de,Am,Am,Am,Am,False,True,True,both_TN
de,Amazon,Amazon,Amazon,Amazon,False,True,True,both_TN
de,Anbieter,Anbieter,Anbieter,Anbieter,False,True,True,both_TN
de,Android,Android,Android,Android,False,True,True,both_TN
de,Anfragen,Anfragen,Anfragen,Anfragen,False,True,True,both_TN
de,Angelo,Angelo,Angelo,Angelo,False,True,True,both_TN
de,Anlass,Anlass,Anlass,Anlass,False,True,True,both_TN
de,Anmeldung,Anmeldung,Anmeldung,Anmeldung,False,True,True,both_TN
de,Apfelstrudel,Apfelstrudel,Apfelstrudel,Apfelstrudel,False,True,True,both_TN
de,Arbeitslosen,Arbeitslosen,Arbeitslosen,Arbeitslosen,False,True,True,both_TN
de,Arbeitsplätze,Arbeitsplätze,Arbeitsplätze,Arbeitsplätze,False,True,True,both_TN
de,Arte,Arte,Arte,Arte,False,True,True,both_TN
de,Artikel,Artikel,Artikel,Artikel,False,True,True,both_TN
de,Atari,Atari,Atari,Atari,False,True,True,both_TN
de,Audi,Audi,Audi,Audi,False,True,True,both_TN
de,Auf,Auf,Auf,Auf,False,True,True,both_TN
de,Aufgaben,Aufgaben,Aufgaben,Aufgaben,False,True,True,both_TN
de,Auschlussverfahren,Ausschlussverfahren,Auschlussverfahren,Auschlussverfahren,True,False,False,both_wrong
de,Ausdrucke,Ausdrucke,Ausdrucke,Ausdrucke,False,True,True,both_TN
de,Auto,Auto,Auto,Auto,False,True,True,both_TN
de,Autos,Autos,Autos,Autos,False,True,True,both_TN
de,BBRADIO,BBRADIO,BBRADIO,BBRADIO,False,True,True,both_TN
ko,BGM이,BGM이,BGM이,BGM이,False,True,True,both_TN
ja,BS,BS,BS,BS,False,True,True,both_TN
ja,BUMP,BUMP,BUMP,BUMP,False,True,True,both_TN
de,Bah,Bah,Bah,Bah,False,True,True,both_TN
de,Bambus,Bambus,Bambus,Bambus,False,True,True,both_TN
de,Bambusholzgitter,Bambusholzgitter,Bambusholzgitter,Bambusholzgitter,False,True,True,both_TN
de,Bananen,Bananenkartons,Bananen,Bananen,True,False,False,both_wrong
de,Banner,Banner,Banner,Banner,False,True,True,both_TN
de,Bayernfans,Bayernfans,Bayernfans,Bayernfans,False,True,True,both_TN
de,Be,Berlin,Be,Be,True,False,False,both_wrong
de,BeaverCreek,BeaverCreek,BeaverCreek,BeaverCreek,False,True,True,both_TN
de,Bei,Bei,Bei,Bei,False,True,True,both_TN
de,Beim,Beim,Beim,Beim,False,True,True,both_TN
de,Beinen,Beinen,Beinen,Beinen,False,True,True,both_TN
de,Benutzt,Benutzt,Benutzt,Benutzt,False,True,True,both_TN
de,Berlin,Berlin,Berlin,Berlin,False,True,True,both_TN
de,Berliner,Berliner,Berliner,Berliner,False,True,True,both_TN
de,Berufung,Berufung,Berufung,Berufung,False,True,True,both_TN
de,Beta-Test,Beta-Test,Beta-Test,Beta-Test,False,True,True,both_TN
de,Betfair,Betfair,Betfair,Betfair,False,True,True,both_TN
de,Betrübt,Betrübt,Betrübt,Betrübt,False,True,True,both_TN
de,Bett,Bett,Bett,Bett,False,True,True,both_TN
de,Bier,Bier,Bier,Bier,False,True,True,both_TN
de,Biete,Biete,Biete,Biete,False,True,True,both_TN
de,Bildbearbeitung,Bildbearbeitung,Bildbearbeitung,Bildbearbeitung,False,True,True,both_TN
de,Bin,Bin,Bin,Bin,False,True,True,both_TN
de,Bionade,Bionade,Bionade,Bionade,False,True,True,both_TN
de,Birne,Birne,Birne,Birne,False,True,True,both_TN
de,Bis,Bis,Bis,Bis,False,True,True,both_TN
de,Bischofsheim,Bischofsheim,Bischofsheim,Bischofsheim,False,True,True,both_TN
de,Blog,Blog,Blog,Blog,False,True,True,both_TN
de,Bloggerin,Bloggerin,Bloggerin,Bloggerin,False,True,True,both_TN
de,Blätterteig,Blätterteig,Blätterteig,Blätterteig,False,True,True,both_TN
de,Bo,Bo,Bo,Bo,False,True,True,both_TN
de,Boah,Boah,Boah,Boah,False,True,True,both_TN
de,Bordercolliemixmaus,Bordercolliemixmaus,Bordercolliemixmaus,Bordercolliemixmaus,False,True,True,both_TN
de,Boss,Boss,Boss,Boss,False,True,True,both_TN
de,Branchenbuch,Branchenbuch,Branchenbuch,Branchenbuch,False,True,True,both_TN
de,Brockdorf,Brockdorf,Brockdorf,Brockdorf,False,True,True,both_TN
de,Browser,Browser,Browser,Browser,False,True,True,both_TN
de,Browsergame,Browsergames,Browsergame,Browsergame,True,False,False,both_wrong
de,Bruder,Bruder,Bruder,Bruder,False,True,True,both_TN
de,Buchmann,Buchmann,Buchmann,Buchmann,False,True,True,both_TN
de,Bunt,Bunt,Bunt,Bunt,False,True,True,both_TN
de,Bus,bis,Bus,Bus,True,False,False,both_wrong
de,Buuuuuuh,Buuuuuuh,Buuuuuuuuuuuuuuuuuuuuuuuuuuuuuuu,Buuh,False,False,False,both_FP
de,C64,C64,C64,C64,False,True,True,both_TN
ko,CCTV,CCTV,CCTV,CCTV,False,True,True,both_TN
ja,CHICKEN,CHICKEN,CHICKEN,CHICKEN,False,True,True,both_TN
ja,CPU,CPU,CPU,CPU,False,True,True,both_TN
de,Champ,Championship-Rings,Champ,Champ,True,False,False,both_wrong
de,Christina,Christina,Christina,Christina,False,True,True,both_TN
de,Cissé,Cissé,Cisse,Cissé,False,False,True,B_fixed_FP
de,Coldplay-Album,Coldplay-Album,Coldplay-Album,Coldplay-Album,False,True,True,both_TN
de,Comeback,Comeback,Comeback,Comeback,False,True,True,both_TN
de,Coral,Coral,Coral,Coral,False,True,True,both_TN
de,Cubra,Cuba,Cubra,Cubra,True,False,False,both_wrong
de,Céline,Céline,Céline,Céline,False,True,True,both_TN
ja,Cö,Cö,Cö,Cö,False,True,True,both_TN
de,D,D,D,D,False,True,True,both_TN
de,D:,D:,D:,D:,False,True,True,both_TN
de,DAS,Das,DAS,DAS,True,False,False,both_wrong
de,DING,Ding,DING,DING,True,False,False,both_wrong
ja,DM,個別 メッセージ,DM,DM,True,False,False,both_wrong
ja,DVDレコーダー,DVDレコーダー,DVDレコーダー,DVDレコーダー,False,True,True,both_TN
de,Da,Da,Da,Da,False,True,True,both_TN
de,Dachte,Dachte,Dachte,Dachte,False,True,True,both_TN
de,Danke,Danke,Danke,Danke,False,True,True,both_TN
de,Dann,Dann,Dann,Dann,False,True,True,both_TN
de,Darwin,Darwin,Darwin,Darwin,False,True,True,both_TN
de,Das,Das,Das,Das,False,True,True,both_TN
de,Dass,Dass,Dass,Dass,False,True,True,both_TN
de,Dazu,Dazu,Dazu,Dazu,False,True,True,both_TN
de,Deiner,Deiner,Deiner,Deiner,False,True,True,both_TN
de,Dekorativ,Dekorativ,Dekorativ,Dekorativ,False,True,True,both_TN
de,Demos,Demos,Demos,Demos,False,True,True,both_TN
de,Denk-,Denk-,Denk-,Denk-,False,True,True,both_TN
de,Der,Der,Der,Der,False,True,True,both_TN
de,Deshalb,Deshalb,Deshalb,Deshalb,False,True,True,both_TN
de,Design,Design,Design,Design,False,True,True,both_TN
de,Detektiv,Detektiv,Detektiv,Detektiv,False,True,True,both_TN
de,Deutschen,deutschen,Deutschen,Deutschen,True,False,False,both_wrong
de,Deutschland,Deutschland,Deutschland,Deutschland,False,True,True,both_TN
de,Dezember,Dezember,Dezember,Dezember,False,True,True,both_TN
de,Dialekt,Dialekt,Dialekt,Dialekt,False,True,True,both_TN
de,Dialog,Dialog,Dialog,Dialog,False,True,True,both_TN
de,Dich,Dich,Dich,Dich,False,True,True,both_TN
de,Dictation,Dictation,Dictation,Dictation,False,True,True,both_TN
de,Die,Die,Die,Die,False,True,True,both_TN
de,Digitale,Digitale,Digitale,Digitale,False,True,True,both_TN
de,Dir,Dir,Dir,Dir,False,True,True,both_TN
de,Dirk,Dirk,Dirk,Dirk,False,True,True,both_TN
de,Diskussion,Diskussion,Diskussion,Diskussion,False,True,True,both_TN
de,Dito,Dito,Dito,Dito,False,True,True,both_TN
de,Do,Donnerstag,Do,Do,True,False,False,both_wrong
de,Donnerstag,Donnerstag,Donnerstag,Donnerstag,False,True,True,both_TN
de,Dose,Dose,Dose,Dose,False,True,True,both_TN
de,Drolshagen,Drolshagen,Drolshagen,Drolshagen,False,True,True,both_TN
de,Druck,Druck,Druck,Druck,False,True,True,both_TN
de,Du,Du,Du,Du,False,True,True,both_TN
de,Dänemark,Dänemark,Dänemark,Dänemark,False,True,True,both_TN
de,E.O.D,E.O.D,E.O.D,E.O.D,False,True,True,both_TN
de,EINFA,einfach,EINFA,EINFA,True,False,False,both_wrong
de,EM,EM,EM,EM,False,True,True,both_TN
de,EXKLUSIVER,Exklusiver,EXKLUSIVER,EXKLUSIVER,True,False,False,both_wrong
de,Ehr,erzähl,Ehr,Ehr,True,False,False,both_wrong
de,Eidgenossen,Eidgenossen,Eidgenossen,Eidgenossen,False,True,True,both_TN
de,Eigentlich,Eigentlich,Eigentlich,Eigentlich,False,True,True,both_TN
de,Eigentlichheit,Eigentlichkeit,Eigentlichheit,Eigentlichheit,True,False,False,both_wrong
de,Ein,Ein,Ein,Ein,False,True,True,both_TN
de,Einfach,Einfach,Einfach,Einfach,False,True,True,both_TN
de,Einkommensgrenzen,Einkommensgrenzen,Einkommensgrenzen,Einkommensgrenzen,False,True,True,both_TN
de,Elektroclash,Elektroclash,Elektroclash,Elektroclash,False,True,True,both_TN
de,Elterliche,Elterliche,Elterliche,Elterliche,False,True,True,both_TN
de,Ende,Ende,Ende,Ende,False,True,True,both_TN
de,Energieriese,Energieriese,Energieriese,Energieriese,False,True,True,both_TN
de,Engelchen,Engelchen,Engelchen,Engelchen,False,True,True,both_TN
de,Ergebnisse,Ergebnisse,Ergebnisse,Ergebnisse,False,True,True,both_TN
de,Erklärst,Erklärst,Erklärst,Erklärst,False,True,True,both_TN
de,Erotik,Erotik,Erotik,Erotik,False,True,True,both_TN
de,Es,Es,Es,Es,False,True,True,both_TN
de,Esstisch,Esstisch,Esstisch,Esstisch,False,True,True,both_TN
de,Euch,Euch,Euch,Euch,False,True,True,both_TN
de,Euro,Euro,Euro,Euro,False,True,True,both_TN
de,Ex,Ex,Ex,Ex,False,True,True,both_TN
de,Ey,Ey,Ey,Ey,False,True,True,both_TN
ja,FB,Facebook,FB,FB,True,False,False,both_wrong
de,FFM,FFM,FFM,FFM,False,True,True,both_TN
de,FS,FS,FS,FS,False,True,True,both_TN
ja,FX,FX,FX,FX,False,True,True,both_TN
de,Facebook-Nutzer,Facebook-Nutzer,Facebook-Nutzer,Facebook-Nutzer,False,True,True,both_TN
de,Fahrplanwechsel,Fahrplanwechsel,Fahrplanwechsel,Fahrplanwechsel,False,True,True,both_TN
de,Fakten,Fakten,Fakten,Fakten,False,True,True,both_TN
de,Fall,Fall,Fall,Fall,False,True,True,both_TN
de,Farbe,Farbe,Farbe,Farbe,False,True,True,both_TN
de,Feedback,Feedback,Feedback,Feedback,False,True,True,both_TN
de,Ferienwohnung,Ferienwohnung,Ferienwohnung,Ferienwohnung,False,True,True,both_TN
de,Ferienwohnungen,Ferienwohnungen,Ferienwohnungen,Ferienwohnungen,False,True,True,both_TN
de,Fetisch,Fetisch,Fetisch,Fetisch,False,True,True,both_TN
de,Fetish,Fetisch,Fetish,Fetish,True,False,False,both_wrong
de,Film,Film,Film,Film,False,True,True,both_TN
de,Final,final,Final,Final,True,False,False,both_wrong
de,Finanzen,Finanzen,Finanzen,Finanzen,False,True,True,both_TN
de,Find,Finde,Finde,Find,True,True,False,A_only_correct
de,Fir,Firmen,Fir,Fir,True,False,False,both_wrong
de,Fleischwasserproduktion,Fleischwasserproduktion,Fleischwasserproduktion,Fleischwasserproduktion,False,True,True,both_TN
de,Fohr,Föhr,Fohr,Fohr,True,False,False,both_wrong
de,FollowerPower,Follower Power,FollowerPower,FollowerPower,True,False,False,both_wrong
de,Fortgeschrittene,Fortgeschrittene,Fortgeschrittene,Fortgeschrittene,False,True,True,both_TN
de,Foto,Foto,Foto,Foto,False,True,True,both_TN
de,Fotofreunde,Fotofreunde,Fotofreunde,Fotofreunde,False,True,True,both_TN
de,Fr,Freitag,Fr,Fr,True,False,False,both_wrong
de,Frage,Frage,Frage,Frage,False,True,True,both_TN
de,Französisch,Französisch,Französisch,Französisch,False,True,True,both_TN
de,Frau,Frau,Frau,Frau,False,True,True,both_TN
de,Frauen,Frauen,Frauen,Frauen,False,True,True,both_TN
de,Freiburg,Freiburg,Freiburg,Freiburg,False,True,True,both_TN
de,Freizeit,Freizeit,Freizeit,Freizeit,False,True,True,both_TN
de,Freizeitpartner,Freizeitpartner,Freizeitpartner,Freizeitpartner,False,True,True,both_TN
de,Freundin,Freundin,Freundin,Freundin,False,True,True,both_TN
de,Freundschaft,Freundschaft,Freundschaft,Freundschaft,False,True,True,both_TN
de,Friesendorf,Friesendorf,Friesendorf,Friesendorf,False,True,True,both_TN
de,Frisch,Frisch,Frisch,Frisch,False,True,True,both_TN
de,Frustblogpost,Frustblogpost,Frustblogpost,Frustblogpost,False,True,True,both_TN
de,Fuck,Fuck,Fuck,Fuck,False,True,True,both_TN
de,Fussball,Fussball,Fussball,Fussball,False,True,True,both_TN
de,Fussballquiz,Fussballquiz,Fussballquiz,Fussballquiz,False,True,True,both_TN
de,Füllenberg,Füllenberg,Füllenberg,Füllenberg,False,True,True,both_TN
de,Füsse,Füsse,Füsse,Füsse,False,True,True,both_TN
de,GAL,GAL,GAL,GAL,False,True,True,both_TN
de,GALERIE,Galerie,GALERIE,GALERIE,True,False,False,both_wrong
de,GARTENTRAUM,Gartentraum,GARTENTRAUM,GARTENTRAUM,True,False,False,both_wrong
de,GENAUSO,genauso,GENAUSO,GENAUSO,True,False,False,both_wrong
de,GG,GG,GG,GG,False,True,True,both_TN
ko,GOAT,최고의 선수,GOAT,GOAT,True,False,False,both_wrong
de,GRAZ,Graz,GRAZ,GRAZ,True,False,False,both_wrong
ja,GW,ゴールデンウィーク,リークストランイン,GW,True,False,False,both_wrong
de,Gameplay,Gameplay,Gameplay,Gameplay,False,True,True,both_TN
de,Garavani,Garavani,Garavani,Garavani,False,True,True,both_TN
de,Gedanken,Gedanken,Gedanken,Gedanken,False,True,True,both_TN
de,Gefahr,Gefahr,Gefahr,Gefahr,False,True,True,both_TN
de,Gegengerade,Gegengerade,Gegengerade,Gegengerade,False,True,True,both_TN
de,GehirnTumor,Gehirntumor,GehirnTumor,GehirnTumor,True,False,False,both_wrong
de,Geile,Geile,Geile,Geile,False,True,True,both_TN
de,Geld,Geld,Geld,Geld,False,True,True,both_TN
de,Geschäft,Geschäft,Geschäft,Geschäft,False,True,True,both_TN
de,Gib,Gib,Gib,Gib,False,True,True,both_TN
de,Glas,Glas,Glas,Glas,False,True,True,both_TN
de,Glasvasen,Glasvasen,Glasvasen,Glasvasen,False,True,True,both_TN
de,Glucksquell,Glücksquell,Glucksquell,Glucksquell,True,False,False,both_wrong
de,Glueck,Glück,Glück,Glück,True,True,True,both_correct
de,Glücklos,Glücklos,Glücklos,Glücklos,False,True,True,both_TN
de,Glühwein,Glühwein,Glühwein,Glühwein,False,True,True,both_TN
de,Glühweinstand,Glühweinstand,Glühweinstand,Glühweinstand,False,True,True,both_TN
ja,Google,Google,Google,Google,False,True,True,both_TN
de,Gott,Gott,Gott,Gott,False,True,True,both_TN
de,Gottschalk,Gottschalk,Gottschalk,Gottschalk,False,True,True,both_TN
de,Gottschalks,Gottschalks,Gottschalks,Gottschalks,False,True,True,both_TN
de,Graz,Graz,Graz,Graz,False,True,True,both_TN
de,Grenze,Grenze,Grenze,Grenze,False,True,True,both_TN
de,Gruenden,Gründen,Gründen,Gründen,True,True,True,both_correct
de,Gruppe,Gruppe,Gruppe,Gruppe,False,True,True,both_TN
de,Grössenordnung,Grössenordnung,Grössenordnung,Grössenordnung,False,True,True,both_TN
de,Gute,Gute,Gute,Gute,False,True,True,both_TN
de,Guten,Guten,Guten,Guten,False,True,True,both_TN
de,Guttenberg,Guttenberg,Guttenberg,Guttenberg,False,True,True,both_TN
de,HFV-Sportgericht,HFV-Sportgericht,HFV-Sportgericht,HFV-Sportgericht,False,True,True,both_TN
de,HH,HH,HH,HH,False,True,True,both_TN
ja,HSP,HSP,HSP,HSP,False,True,True,both_TN
de,Hab,Habe,Habe,Habe,True,True,True,both_correct
de,Hackfleisch,Hackfleisch,Hackfleisch,Hackfleisch,False,True,True,both_TN
de,Haha,Haha,Haha,Haha,False,True,True,both_TN
de,Hallo,Hallo,Hallo,Hallo,False,True,True,both_TN
de,Hals,Hals,Hals,Hals,False,True,True,both_TN
de,Hamburg,Hamburg,Hamburg,Hamburg,False,True,True,both_TN
de,Hammergruppe,Hammergruppe,Hammergruppe,Hammergruppe,False,True,True,both_TN
de,Handball-Bundesliga,Handball-Bundesliga,Handball-Bundesliga,Handball-Bundesliga,False,True,True,both_TN
de,Handikaphündchen,Handikaphündchen,Handikaphündchen,Handikaphündchen,False,True,True,both_TN
de,Handwerksbereich,Handwerksbereich,Handwerksbereich,Handwerksbereich,False,True,True,both_TN
de,Handy,Handy,Handy,Handy,False,True,True,both_TN
de,Hannover,Hannover,Hannover,Hannover,False,True,True,both_TN
de,Hanseaten,Hanseaten,Hanseaten,Hanseaten,False,True,True,both_TN
de,Haribo,Haribo,Haribo,Haribo,False,True,True,both_TN
de,Hat,Hat,Hat,Hat,False,True,True,both_TN
de,Haus,Haus,Haus,Haus,False,True,True,both_TN
de,Hausduchsuchung,Hausdurchsuchung,Hausduchsuchung,Hausduchsuchung,True,False,False,both_wrong
de,Hebeanlage,Hebeanlage,Hebeanlage,Hebeanlage,False,True,True,both_TN
de,Hellboy,Hellboy,Hellboy,Hellboy,False,True,True,both_TN
de,Heroine,Heroine,Heroine,Heroine,False,True,True,both_TN
de,Herr,Herr,Herr,Herr,False,True,True,both_TN
de,Herren,Herren,Herren,Herren,False,True,True,both_TN
de,Hetero-Umwelt,Hetero-Umwelt,Hetero-Umwelt,Hetero-Umwelt,False,True,True,both_TN
de,Heut,Heute,Heute,Heute,True,True,True,both_correct
de,Heute,Heute,Heute,Heute,False,True,True,both_TN
de,Hier,Hier,Hier,Hier,False,True,True,both_TN
de,Himmels,Himmels,Himmels,Himmels,False,True,True,both_TN
de,Hintern,Hintern,Hintern,Hintern,False,True,True,both_TN
de,Hirn,Hirn,Hirn,Hirn,False,True,True,both_TN
de,Hits,Hits,Hits,Hits,False,True,True,both_TN
de,Hoccer,Hoccer,Hoccer,Hoccer,False,True,True,both_TN
de,Hoffentlich,Hoffentlich,Hoffentlich,Hoffentlich,False,True,True,both_TN
de,Holland,Holland,Holland,Holland,False,True,True,both_TN
de,Hotel,Hotel,Hotel,Hotel,False,True,True,both_TN
de,Hunt,Hunt,Hunt,Hunt,False,True,True,both_TN
de,Höhe,Höhe,Höhe,Höhe,False,True,True,both_TN
de,Hölle,Hölle,Hölle,Hölle,False,True,True,both_TN
de,I,I,I,I,False,True,True,both_TN
de,ICH,ICH,ICH,ICH,False,True,True,both_TN
de,IPad,IPad,IPad,IPad,False,True,True,both_TN
de,IST,ist,IST,IST,True,False,False,both_wrong
de,Ich,Ich,Ich,Ich,False,True,True,both_TN
de,Identitätsarmband,Identitätsarmband,Identitätsarmband,Identitätsarmband,False,True,True,both_TN
de,Ihn,Ihn,Ihn,Ihn,False,True,True,both_TN
de,Ihr,Ihr,Ihr,Ihr,False,True,True,both_TN
de,Ihren,Ihren,Ihren,Ihren,False,True,True,both_TN
de,Im,Im,Im,Im,False,True,True,both_TN
de,In,In,In,In,False,True,True,both_TN
de,Insel,Insel,Insel,Insel,False,True,True,both_TN
de,Interesse,Interesse,Interesse,Interesse,False,True,True,both_TN
de,Internet,Internet,Internet,Internet,False,True,True,both_TN
de,Ist,Ist,Ist,Ist,False,True,True,both_TN
de,Ja,Ja,Ja,Ja,False,True,True,both_TN
de,Jaa,Ja,Ja,Ja,True,True,True,both_correct
de,Jaaa,Ja,Ja,Ja,True,True,True,both_correct
de,Jacke,Jacke,Jacke,Jacke,False,True,True,both_TN
de,Jah,Jahren,Jah,Jah,True,False,False,both_wrong
de,Jahr,Jahr,Jahr,Jahr,False,True,True,both_TN
de,Jahren,Jahren,Jahren,Jahren,False,True,True,both_TN
de,Jailbreak,Jailbreak,Jailbreak,Jailbreak,False,True,True,both_TN
ko,Japan,Japan,Japan,Japan,False,True,True,both_TN
de,Jemand,Jemand,Jemand,Jemand,False,True,True,both_TN
de,Jetzt,Jetzt,Jetzt,Jetzt,False,True,True,both_TN
ja,K,K,K,K,False,True,True,both_TN
de,KEIN,Kein,KEIN,KEIN,True,False,False,both_wrong
de,KH,Krankenhaus,KH,KH,True,False,False,both_wrong
de,KLA,KLA,KLA,KLA,False,True,True,both_TN
de,Ka,Kategorien,Ka,Ka,True,False,False,both_wrong
de,Kanns,Kann das,Kann es,Kanns,True,False,False,both_wrong
de,Kardamena,Kardamena,Kardamena,Kardamena,False,True,True,both_TN
de,Karl-Heine,Karl-Heine,Karl-Heine,Karl-Heine,False,True,True,both_TN
de,Kartons,,Kartons,Kartons,True,False,False,both_wrong
de,Keine,Keine,Keine,Keine,False,True,True,both_TN
de,Kennt,Kennt,Kennt,Kennt,False,True,True,both_TN
de,Kiel,Kiel,Kiel,Kiel,False,True,True,both_TN
de,Kinder,Kinder,Kinder,Kinder,False,True,True,both_TN
ja,Kindle,Kindle,Kindle,Kindle,False,True,True,both_TN
ja,Kitchen,Kitchen,Kitchen,Kitchen,False,True,True,both_TN
de,Kleinanzeigen,Kleinanzeigen,Kleinanzeigen,Kleinanzeigen,False,True,True,both_TN
de,Kleine,Kleine,Kleine,Kleine,False,True,True,both_TN
de,Kleiner,Kleiner,Kleiner,Kleiner,False,True,True,both_TN
de,Klofetisch,Klofetisch,Klofetisch,Klofetisch,False,True,True,both_TN
de,Knob,Knob,Knob,Knob,False,True,True,both_TN
de,Kohle,Kohle,Kohle,Kohle,False,True,True,both_TN
de,Kommt,Kommt,Kommt,Kommt,False,True,True,both_TN
de,Kontrollen,Kontrollen,Kontrollen,Kontrollen,False,True,True,both_TN
de,Kostenlos,Kostenlos,Kostenlos,Kostenlos,False,True,True,both_TN
de,Kostenlose,Kostenlose,Kostenlose,Kostenlose,False,True,True,both_TN
de,Kreation,Kreation,Kreation,Kreation,False,True,True,both_TN
de,Kucke,Gucke,Kucke,Kucke,True,False,False,both_wrong
de,Kulturangebote,Kulturangebote,Kulturangebote,Kulturangebote,False,True,True,both_TN
de,Kumpel,Kumpel,Kumpel,Kumpel,False,True,True,both_TN
de,Kurze,Kurze,Kurze,Kurze,False,True,True,both_TN
de,Köln,Köln,Köln,Köln,False,True,True,both_TN
de,Künstlerzappeln,Künstlerzappeln,Künstlerzappeln,Künstlerzappeln,False,True,True,both_TN
ja,LINE,LINE,LINE,LINE,False,True,True,both_TN
de,LOA,LOA,LOA,LOA,False,True,True,both_TN
de,Laptop,Laptop,Laptop,Laptop,False,True,True,both_TN
de,Laufen,Laufen,Laufen,Laufen,False,True,True,both_TN
de,Leben,Leben,Leben,Leben,False,True,True,both_TN
de,Lebens,Lebens,Lebens,Lebens,False,True,True,both_TN
de,Lederstühlen,Lederstühlen,Lederstühlen,Lederstühlen,False,True,True,both_TN
de,Leider,Leider,Leider,Leider,False,True,True,both_TN
de,Leistungsverhältnis,Leistungsverhältnis,Leistungsverhältnis,Leistungsverhältnis,False,True,True,both_TN
de,Leute,Leute,Leute,Leute,False,True,True,both_TN
de,Libre,Libre,Libre,Libre,False,True,True,both_TN
de,Lieb,Liebe,Lieb,Liebe,True,False,True,B_only_correct
de,Liebe,Liebe,Liebe,Liebe,False,True,True,both_TN
de,Lieblingsfrage,Lieblingsfrage,Lieblingsfrage,Lieblingsfrage,False,True,True,both_TN
de,Lied,Lied,Lied,Lied,False,True,True,both_TN
de,Linchen,Linchen,Linchen,Linchen,False,True,True,both_TN
de,Link,Link,Link,Link,False,True,True,both_TN
de,Literatwo,Literatwo,Literatwo,Literatwo,False,True,True,both_TN
de,Lockout,Lockout,Lockout,Lockout,False,True,True,both_TN
de,Looksreen,Lockscreen,Looksreen,Looksreen,True,False,False,both_wrong
de,Lustige,Lustige,Lustige,Lustige,False,True,True,both_TN
de,Län,Länge,Län,Län,True,False,False,both_wrong
de,MT,MT,MT,MT,False,True,True,both_TN
de,Ma,Mama,Mal,Ma,True,False,False,both_wrong
de,Mac,Mac,Mac,Mac,False,True,True,both_TN
de,MacBook,MacBook,MacBook,MacBook,False,True,True,both_TN
de,Macht,Macht,Macht,Macht,False,True,True,both_TN
de,Maedchen,Mädchens,Mädchen,Mädchen,True,False,False,both_wrong
de,Mal,Mal,Mal,Mal,False,True,True,both_TN
de,Man,Man,Man,Man,False,True,True,both_TN
de,Manche,Manche,Manche,Manche,False,True,True,both_TN
de,Manchmal,Manchmal,Manchmal,Manchmal,False,True,True,both_TN
de,Mann,Mann,Mann,Mann,False,True,True,both_TN
de,Markt,Markt,Markt,Markt,False,True,True,both_TN
de,MarsHugs,MarsHugs,MarsHugs,MarsHugs,False,True,True,both_TN
de,Mas,Masse,Mas,Mas,True,False,False,both_wrong
de,Maus,Maus,Maus,Maus,False,True,True,both_TN
de,Mavs,Mavericks,Mavs,Mavs,True,False,False,both_wrong
de,Media,Media,Media,Media,False,True,True,both_TN
de,Mediadesign,Mediadesign,Mediadesign,Mediadesign,False,True,True,both_TN
de,Mediengestaltung,Mediengestaltung,Mediengestaltung,Mediengestaltung,False,True,True,both_TN
de,Mein,Mein,Mein,Mein,False,True,True,both_TN
de,Meine,Meine,Meine,Meine,False,True,True,both_TN
de,Meinst,Meinst,Meinst,Meinst,False,True,True,both_TN
de,Meinung,Meinung,Meinung,Meinung,False,True,True,both_TN
de,Meldest,Meldest,Meldest,Meldest,False,True,True,both_TN
de,Melodien,Melodien,Melodien,Melodien,False,True,True,both_TN
de,Melsungen,Melsungen,Melsungen,Melsungen,False,True,True,both_TN
de,Menschen,Menschen,Menschen,Menschen,False,True,True,both_TN
de,Mentions,Mentions,Mentions,Mentions,False,True,True,both_TN
de,Mercedes,Mercedes,Mercedes,Mercedes,False,True,True,both_TN
ko,Milf,Milf,Milf,Milf,False,True,True,both_TN
de,Mindelheim,Mindelheim,Mindelheim,Mindelheim,False,True,True,both_TN
de,Mit,Mit,Mit,Mit,False,True,True,both_TN
de,Mittagessen,Mittagessen,Mittagessen,Mittagessen,False,True,True,both_TN
de,Mittelfristiger,Mittelfristiger,Mittelfristiger,Mittelfristiger,False,True,True,both_TN
de,Mo,Montag,Mo,Mo,True,False,False,both_wrong
de,Moderne,Moderne,Moderne,Moderne,False,True,True,both_TN
de,Mohammed,Mohammed,Mohammed,Mohammed,False,True,True,both_TN
de,Monsterschwдnze,Monsterschwänze,Monsterschwônze,Monsterschwinze,True,False,False,both_wrong
de,Montag,Montag,Montag,Montag,False,True,True,both_TN
de,Morderne,Morderne,Morderne,Morderne,False,True,True,both_TN
de,Morgeeeeeeeeeeeenn,Morgen,Morgeeeeeeeeeeeeeeeeeeeeeeeeeeee,Morgeeeeeeeeeeeeeeeeeeeeeeeeeeee,True,False,False,both_wrong
de,Morgen,Morgen,Morgen,Morgen,False,True,True,both_TN
de,Muhahahahahaahaha,Muhaha,Muhahahahahaha,Muhahahahahahaha,True,False,False,both_wrong
de,Multimedi,Multimedia,Multimedi,Multimedi,True,False,False,both_wrong
de,Multimedia,Multimedia,Multimedia,Multimedia,False,True,True,both_TN
de,Munchen,München,München,Munchen,True,True,False,A_only_correct
de,Muschi,Muschi,Muschi,Muschi,False,True,True,both_TN
de,Mädchen,Mädchen,Mädchen,Mädchen,False,True,True,both_TN
de,Mögen,Mögen,Mögen,Mögen,False,True,True,both_TN
de,NBA,NBA,NBA,NBA,False,True,True,both_TN
de,NDR,NDR,NDR,NDR,False,True,True,both_TN
de,NDS,NDS,NDS,NDS,False,True,True,both_TN
ja,NHK,NHK,NHK,NHK,False,True,True,both_TN
de,NHL,NHL,NHL,NHL,False,True,True,both_TN
de,Na,Na,Na,Na,False,True,True,both_TN
de,Nach,Nach,Nach,Nach,False,True,True,both_TN
de,Nachricht,Nachricht,Nachricht,Nachricht,False,True,True,both_TN
de,Nachrichte,Nachrichten,Nachrichte,Nachrichte,True,False,False,both_wrong
de,Nacht,Nacht,Nacht,Nacht,False,True,True,both_TN
de,Nacht's,nachts,Nacht,Nacht's,True,False,False,both_wrong
de,Naidoo,Naidoo,Naidoo,Naidoo,False,True,True,both_TN
de,Name,Name,Name,Name,False,True,True,both_TN
de,Ne,Eine,Nein,Ne,True,False,False,both_wrong
de,Nein,Nein,Nein,Nein,False,True,True,both_TN
de,Nen,Einen,Nen,Nen,True,False,False,both_wrong
de,Nerds,Nerds,Nerds,Nerds,False,True,True,both_TN
de,Netz,Netz,Netz,Netz,False,True,True,both_TN
de,Neuer,Neuer,Neuer,Neuer,False,True,True,both_TN
de,Neumitglied,Neumitglied,Neumitglied,Neumitglied,False,True,True,both_TN
de,Newsfunk,Newsfunk,Newsfunk,Newsfunk,False,True,True,both_TN
ja,Newton,Newton,Newton,Newton,False,True,True,both_TN
de,Ni,Ni,Ni,Ni,False,True,True,both_TN
ja,Nie,Nie,Nie,Nie,False,True,True,both_TN
de,Nieblum,Nieblum,Nieblum,Nieblum,False,True,True,both_TN
de,Niederlande,Niederlande,Niederlande,Niederlande,False,True,True,both_TN
de,Nika,Nika,Nika,Nika,False,True,True,both_TN
de,Nix,Nichts,Nichts,Nicht,True,True,False,A_only_correct
ko,No,No,No,No,False,True,True,both_TN
de,Noch,Noch,Noch,Noch,False,True,True,both_TN
de,Nochmal,Nochmal,Nochmal,Nochmal,False,True,True,both_TN
de,Normalschanze,Normalschanze,Normalschanze,Normalschanze,False,True,True,both_TN
de,Nowitzki,Nowitzki,Nowitzki,Nowitzki,False,True,True,both_TN
de,Nun,Nun,Nun,Nun,False,True,True,both_TN
de,Nur,Nur,Nur,Nur,False,True,True,both_TN
de,Nächsten,Nächsten,Nächsten,Nächsten,False,True,True,both_TN
de,Nö,Nein,Nö,Nö,True,False,False,both_wrong
de,O,O,O,O,False,True,True,both_TN
ja,OD,OD,OD,OD,False,True,True,both_TN
de,ODER,oder,ODER,ODER,True,False,False,both_wrong
ja,OF,OF,OF,OF,False,True,True,both_TN
de,OMG,OMG,OMG,OMG,False,True,True,both_TN
de,Oder,Oder,Oder,Oder,False,True,True,both_TN
de,Offenbings,Offenbings,Offenbings,Offenbings,False,True,True,both_TN
de,Oh,Oh,Oh,Oh,False,True,True,both_TN
de,Oha,Oha,Oha,Oha,False,True,True,both_TN
de,Ohrwurm,Ohrwurm,Ohrwurm,Ohrwurm,False,True,True,both_TN
de,Olympiaabfahrt,Olympiaabfahrt,Olympiaabfahrt,Olympiaabfahrt,False,True,True,both_TN
de,One-Man-Party,One-Man-Party,One-Man-Party,One-Man-Party,False,True,True,both_TN
de,OneErection,OneErection,OneErection,OneErection,False,True,True,both_TN
de,Oo,Oo,Oo,Oo,False,True,True,both_TN
de,Opel,Opel,Opel,Opel,False,True,True,both_TN
de,Orion,Orion,Orion,Orion,False,True,True,both_TN
de,Ort,Ort,Ort,Ort,False,True,True,both_TN
de,PSP,PSP,PSP,PSP,False,True,True,both_TN
de,Paaren,Paaren,Paaren,Paaren,False,True,True,both_TN
de,Pacific,Pacific,Pacific,Pacific,False,True,True,both_TN
de,Panorama,Panorama,Panorama,Panorama,False,True,True,both_TN
de,Paradise,Paradise,Paradise,Paradise,False,True,True,both_TN
de,Partner,Partner,Partner,Partner,False,True,True,both_TN
de,Patientin,Patientin,Patientin,Patientin,False,True,True,both_TN
de,Penner,Penner,Penner,Penner,False,True,True,both_TN
de,Perfektes,Perfektes,Perfektes,Perfektes,False,True,True,both_TN
de,Pfeil,Pfeil,Pfeil,Pfeil,False,True,True,both_TN
de,Pinakotek,Pinakothek,Pinakotek,Pinakotek,True,False,False,both_wrong
de,Pinakothek,Pinakothek,Pinakothek,Pinakothek,False,True,True,both_TN
de,Pipline,Pipeline,Pipline,Pipline,True,False,False,both_wrong
de,Piraten,Piraten,Piraten,Piraten,False,True,True,both_TN
de,Piraten-Firma,Piraten-Firma,Piraten-Firma,Piraten-Firma,False,True,True,both_TN
de,Piratenpartei,Piratenpartei,Piratenpartei,Piratenpartei,False,True,True,both_TN
de,Plan,Plan,Plan,Plan,False,True,True,both_TN
de,Plattform,Plattform,Plattform,Plattform,False,True,True,both_TN
de,Platz,Platz,Platz,Platz,False,True,True,both_TN
ja,Play,Play,Play,Play,False,True,True,both_TN
de,Podcast-Star,Podcast-Star,Podcast-Star,Podcast-Star,False,True,True,both_TN
de,Politik,Politik,Politik,Politik,False,True,True,both_TN
de,Polizei,Polizei,Polizei,Polizei,False,True,True,both_TN
de,Popo,Popo,Popo,Popo,False,True,True,both_TN
de,Portal,Portal,Portal,Portal,False,True,True,both_TN
de,Portugal,Portugal,Portugal,Portugal,False,True,True,both_TN
de,Post,Post,Post,Post,False,True,True,both_TN
de,Posting,Posting,Posting,Posting,False,True,True,both_TN
de,Preis,Preis,Preis,Preis,False,True,True,both_TN
de,Probier,Probier,Probier,Probier,False,True,True,both_TN
de,Proble,Probleme,Proble,Proble,True,False,False,both_wrong
de,Programm,Programm,Program,Programm,False,False,True,B_fixed_FP
de,Projekte,Projekte,Projekte,Projekte,False,True,True,both_TN
de,Prollos,Prolos,Prollos,Prollos,True,False,False,both_wrong
de,Promis,Promis,Promis,Promis,False,True,True,both_TN
de,Prospekt,Prospekt,Prospekt,Prospekt,False,True,True,both_TN
de,Prpmis,Promis,Prpmis,Prpmis,True,False,False,both_wrong
de,Psychologin,Psychologin,Psychologin,Psychologin,False,True,True,both_TN
de,Punkten,Punkten,Punkten,Punkten,False,True,True,both_TN
de,Püüüüchater,Püchatter,Püüüchater,Püüchater,True,False,False,both_wrong
de,Quietscheentööööööö,Quietschente,Quietscheentöö,Quietscheentöö,True,False,False,both_wrong
de,Quizspiel,Quizspiel,Quizspiel,Quizspiel,False,True,True,both_TN
de,Quoka,Quoka,Quoka,Quoka,False,True,True,both_TN
de,Quote,Quote,Quote,Quote,False,True,True,both_TN
de,ROSENHEIM,Rosenheim,ROSENHEIM,ROSENHEIM,True,False,False,both_wrong
ja,RT,リツイート,リージート,RT,True,False,False,both_wrong
de,RWE,RWE,RWE,RWE,False,True,True,both_TN
de,RZA,RZA,RZA,RZA,False,True,True,both_TN
de,Rate,Rate,Rate,Rate,False,True,True,both_TN
de,Rechner,Rechner,Rechner,Rechner,False,True,True,both_TN
de,Rechnern,Rechnern,Rechnern,Rechnern,False,True,True,both_TN
de,Region,Region,Region,Region,False,True,True,both_TN
de,Reise,Reise,Reise,Reise,False,True,True,both_TN
de,Reisegeier,Reisegeier,Reisegeier,Reisegeier,False,True,True,both_TN
de,Reisen,Reisen,Reisen,Reisen,False,True,True,both_TN
de,Rennerei,Rennerei,Rennerei,Rennerei,False,True,True,both_TN
de,Reply,Reply,Reply,Reply,False,True,True,both_TN
de,Rhon,Rhon,Rhon,Rhon,False,True,True,both_TN
de,Riesenschwдnze,Riesenschwänze,Riesenschwônze,Riesenschwдnze,True,False,False,both_wrong
de,Ring,Ring,Ring,Ring,False,True,True,both_TN
de,Roman,Roman,Roman,Roman,False,True,True,both_TN
de,Romy,Romy,Romy,Romy,False,True,True,both_TN
de,Rosa,Rosa,Rosa,Rosa,False,True,True,both_TN
de,Rotlichtbereich,Rotlichtbereich,Rotlichtbereich,Rotlichtbereich,False,True,True,both_TN
de,Runde,Runde,Runde,Runde,False,True,True,both_TN
de,Rüsselsheim,Rüsselsheim,Rüsselsheim,Rüsselsheim,False,True,True,both_TN
de,SC,schwerer,SC,SC,True,False,False,both_wrong
de,SEINE,SEINE,SEINE,SEINE,False,True,True,both_TN
ja,SINoALICE,SINoALICE,SINoALICE,SINoALICE,False,True,True,both_TN
de,SPiele,SPiele,SPiele,SPiele,False,True,True,both_TN
de,ST,ST,ST,ST,False,True,True,both_TN
de,STUDIOCHARAKTER,Studiocharakter,STUDIOCHARAKTER,STUDIOCHARAKTER,True,False,False,both_wrong
de,STunde,Stunde,STunde,STunde,True,False,False,both_wrong
de,SWTOR,SWTOR,SWTOR,SWTOR,False,True,True,both_TN
de,Sag,Sag,Sag,Sag,False,True,True,both_TN
de,Sander,Sander,Sander,Sander,False,True,True,both_TN
de,Sardinenbüchse,Sardinenbüchse,Sardinenbüchse,Sardinenbüchse,False,True,True,both_TN
de,Schaaaaaaaaaaaaatz,Schatz,Schaaaaaaaaaaaaaaaaaaaaaaaaaaaaa,Schaaaaaaaaaaaaaaaaaaaaaaaaaaaaa,True,False,False,both_wrong
de,Schatz,Schatz,Schätz,Schatz,False,False,True,B_fixed_FP
de,Scheinen,Scheinen,Scheinen,Scheinen,False,True,True,both_TN
de,Scheiss,Scheisse,Scheisse,Scheiss,True,True,False,A_only_correct
de,Scheisse,Scheisse,Scheisse,Scheisse,False,True,True,both_TN
de,Schildband,Schildband,Schildband,Schildband,False,True,True,both_TN
de,Schirm,Schirm,Schirm,Schirm,False,True,True,both_TN
de,Schone,Schone,Schone,Schone,False,True,True,both_TN
de,Schreibe,Schreibe,Schreibe,Schreibe,False,True,True,both_TN
de,Schwдnze,Schwänze,Schwônze,Schwienze,True,False,False,both_wrong
de,Sea,Sea,Sea,Sea,False,True,True,both_TN
de,Seidentuch,Seidentuch,Seidentuch,Seidentuch,False,True,True,both_TN
de,Seite,Seite,Seite,Seite,False,True,True,both_TN
de,Selbstständigkeit,Selbstständigkeit,Selbstständigkeit,Selbstständigkeit,False,True,True,both_TN
de,Seyfarth,Seyfarth,Seyfarth,Seyfarth,False,True,True,both_TN
de,Show,Show,Show,Show,False,True,True,both_TN
de,Sie,Sie,Sie,Sie,False,True,True,both_TN
de,Sind,Sind,Sind,Sind,False,True,True,both_TN
de,Sinn,Sinn,Sinn,Sinn,False,True,True,both_TN
de,Siri,Siri,Siri,Siri,False,True,True,both_TN
de,Situation,Situation,Situation,Situation,False,True,True,both_TN
de,Skandal,Skandal,Skandal,Skandal,False,True,True,both_TN
de,Skype,Skype,Skype,Skype,False,True,True,both_TN
de,Skyrim,Skyrim,Skyrim,Skyrim,False,True,True,both_TN
de,Snuggie,Snuggie,Snuggie,Snuggie,False,True,True,both_TN
de,So,So,So,So,False,True,True,both_TN
de,Social-Media-Welt,Social-Media-Welt,Social-Media-Welt,Social-Media-Welt,False,True,True,both_TN
de,Soiw,Soiw,Soiw,Soiw,False,True,True,both_TN
de,Solution,Solution,Solution,Solution,False,True,True,both_TN
de,Sooo,So,So,So,True,True,True,both_correct
de,Sorge,Sorge,Sorge,Sorge,False,True,True,both_TN
de,Spanien,Spanien,Spanien,Spanien,False,True,True,both_TN
de,Spass,Spass,Spass,Spass,False,True,True,both_TN
de,Speisezimmer,Speisezimmer,Speisezimmer,Speisezimmer,False,True,True,both_TN
de,Spiegelreflex,Spiegelreflex,Spiegelreflex,Spiegelreflex,False,True,True,both_TN
de,Spiel,Spiel,Spiel,Spiel,False,True,True,both_TN
de,Spielern,Spielern,Spielern,Spielern,False,True,True,both_TN
de,Spielzeug,Spielzeug,Spielzeug,Spielzeug,False,True,True,both_TN
de,Spinner,Spinner,Spinner,Spinner,False,True,True,both_TN
de,Spr,Sprüche,Spr,Spr,True,False,False,both_wrong
de,Sry,Sorry,Sorry,Sry,True,True,False,A_only_correct
de,Stadt,Stadt,Stadt,Stadt,False,True,True,both_TN
de,Stadtgebiet,Stadtgebiet,Stadtgebiet,Stadtgebiet,False,True,True,both_TN
de,Star,Star,Star,Star,False,True,True,both_TN
de,Start-up-Unternehmen,Start-up-Unternehmen,Start-up-Unternehmen,Start-up-Unternehmen,False,True,True,both_TN
de,Staubsaugern,Staubsaugern,Staubsaugern,Staubsaugern,False,True,True,both_TN
de,Stck,Stück,Stck,Stck,True,False,False,both_wrong
de,Stimmen,Stimmen,Stimmen,Stimmen,False,True,True,both_TN
de,Stimmung,Stimmung,Stimmung,Stimmung,False,True,True,both_TN
de,Strand,Strand,Strand,Strand,False,True,True,both_TN
de,Strudelteig,Strudelteig,Strudelteig,Strudelteig,False,True,True,both_TN
de,Stuhlen,Stühlen,Stuhlen,Stuhlen,True,False,False,both_wrong
de,Stunde,Stunde,Stunde,Stunde,False,True,True,both_TN
de,Stunden,Stunden,Stunden,Stunden,False,True,True,both_TN
de,Suchfunktion,Suchfunktion,Suchfunktion,Suchfunktion,False,True,True,both_TN
de,Supi,Super,Supi,Supi,True,False,False,both_wrong
de,SÜDL.,Südl.,SÜDL.,SÜDL.,True,False,False,both_wrong
de,T,T,T,T,False,True,True,both_TN
de,TAGESORDNUNG,Tagesordnung,TAGESORDNUNG,TAGESORDNUNG,True,False,False,both_wrong
ja,TL,タイムライン,TL,TL,True,False,False,both_wrong
de,TRÖDEL,Trödel,TRÖDEL,TRÖDEL,True,False,False,both_wrong
de,TUV,TÜV,TÜV,TUV,True,True,False,A_only_correct
de,Tach,Tag,Tach,Tach,True,False,False,both_wrong
de,Tag,Tag,Tag,Tag,False,True,True,both_TN
de,Tasse,Tasse,Tasse,Tasse,False,True,True,both_TN
de,Tee-Ei,Tee-Ei,Tee-Ei,Tee-Ei,False,True,True,both_TN
de,Telefonierer,Telefonierer,Telefonierer,Telefonierer,False,True,True,both_TN
de,Telefonsex,Telefonsex,Telefonsex,Telefonsex,False,True,True,both_TN
de,Tiefpreisgarantie,Tiefpreisgarantie,Tiefpreisgarantie,Tiefpreisgarantie,False,True,True,both_TN
de,Timeline,Timeline,Timeline,Timeline,False,True,True,both_TN
de,Tipp,Tipp,Tipp,Tipp,False,True,True,both_TN
de,Tisch,Tisch,Tisch,Tisch,False,True,True,both_TN
de,To,To,To,To,False,True,True,both_TN
ja,ToDo,ToDo,ToDo,ToDo,False,True,True,both_TN
de,Tod,Tod,Tod,Tod,False,True,True,both_TN
de,Toma,Toma,Toma,Toma,False,True,True,both_TN
de,Tor,Tor,Tor,Tor,False,True,True,both_TN
de,Torwart,Torwart,Torwart,Torwart,False,True,True,both_TN
de,Treuer,Treuer,Treuer,Treuer,False,True,True,both_TN
de,Tränchen,Tränchen,Tränchen,Tränchen,False,True,True,both_TN
de,Trödel,Trödelware,Trödel,Trödel,True,False,False,both_wrong
de,Tupper,Tupper,Tupper,Tupper,False,True,True,both_TN
de,Turbulenzen,Turbulenzen,Turbulenzen,Turbulenzen,False,True,True,both_TN
de,Tweak,Tweak,Tweak,Tweak,False,True,True,both_TN
de,Tweets,Tweets,Tweets,Tweets,False,True,True,both_TN
ja,Twitter,Twitter,Twitter,Twitter,False,True,True,both_TN
de,Türchen,Türchen,Türchen,Türchen,False,True,True,both_TN
ja,Tシャツ,Tシャツ,Tシャツ,Tシャツ,False,True,True,both_TN
ja,URL,URL,URL,URL,False,True,True,both_TN
de,Umschlag,Umschlag,Umschlag,Umschlag,False,True,True,both_TN
de,Und,Und,Und,Und,False,True,True,both_TN
de,Unternehmensberatung,Unternehmensberatung,Unternehmensberatung,Unternehmensberatung,False,True,True,both_TN
de,Unternehmer,Unternehmer,Unternehmer,Unternehmer,False,True,True,both_TN
de,Unternehmer-Teams,Unternehmer-Teams,Unternehmer-Teams,Unternehmer-Teams,False,True,True,both_TN
de,Urlaub,Urlaub,Urlaub,Urlaub,False,True,True,both_TN
de,VIERTE,Vierte,VIERTE,VIERTE,True,False,False,both_wrong
ja,VIP,VIP,VIP,VIP,False,True,True,both_TN
de,VOICE,VOICE,VOICE,VOICE,False,True,True,both_TN
de,Valentino,Valentino,Valentino,Valentino,False,True,True,both_TN
de,Vasenset,Vasenset,Vasenset,Vasenset,False,True,True,both_TN
de,Veranstaltungska,Veranstaltungskalender,Veranstaltungska,Veranstaltungska,True,False,False,both_wrong
de,Veranstaltungskalender,Veranstaltungskalender,Veranstaltungskalender,Veranstaltungskalender,False,True,True,both_TN
de,Verdacht,Verdacht,Verdacht,Verdacht,False,True,True,both_TN
de,Vergleich,Vergleich,Vergleich,Vergleich,False,True,True,both_TN
de,Verkauf,Verkauf,Verkauf,Verkauf,False,True,True,both_TN
de,Verkaufen,verkaufen,Verkaufen,Verkaufen,True,False,False,both_wrong
de,Vermutung,Vermutung,Vermutung,Vermutung,False,True,True,both_TN
de,Vermögen,Vermögen,Vermögen,Vermögen,False,True,True,both_TN
de,Verschicken,Verschicken,Verschicken,Verschicken,False,True,True,both_TN
de,Versklavung,Versklavung,Versklavung,Versklavung,False,True,True,both_TN
de,Verstärkung,Verstärkung,Verstärkung,Verstärkung,False,True,True,both_TN
de,Verzug,Verzug,Verzug,Verzug,False,True,True,both_TN
de,Vettel,Vettel,Vettel,Vettel,False,True,True,both_TN
de,Vid,Video,Video,Vid,True,True,False,A_only_correct
de,Viertelacker,Viertelacker,Viertelacker,Viertelacker,False,True,True,both_TN
ja,Vlog,Vlog,Vlog,Vlog,False,True,True,both_TN
de,Von,Von,Von,Von,False,True,True,both_TN
de,Vorallem,Vor allem,Vor allem,Vorallem,True,True,False,A_only_correct
de,Vorhaben,Vorhaben,Vorhaben,Vorhaben,False,True,True,both_TN
de,Vorwerk,Vorwerk,Vorwerk,Vorwerk,False,True,True,both_TN
de,Vorwüfe,Vorwürfe,Vorwüfe,Vorwüfe,True,False,False,both_wrong
de,WC,WC,WC,WC,False,True,True,both_TN
de,WE,Wochenende,WE,WE,True,False,False,both_wrong
de,WETTER,Wetter,WETTER,WETTER,True,False,False,both_wrong
de,WH,WH,WH,WH,False,True,True,both_TN
de,WP7,WP7,WP7,WP7,False,True,True,both_TN
de,Ware,,Ware,Ware,True,False,False,both_wrong
de,Warum,Warum,Warum,Warum,False,True,True,both_TN
de,Was,Was,Was,Was,False,True,True,both_TN
ja,Web,Web,Web,Web,False,True,True,both_TN
de,Wechsele,Wechsele,Wechsele,Wechsele,False,True,True,both_TN
de,Weihnachten,Weihnachten,Weihnachten,Weihnachten,False,True,True,both_TN
de,Weihnachtsmann,Weihnachtsmann,Weihnachtsmann,Weihnachtsmann,False,True,True,both_TN
de,Weil,Weil,Weil,Weil,False,True,True,both_TN
de,Welt,Welt,Welt,Welt,False,True,True,both_TN
de,Weltuntergang-und-gleich-setz-ich-mir-den-goldenen-Schuss-Musik,Weltuntergang und gleich setze ich mir den goldenen Schuss Musik,Weltuntergang-und-Gleich-Setz-Ic,Weltuntergang-und-gleich-setz-ic,True,False,False,both_wrong
de,Wenn,Wenn,Wenn,Wenn,False,True,True,both_TN
de,Werbung,Werbung,Werbung,Werbung,False,True,True,both_TN
de,Westwerk,Westwerk,Westwerk,Westwerk,False,True,True,both_TN
de,Wetten,Wetten,Wetten,Wetten,False,True,True,both_TN
de,Wetter,Wetter,Wetter,Wetter,False,True,True,both_TN
de,Wichtigkeit,Wichtigkeit,Wichtigkeit,Wichtigkeit,False,True,True,both_TN
de,Wie,Wie,Wie,Wie,False,True,True,both_TN
de,Wieso,Wieso,Wieso,Wieso,False,True,True,both_TN
ja,Wikipedia,Wikipedia,Wikipedia,Wikipedia,False,True,True,both_TN
de,Wir,Wir,Wir,Wir,False,True,True,both_TN
de,Wird,Wird,Wird,Wird,False,True,True,both_TN
de,Wissen,Wissen,Wissen,Wissen,False,True,True,both_TN
de,Witze,Witze,Witze,Witze,False,True,True,both_TN
de,Wochenende,Wochenende,Wochenende,Wochenende,False,True,True,both_TN
de,Wohlfuehlcharakter,Wohlfühlcharakter,Wohlfühlcharakter,Wohlfühlcharakter,True,True,True,both_correct
de,Wohnen,Wohnen,Wohnen,Wohnen,False,True,True,both_TN
de,Wollstrumpfhosen,Wollstrumpfhosen,Wollstrumpfhosen,Wollstrumpfhosen,False,True,True,both_TN
de,Worldpictures,Worldpictures,Worldpictures,Worldpictures,False,True,True,both_TN
de,Wort,Wort,Wort,Wort,False,True,True,both_TN
de,Worte,Worte,Worte,Worte,False,True,True,both_TN
de,Wundert,Wundert,Wundert,Wundert,False,True,True,both_TN
de,Wunschgruppe,Wunschgruppe,Wunschgruppe,Wunschgruppe,False,True,True,both_TN
de,Wäre,Wäre,Wäre,Wäre,False,True,True,both_TN
de,Wünsch,Wünsche,Wünsch,Wünsch,True,False,False,both_wrong
de,Wünsche,Wünsche,Wünsche,Wünsche,False,True,True,both_TN
de,Xavier,Xavier,Xavier,Xavier,False,True,True,both_TN
de,Xing-Gruppeneinladung,Xing-Gruppeneinladung,Xing-Gruppeneinladung,Xing-Gruppeneinladung,False,True,True,both_TN
de,Y,Y,Y,Y,False,True,True,both_TN
ja,YANKEE,YANKEE,YANKEE,YANKEE,False,True,True,both_TN
de,Yorkey's,Yorkey's,Yorkey's,Yorkey's,False,True,True,both_TN
ja,YouTube,YouTube,YouTube,YouTube,False,True,True,both_TN
de,Zeit,Zeit,Zeit,Zeit,False,True,True,both_TN
de,Zeitdruck,Zeitdruck,Zeitdruck,Zeitdruck,False,True,True,both_TN
de,Zeiten,Zeiten,Zeiten,Zeiten,False,True,True,both_TN
de,Zertifikate,Zertifikate,Zertifikate,Zertifikate,False,True,True,both_TN
de,Zettel,Zettel,Zettel,Zettel,False,True,True,both_TN
de,Zeug,Zeug,Zeug,Zeug,False,True,True,both_TN
de,Zillertal,Zillertal,Zillertal,Zillertal,False,True,True,both_TN
de,Zimmer,Zimmer,Zimmer,Zimmer,False,True,True,both_TN
de,Zuhause,Zuhause,Zu Hause,Zuhause,False,False,True,B_fixed_FP
de,Zunge,Zunge,Zunge,Zunge,False,True,True,both_TN
de,Zw.,Zwischen,Zw.,Zw.,True,False,False,both_wrong
en,[,[,[,[,False,True,True,both_TN
de,[:,[:,[:,[:,False,True,True,both_TN
en,],],],],False,True,True,both_TN
de,^^,^^,^^,^^,False,True,True,both_TN
de,^^;,^^;,^^;,^^;,False,True,True,both_TN
en,__,__,__,__,False,True,True,both_TN
ja,a,a,a,a,False,True,True,both_TN
de,a),a),a),a),False,True,True,both_TN
en,a1,a1,a1,a1,False,True,True,both_TN
en,a2,a2,a2,a2,False,True,True,both_TN
en,a3,a3,a3,a3,False,True,True,both_TN
en,a9lan,a9lan,a9lan,a9lan,False,True,True,both_TN
de,aa1220,aa1220,aa1220,aa1220,False,True,True,both_TN
en,aap,aap,aap,aap,False,True,True,both_TN
en,aav,aav,aav,aav,False,True,True,both_TN
de,ab,ab,ab,ab,False,True,True,both_TN
en,abduction,abduction,abduction,abduction,False,True,True,both_TN
en,abdullah,abdullah,abdullah,abdullah,False,True,True,both_TN
de,abend,Abend,Abend,abend,True,True,False,A_only_correct
de,aber,aber,aber,aber,False,True,True,both_TN
de,abgeben,abgeben,abgeben,abgeben,False,True,True,both_TN
de,abgehen,abgehen,abgehen,abgehen,False,True,True,both_TN
de,abgeliefert,abgeliefert,abgeliefert,abgeliefert,False,True,True,both_TN
de,abgeschickt,abgeschickt,abgeschickt,abgeschickt,False,True,True,both_TN
de,abgeschossen,abgeschossen,abgeschossen,abgeschossen,False,True,True,both_TN
de,abgeschrieben,abgeschrieben,abgeschrieben,abgeschrieben,False,True,True,both_TN
de,abgesicherte,abgesicherte,abgesicherte,abgesicherte,False,True,True,both_TN
de,abnormal,abnormal,abnormal,abnormal,False,True,True,both_TN
de,aboniert,abonniert,aboniert,aboniert,True,False,False,both_wrong
en,about,about,about,about,False,True,True,both_TN
en,abs,abs,abs,abs,False,True,True,both_TN
de,absurd,absurd,absurd,absurd,False,True,True,both_TN
en,abt,about,abt,abt,True,False,False,both_wrong
de,abwechselnd,abwechselnd,abwechselnd,abwechselnd,False,True,True,both_TN
de,abzugeben,abzugeben,abzugeben,abzugeben,False,True,True,both_TN
en,ac,ac,ac,ac,False,True,True,both_TN
en,access,access,access,access,False,True,True,both_TN
en,accidentally,accidentally,accidentally,accidentally,False,True,True,both_TN
en,account,account,account,account,False,True,True,both_TN
en,accountability,accountability,accountability,accountability,False,True,True,both_TN
en,accounts,accounts,accounts,accounts,False,True,True,both_TN
en,acesse,acesse,acesse,acesse,False,True,True,both_TN
de,ach,Ach,Ach,ach,True,True,False,A_only_correct
en,achieved,achieved,achieved,achieved,False,True,True,both_TN
en,achilles,achilles,achilles,achilles,False,True,True,both_TN
de,achso,Ach so,Ach so,achso,True,True,False,A_only_correct
de,acmış,acmış,acmış,acmış,False,True,True,both_TN
en,act,act,act,act,False,True,True,both_TN
en,acting,acting,acting,acting,False,True,True,both_TN
en,activations,activations,activations,activations,False,True,True,both_TN
en,actor,actor,actor,actor,False,True,True,both_TN
en,acts,acts,acts,acts,False,True,True,both_TN
en,actual,actual,actual,actual,False,True,True,both_TN
en,actually,actually,actually,actually,False,True,True,both_TN
en,actully,actually,actully,actully,True,False,False,both_wrong
en,acura,acura,acura,acura,False,True,True,both_TN
en,adam,adam,adam,adam,False,True,True,both_TN
en,adapter,adapter,adapter,adapter,False,True,True,both_TN
en,add,add,add,add,False,True,True,both_TN
en,added,added,added,added,False,True,True,both_TN
de,adden,adden,adden,adden,False,True,True,both_TN
en,addicted,addicted,addicted,addicted,False,True,True,both_TN
en,addicts,addicts,addicts,addicts,False,True,True,both_TN
en,adding,adding,adding,adding,False,True,True,both_TN
en,adhesive,adhesive,adhesive,adhesive,False,True,True,both_TN
en,adorable,adorable,adorable,adorable,False,True,True,both_TN
en,adorexonly,adorexonly,adorexonly,adorexonly,False,True,True,both_TN
en,adrian,adrian,adrian,adrian,False,True,True,both_TN
en,adult,adult,adult,adult,False,True,True,both_TN
en,adultwork,adult work,adultwork,adultwork,True,False,False,both_wrong
en,advance,advance,advance,advance,False,True,True,both_TN
en,advanced,advanced,advanced,advanced,False,True,True,both_TN
en,advani,advani,advani,advani,False,True,True,both_TN
en,aegyo,aegyo,aegyo,aegyo,False,True,True,both_TN
en,af,as fuck,af,af,True,False,False,both_wrong
en,afford,afford,afford,afford,False,True,True,both_TN
en,afk,afk,afk,afk,False,True,True,both_TN
en,after,after,after,after,False,True,True,both_TN
en,again,again,again,again,False,True,True,both_TN
en,against,against,against,against,False,True,True,both_TN
en,agent,agent,agent,agent,False,True,True,both_TN
en,ago,ago,ago,ago,False,True,True,both_TN
en,agreed,agreed,agreed,agreed,False,True,True,both_TN
en,aguero,aguero,aguero,aguero,False,True,True,both_TN
en,aguilera,aguilera,aguilera,aguilera,False,True,True,both_TN
de,ah,ah,ah,ah,False,True,True,both_TN
en,ahahaha,ahahaha,ahahaha,ahahaha,False,True,True,both_TN
en,ahahahaa,ahahahaa,ahahahaa,ahahahaa,False,True,True,both_TN
en,ahh,ahh,ahh,ahh,False,True,True,both_TN
en,ahhh,ahhh,ahhh,ahhh,False,True,True,both_TN
de,ahhhh,ahhhh,ahhhh,ahhhh,False,True,True,both_TN
en,ahhhhh,ahhhhh,ahhhhh,ahhhhh,False,True,True,both_TN
de,ahhhhhhhhhhhhhhhhhhhhhhhh,ahhhhhhhhhhhhhhhhhhhhhhhh,ahhhhhhhhhhhhhhhhhhhhhhhhhhhhhhh,ahhhhhhhhhhhhhhhhhhhhhhhhhhhhhhh,False,False,False,both_FP
de,ahja,ah ja,ahja,ahja,True,False,False,both_wrong
de,ahnungsloses,ahnungsloses,Ahnungsloses,ahnungsloses,False,False,True,B_fixed_FP
en,aigooo,aigooo,aigooo,aigo,False,True,False,B_new_FP
en,aiko,aiko,aiko,aiko,False,True,True,both_TN
en,aimez,aimez,aimez,aimez,False,True,True,both_TN
en,ain,ain,ain,ain,False,True,True,both_TN
en,ain't,ain't,ain't,ain't,False,True,True,both_TN
en,aina,aina,ain't,aina,False,False,True,B_fixed_FP
en,ainda,ainda,ain't,ain't,False,False,False,both_FP
en,aint,ain't,ain't,ain't,True,True,True,both_correct
en,air,air,air,air,False,True,True,both_TN
en,airball,airball,airball,airball,False,True,True,both_TN
en,airport,airport,airport,airport,False,True,True,both_TN
en,aka,aka,aka,aka,False,True,True,both_TN
en,akong,akong,akong,akong,False,True,True,both_TN
en,aku,aku,aku,aku,False,True,True,both_TN
en,akukamba,akukamba,akukamba,akukamba,False,True,True,both_TN
en,alastair,alastair,alastair,alastair,False,True,True,both_TN
en,album,album,album,album,False,True,True,both_TN
en,alert,alert,alert,alert,False,True,True,both_TN
en,algo,algo,algo,algo,False,True,True,both_TN
de,alkohol,Alkohol,alkohol,alkohol,True,False,False,both_wrong
en,all,all,all,all,False,True,True,both_TN
en,all-in-one,all-in-one,all-in-one,all-in-one,False,True,True,both_TN
en,allah,allah,allah,allah,False,True,True,both_TN
de,alleine,alleine,alleine,alleine,False,True,True,both_TN
de,allen,allen,allen,allen,False,True,True,both_TN
de,aller,aller,aller,aller,False,True,True,both_TN
de,allerdings,allerdings,allerdings,allerdings,False,True,True,both_TN
de,alles,alles,alles,alles,False,True,True,both_TN
en,allowed,allowed,allowed,allowed,False,True,True,both_TN
en,almost,almost,almost,almost,False,True,True,both_TN
en,alone,alone,alone,alone,False,True,True,both_TN
en,along,along,along,along,False,True,True,both_TN
en,alonso,alonso,alonso,alonso,False,True,True,both_TN
en,alot,a lot,a lot,alot,True,True,False,A_only_correct
en,aloud,aloud,aloud,aloud,False,True,True,both_TN
en,alrdy,already,alrdy,alrdy,True,False,False,both_wrong
en,already,already,already,already,False,True,True,both_TN
de,als,als,als,als,False,True,True,both_TN
en,also,also,also,also,False,True,True,both_TN
de,alter,Alter,alter,alter,True,False,False,both_wrong
de,altes,altes,altes,altes,False,True,True,both_TN
en,aluminium,aluminium,aluminium,aluminium,False,True,True,both_TN
en,always,always,always,always,False,True,True,both_TN
en,am,am,am,am,False,True,True,both_TN
en,ama,ama,ama,ama,False,True,True,both_TN
en,ambi,ambi,ambi,ambi,False,True,True,both_TN
en,americares,americares,americares,americares,False,True,True,both_TN
en,ammmazing,amazing,ammmazing,ammmazing,True,False,False,both_wrong
en,amo,amo,amo,amo,False,True,True,both_TN
en,amor,amor,amor,amor,False,True,True,both_TN
en,ams,ams,ams,ams,False,True,True,both_TN
en,an,an,an,an,False,True,True,both_TN
en,anais,anais,anais,anais,False,True,True,both_TN
en,and,and,and,and,False,True,True,both_TN
en,andd,and,and,andd,True,True,False,A_only_correct
de,andere,andere,andere,andere,False,True,True,both_TN
de,anderen,anderen,anderen,anderen,False,True,True,both_TN
de,andern,anderen,andern,andern,True,False,False,both_wrong
de,anders,anders,anders,anders,False,True,True,both_TN
en,andrea,andrea,Andrea,andrea,False,False,True,B_fixed_FP
en,andrew,andrew,andrew,andrew,False,True,True,both_TN
en,ane,ane,ane,ane,False,True,True,both_TN
de,anfall,anfall,anfall,anfall,False,True,True,both_TN
de,anfassen,Anfassen,anfassen,anfassen,True,False,False,both_wrong
en,ang,ang,ang,ang,False,True,True,both_TN
de,angefangen,angefangen,angefangen,angefangen,False,True,True,both_TN
en,angel,angel,angel,angel,False,True,True,both_TN
en,angeles,angeles,angeles,angeles,False,True,True,both_TN
en,angelou,angelou,angelou,angelou,False,True,True,both_TN
en,angeres,angeres,angeres,angeres,False,True,True,both_TN
de,angezeigt,angezeigt,angezeigt,angezeigt,False,True,True,both_TN
en,angry,angry,angry,angry,False,True,True,both_TN
en,animation,animation,animation,animation,False,True,True,both_TN
en,anita,anita,anita,anita,False,True,True,both_TN
de,anmacht,anmacht,anmacht,anmacht,False,True,True,both_TN
en,anniversary,anniversary,anniversary,anniversary,False,True,True,both_TN
de,annoying,Annoying,annoying,annoying,True,False,False,both_wrong
en,ano,ano,ano,ano,False,True,True,both_TN
en,anodized,anodized,anodized,anodized,False,True,True,both_TN
en,another,another,another,another,False,True,True,both_TN
de,anschaffen,anschaffen,anschaffen,anschaffen,False,True,True,both_TN
de,anschluss,Anschluss,Anschluss,anschluss,True,True,False,A_only_correct
en,answered,answered,answered,answered,False,True,True,both_TN
de,anvertrauten,anvertrauten,anvertrauten,anvertrauten,False,True,True,both_TN
en,any,any,any,any,False,True,True,both_TN
en,anymore,anymore,anymore,anymore,False,True,True,both_TN
en,anyones,anyone,anyones,anyones,True,False,False,both_wrong
en,anything,anything,anything,anything,False,True,True,both_TN
en,anyways,anyways,anyways,anyways,False,True,True,both_TN
en,ap,ap,ap,ap,False,True,True,both_TN
en,apa,apa,apa,apa,False,True,True,both_TN
en,apink,apink,apink,apink,False,True,True,both_TN
en,app's,app's,app's,app's,False,True,True,both_TN
en,appearance,appearance,appearance,appearance,False,True,True,both_TN
en,apple,apple,apple,apple,False,True,True,both_TN
en,appointment,appointment,appointment,appointment,False,True,True,both_TN
de,arbeiten,arbeiten,arbeiten,arbeiten,False,True,True,both_TN
en,archery,archery,archery,archery,False,True,True,both_TN
en,are,are,are,are,False,True,True,both_TN
en,area,area,area,area,False,True,True,both_TN
en,aren't,aren't,aren't,aren't,False,True,True,both_TN
en,arena,arena,arena,arena,False,True,True,both_TN
en,arent,aren't,aren't,aren't,True,True,True,both_correct
en,ariana,ariana,ariana,ariana,False,True,True,both_TN
de,arm,Arm,arm,arm,True,False,False,both_wrong
de,armes,armes,armes,armes,False,True,True,both_TN
en,armour,armour,armour,armour,False,True,True,both_TN
en,arms,arms,arms,arms,False,True,True,both_TN
en,army,army,army,army,False,True,True,both_TN
en,arnaiz,arnaiz,arnaiz,arnaiz,False,True,True,both_TN
en,arod,arod,arod,arod,False,True,True,both_TN
en,around,around,around,around,False,True,True,both_TN
en,arrives,arrives,arrives,arrives,False,True,True,both_TN
en,arro,arro,arro,arrow,False,True,False,B_new_FP
en,arrows,arrows,arrows,arrows,False,True,True,both_TN
en,arsene,arsene,arsene,arsene,False,True,True,both_TN
en,art,art,art,art,False,True,True,both_TN
en,artists,artists,artists,artists,False,True,True,both_TN
en,as,as,as,as,False,True,True,both_TN
en,asap,asap,as ap,asap,False,False,True,B_fixed_FP
en,asda,asda,asda,asda,False,True,True,both_TN
en,ashanti,ashanti,ashanti,ashanti,False,True,True,both_TN
en,ashe,ashe,ashe,ashe,False,True,True,both_TN
en,asheville,asheville,asheville,asheville,False,True,True,both_TN
en,ask,ask,ask,ask,False,True,True,both_TN
en,asked,asked,asked,asked,False,True,True,both_TN
en,asking,asking,asking,asking,False,True,True,both_TN
en,ass,ass,ass,ass,False,True,True,both_TN
en,assembling,assembling,assembling,assembling,False,True,True,both_TN
en,assembly,assembly,assembly,assembly,False,True,True,both_TN
en,asshole,asshole,asshole,asshole,False,True,True,both_TN
en,associate,associate,associate,associate,False,True,True,both_TN
en,asst,assistant,asst,asst,True,False,False,both_wrong
en,astaghfirullah,astaghfirullah,astaghfirullah,astaghfirullah,False,True,True,both_TN
en,aston,aston,aston,aston,False,True,True,both_TN
en,at,at,at,at,False,True,True,both_TN
en,atd,atd,atd,atd,False,True,True,both_TN
en,athar,athar,athar,athar,False,True,True,both_TN
en,atl,atl,atl,atl,False,True,True,both_TN
en,atleast,at least,atleast,atleast,True,False,False,both_wrong
en,atletico,atletico,atletico,atletico,False,True,True,both_TN
de,attraktiv,attraktiv,attraktiv,attraktiv,False,True,True,both_TN
en,au,au,au,au,False,True,True,both_TN
de,auch,auch,auch,auch,False,True,True,both_TN
de,auf,auf,auf,auf,False,True,True,both_TN
de,aufewig,auf ewig,aufewig,aufewig,True,False,False,both_wrong
de,aufgestanden,aufgestanden,aufgestanden,aufgestanden,False,True,True,both_TN
de,aufregen,aufregen,aufregen,aufregen,False,True,True,both_TN
de,aufräumen,aufräumen,aufräumen,aufräumen,False,True,True,both_TN
de,auftaucht,auftaucht,auftaucht,auftaucht,False,True,True,both_TN
de,augen,Augen,augen,augen,True,False,False,both_wrong
en,augusta,augusta,augusta,augusta,False,True,True,both_TN
de,aupassen,aufpassen,aupassen,aupassen,True,False,False,both_wrong
de,aus,aus,aus,aus,False,True,True,both_TN
de,ausfall,Ausfall,ausfall,ausfall,True,False,False,both_wrong
de,auslachen,auslachen,auslachen,auslachen,False,True,True,both_TN
de,ausser,ausser,ausser,ausser,False,True,True,both_TN
en,austerlitz,austerlitz,Austerlitz,Austerlitz,False,False,False,both_FP
de,auszuprobieren,auszuprobieren,auszuprobieren,auszuprobieren,False,True,True,both_TN
en,auteur,auteur,auteur,auteur,False,True,True,both_TN
en,autofollback,autofollback,autofollback,autofollback,False,True,True,both_TN
de,auuuuuch,auch,auuuuuuuuuuuuuuuuuuuuuuuuuuuuuuu,auch,True,False,True,B_only_correct
de,auweia,Auweia,auweia,auweia,True,False,False,both_wrong
en,avengers,avengers,avengers,avengers,False,True,True,both_TN
en,avenida,avenida,avenida,avenida,False,True,True,both_TN
en,avg,avg,avg,avg,False,True,True,both_TN
en,avi,avi,avi,avi,False,True,True,both_TN
en,avoiding,avoiding,avoiding,avoiding,False,True,True,both_TN
en,award,award,award,award,False,True,True,both_TN
en,awareness,awareness,awareness,awareness,False,True,True,both_TN
en,away,away,away,away,False,True,True,both_TN
en,awesomer,awesomer,awesomer,awesomer,False,True,True,both_TN
en,awhile,awhile,awhile,awhile,False,True,True,both_TN
en,aww,aww,aww,aww,False,True,True,both_TN
en,awww,awww,awww,aww,False,True,False,B_new_FP
en,awwww,awwww,awwww,awwww,False,True,True,both_TN
en,axel,axel,axel,axel,False,True,True,both_TN
en,ay,ay,ay,ay,False,True,True,both_TN
en,ayase,ayase,ayase,ayase,False,True,True,both_TN
en,ayurvedic,ayurvedic,ayurvedic,ayurvedic,False,True,True,both_TN
en,b,be,b,b,True,False,False,both_wrong
de,b),b),b),b),False,True,True,both_TN
en,b/c,b/c,b/c,b/c,False,True,True,both_TN
en,babe,babe,babe,babe,False,True,True,both_TN
en,babies,babies,babies,babies,False,True,True,both_TN
en,baby,baby,baby,baby,False,True,True,both_TN
en,babyface,baby face,babyface,babyface,True,False,False,both_wrong
en,babygirl,babygirl,babygirl,babygirl,False,True,True,both_TN
en,bachata,bachata,bachata,bachata,False,True,True,both_TN
en,back,back,back,back,False,True,True,both_TN
en,backlinking,backlinking,backlinking,backlinking,False,True,True,both_TN
en,bad,bad,bad,bad,False,True,True,both_TN
en,badass,bad ass,badass,badass,True,False,False,both_wrong
en,bae,bae,bae,bae,False,True,True,both_TN
en,bae's,bae's,bae's,bae's,False,True,True,both_TN
en,bag,bag,bag,bag,False,True,True,both_TN
en,bah,bah,bah,bah,False,True,True,both_TN
en,baho,baho,baho,baho,False,True,True,both_TN
en,baisan,baisan,baisan,baisan,False,True,True,both_TN
en,bakery,bakery,bakery,bakery,False,True,True,both_TN
en,balboa,balboa,balboa,balboa,False,True,True,both_TN
en,balik,balik,balik,balik,False,True,True,both_TN
en,bama,bama,bama,bama,False,True,True,both_TN
en,bana,bana,bana,bana,False,True,True,both_TN
en,banana,banana,banana,banana,False,True,True,both_TN
en,band,band,band,band,False,True,True,both_TN
en,bangtan,bangtan,bangtan,bangtan,False,True,True,both_TN
en,banky,banky,banky,banky,False,True,True,both_TN
en,banner,banner,banner,banner,False,True,True,both_TN
en,bantu,bantu,bantu,bantu,False,True,True,both_TN
en,bar,bar,bar,bar,False,True,True,both_TN
en,barcelona,barcelona,barcelona,barcelona,False,True,True,both_TN
en,bargin,bargin,bargin,barging,False,True,False,B_new_FP
en,barkat,barkat,barkat,barkat,False,True,True,both_TN
en,baromxkookie,baromxkookie,baromxkookie,baromxkookie,False,True,True,both_TN
en,barrymoore,barrymoore,barrymoore,barrymoore,False,True,True,both_TN
en,baru,baru,baru,baru,False,True,True,both_TN
en,baseball,baseball,baseball,baseball,False,True,True,both_TN
en,basically,basically,basically,basically,False,True,True,both_TN
en,baskin,baskin,basking,basking,False,False,False,both_FP
en,bassist,bassist,bassist,bassist,False,True,True,both_TN
de,bastarts,Bastarde,bastarts,bastarts,True,False,False,both_wrong
de,bastel,bastele,bastel,bastel,True,False,False,both_wrong
en,batson,batson,batson,batson,False,True,True,both_TN
en,battle,battle,battle,battle,False,True,True,both_TN
de,bauchhaare,Bauchhaare,Bauchhaare,bauchhaare,True,True,False,A_only_correct
de,bayern,Bayern,bayern,bayern,True,False,False,both_wrong
en,bbg,bbg,bbg,bbg,False,True,True,both_TN
en,bbo,bbo,bbo,bbo,False,True,True,both_TN
en,bc,because,because,bc,True,True,False,A_only_correct
en,bck,back,because,bck,True,False,False,both_wrong
en,bday,birthday,beday,beday,True,False,False,both_wrong
en,be,be,be,be,False,True,True,both_TN
en,beach,beach,beach,beach,False,True,True,both_TN
de,beam,beam,beam,beam,False,True,True,both_TN
en,beamer,beamer,beamer,beamer,False,True,True,both_TN
en,bean,bean,bean,bean,False,True,True,both_TN
en,bear,bear,bear,bear,False,True,True,both_TN
en,beasiswa,beasiswa,beasiswa,beasiswa,False,True,True,both_TN
en,beat,beat,beat,beat,False,True,True,both_TN
en,beating,beating,beating,beating,False,True,True,both_TN
en,beats,beats,beats,beats,False,True,True,both_TN
en,beautiful,beautiful,beautiful,beautiful,False,True,True,both_TN
en,became,became,became,became,False,True,True,both_TN
en,because,because,because,because,False,True,True,both_TN
en,beckham,beckham,beckham,beckham,False,True,True,both_TN
en,becomes,becomes,becomes,becomes,False,True,True,both_TN
en,bed,bed,bed,bed,False,True,True,both_TN
en,bedi's,bedi's,bedi's,bedi's,False,True,True,both_TN
en,bedroom,bedroom,bedroom,bedroom,False,True,True,both_TN
de,beeinträchtig,beeinträchtigen,beeinträchtig,beeinträchtig,True,False,False,both_wrong
de,beeinträchtigen,beeinträchtigen,beeinträchtigen,beeinträchtigen,False,True,True,both_TN
en,been,been,been,been,False,True,True,both_TN
en,beer,beer,beer,beer,False,True,True,both_TN
en,before,before,before,before,False,True,True,both_TN
de,beginnen,beginnen,beginnen,beginnen,False,True,True,both_TN
en,beginning,beginning,beginning,beginning,False,True,True,both_TN
de,bei,bei,bei,bei,False,True,True,both_TN
de,beide,beide,beide,beide,False,True,True,both_TN
de,beim,beim,beim,beim,False,True,True,both_TN
de,beine,Beine,beine,beine,True,False,False,both_wrong
en,being,being,being,being,False,True,True,both_TN
de,bekannt,bekannt,bekannt,bekannt,False,True,True,both_TN
en,bekasi,bekasi,bekasi,bekasi,False,True,True,both_TN
de,bekomm,bekomme,bekomme,bekomme,True,True,True,both_correct
de,bekomme,bekomme,bekomme,bekomme,False,True,True,both_TN
de,bekommen,bekommen,bekommen,bekommen,False,True,True,both_TN
en,belgium,belgium,belgium,belgium,False,True,True,both_TN
en,belieber,belieber,belieber,belieber,False,True,True,both_TN
en,believing,believing,believing,believing,False,True,True,both_TN
de,bellt,bellt,bellt,bellt,False,True,True,both_TN
de,ben,ben,ben,ben,False,True,True,both_TN
en,bend,bend,bend,bend,False,True,True,both_TN
de,benutzt,benutzt,benutzt,benutzt,False,True,True,both_TN
de,bersichtlich,,bersichtlich,bersichtlich,True,False,False,both_wrong
de,beruhig,Beruhig,beruhig,beruhig,True,False,False,both_wrong
de,besass,besass,besass,besass,False,True,True,both_TN
de,bescheid,Bescheid,bescheid,bescheid,True,False,False,both_wrong
en,beside,beside,beside,beside,False,True,True,both_TN
de,besser,besser,besser,besser,False,True,True,both_TN
de,besseren,besseren,besseren,besseren,False,True,True,both_TN
en,best,best,best,best,False,True,True,both_TN
de,beste,beste,beste,beste,False,True,True,both_TN
de,besten,besten,besten,besten,False,True,True,both_TN
en,bestfriend,best friend,best friend,bestfriend,True,True,False,A_only_correct
en,bestfriends,best friends,best friends,bestfriends,True,True,False,A_only_correct
en,bestie,best friend,bestie,bestie,True,False,False,both_wrong
de,bestimmt,Bestimmt,bestimmt,bestimmt,True,False,False,both_wrong
de,besucht,besucht,besucht,besucht,False,True,True,both_TN
en,bet,bet,bet,bet,False,True,True,both_TN
de,betet,betet,betet,betet,False,True,True,both_TN
en,bethel,bethel,bethel,bethel,False,True,True,both_TN
de,betrunken,betrunken,betrunken,betrunken,False,True,True,both_TN
en,better,better,better,better,False,True,True,both_TN
de,bewahrheitet,bewahrheitet,bewahrheitet,bewahrheitet,False,True,True,both_TN
en,beyonce,beyonce,beyonce,beyonce,False,True,True,both_TN
en,beyonces,beyonces,beyonces,beyonces,False,True,True,both_TN
de,bezweilfe,bezweifle,bezweilfe,bezweilfe,True,False,False,both_wrong
en,bff,bff,bff,bff,False,True,True,both_TN
en,bffs,bffs,bffs,bffs,False,True,True,both_TN
en,bh3,bh3,bh3,bh3,False,True,True,both_TN
en,bhai,bhai,bhai,bhai,False,True,True,both_TN
en,bhejta,bhejta,bhejta,bhejta,False,True,True,both_TN
en,bhi,bhi,bhi,bhi,False,True,True,both_TN
en,bhuth,bhuth,bhuth,bhuth,False,True,True,both_TN
en,biased,biased,biased,biased,False,True,True,both_TN
en,bid,bid,bid,bid,False,True,True,both_TN
en,bieber,bieber,bieber,bieber,False,True,True,both_TN
de,bier,Bier,bier,bier,True,False,False,both_wrong
de,bieten,bieten,bieten,bieten,False,True,True,both_TN
en,big,big,big,big,False,True,True,both_TN
en,bigger,bigger,bigger,bigger,False,True,True,both_TN
en,biggest,biggest,biggest,biggest,False,True,True,both_TN
de,bild,Bild,bild,bild,True,False,False,both_wrong
de,bin,bin,bin,bin,False,True,True,both_TN
de,bins,bin es,bins,bins,True,False,False,both_wrong
en,bintang,bintang,bintang,bintang,False,True,True,both_TN
de,biogravision,Biogravision,biogravision,biogravision,True,False,False,both_wrong
en,bird,bird,bird,bird,False,True,True,both_TN
en,birthday,birthday,birthday,birthday,False,True,True,both_TN
de,bis,bis,bis,bis,False,True,True,both_TN
de,bisher,bisher,bisher,bisher,False,True,True,both_TN
en,bisnis,bisnis,bisnis,bisnis,False,True,True,both_TN
de,bist,bist,bist,bist,False,True,True,both_TN
en,bit,bit,bit,bit,False,True,True,both_TN
en,bitch,bitch,bitch,bitch,False,True,True,both_TN
de,bitte,bitte,bitte,bitte,False,True,True,both_TN
de,bitteschön,bitte schön,bitteschön,bitteschön,True,False,False,both_wrong
en,bizarre,bizarre,bizarre,bizarre,False,True,True,both_TN
en,bjp,bjp,bjp,bjp,False,True,True,both_TN
en,black,black,black,black,False,True,True,both_TN
de,blamier,blamiere,blamier,blamier,True,False,False,both_wrong
de,blatt,Blatt,blatt,blatt,True,False,False,both_wrong
de,bleiben,bleiben,bleiben,bleiben,False,True,True,both_TN
de,bleibt,bleibt,bleibt,bleibt,False,True,True,both_TN
en,bless,bless,bless,bless,False,True,True,both_TN
en,blizz,blizz,blizz,blizz,False,True,True,both_TN
de,blogadresse,Blogadresse,Blogadresse,blogadresse,True,True,False,A_only_correct
en,blood,blood,blood,blood,False,True,True,both_TN
en,blossom,blossom,blossom,blossom,False,True,True,both_TN
en,blueberry,blueberry,blueberry,blueberry,False,True,True,both_TN
en,blunt,blunt,blunt,blunt,False,True,True,both_TN
en,blunts,blunts,blunts,blunts,False,True,True,both_TN
de,blöd,blöd,blöd,blöd,False,True,True,both_TN
en,bmw,bmw,bmw,bmw,False,True,True,both_TN
de,boah,Boah,boah,boah,True,False,False,both_wrong
en,boakwon,boakwon,boakwon,boakwon,False,True,True,both_TN
de,bodenständig,bodenständig,bodenständig,bodenständig,False,True,True,both_TN
en,body,body,body,body,False,True,True,both_TN
en,bok,bok,bok,bok,False,True,True,both_TN
en,boko,boko,boko,boko,False,True,True,both_TN
en,boliches,boliches,boliches,boliches,False,True,True,both_TN
en,bom,bom,bom,bom,False,True,True,both_TN
en,bom's,bom's,bom's,bom's,False,True,True,both_TN
en,bomb,bomb,bomb,bomb,False,True,True,both_TN
en,bongkaran,bongkaran,bongkaran,bongkaran,False,True,True,both_TN
en,book,book,book,book,False,True,True,both_TN
en,booty,booty,booty,booty,False,True,True,both_TN
en,borderline,borderline,borderline,borderline,False,True,True,both_TN
en,boring,boring,boring,boring,False,True,True,both_TN
en,boroko,boroko,boroko,boroko,False,True,True,both_TN
en,boss,boss,boss,boss,False,True,True,both_TN
de,boston,Boston,boston,boston,True,False,False,both_wrong
en,bot,bot,bot,bot,False,True,True,both_TN
en,bought,bought,bought,bought,False,True,True,both_TN
en,bout,about,about,bout,True,True,False,A_only_correct
en,bouta,about to,about to,bouta,True,True,False,A_only_correct
en,boutta,about to,about to,boutta,True,True,False,A_only_correct
en,boy,boy,boy,boy,False,True,True,both_TN
en,boyfriend,boyfriend,boyfriend,boyfriend,False,True,True,both_TN
en,boyle/dorsett,boyle/dorsett,boyle/dorsett,boyle/dorsett,False,True,True,both_TN
en,boys,boys,boys,boys,False,True,True,both_TN
de,bpt11,bpt11,bpt11,bpt11,False,True,True,both_TN
de,bpt112,bpt112,bpt112,bpt112,False,True,True,both_TN
en,bramblewood,bramblewood,bramblewood,bramblewood,False,True,True,both_TN
en,branford,branford,branford,branford,False,True,True,both_TN
en,bras,bras,bras,bras,False,True,True,both_TN
en,brassard,brassard,brassard,brassard,False,True,True,both_TN
de,brauch,brauch,brauch,brauch,False,True,True,both_TN
de,brauche,brauche,brauche,brauche,False,True,True,both_TN
en,brazil,brazil,brazil,brazil,False,True,True,both_TN
en,bre,breath,bre,break,True,False,False,both_wrong
en,bread,bread,bread,bread,False,True,True,both_TN
en,breaking,breaking,breaking,breaking,False,True,True,both_TN
en,breaks,breaks,breaks,breaks,False,True,True,both_TN
en,breakup,breakup,breakup,breakup,False,True,True,both_TN
en,breathing,breathing,breathing,breathing,False,True,True,both_TN
en,brenna,brenna,brenna,brenna,False,True,True,both_TN
en,brewers,brewers,brewers,brewers,False,True,True,both_TN
en,bring,bring,bring,bring,False,True,True,both_TN
de,bringt,Bringt,bringt,bringt,True,False,False,both_wrong
en,britain's,britain's,britain's,britain's,False,True,True,both_TN
en,brna,brna,brother,brand,False,False,False,both_FP
en,bro,brother,brother,bro,True,True,False,A_only_correct
en,broccoli,broccoli,broccoli,broccoli,False,True,True,both_TN
en,broham,broham,broham,broham,False,True,True,both_TN
en,broken,broken,broken,broken,False,True,True,both_TN
en,brotha,brother,brother,brother,True,True,True,both_correct
en,brownskin,brown skin,brownskin,brownskin,True,False,False,both_wrong
en,bruh,brother,brother,brother,True,True,True,both_correct
en,bruk,bruk,bruk,bruke,False,True,False,B_new_FP
en,brutha,brother,bruther,bruther,True,False,False,both_wrong
en,brv,brv,brother,brother,False,False,False,both_FP
en,bryant,bryant,bryant,bryant,False,True,True,both_TN
en,bts7thheaven,bts7thheaven,bts7thheaven,bts7thheaven,False,True,True,both_TN
en,btw,btw,btw,btw,False,True,True,both_TN
de,buchen,buchen,buchen,buchen,False,True,True,both_TN
en,buchholz,buchholz,Buchholz,Buchholz,False,False,False,both_FP
en,buen,buen,buen,bünd,False,True,False,B_new_FP
en,bug,bug,bug,bug,False,True,True,both_TN
en,bukit,bukit,bukit,bukit,False,True,True,both_TN
de,buli,buli,buli,buli,False,True,True,both_TN
en,bullet,bullet,bullet,bullet,False,True,True,both_TN
en,bullshit,bullshit,bullshit,bullshit,False,True,True,both_TN
en,bumper,bumper,bumper,bumper,False,True,True,both_TN
de,bundesliga,bundesliga,Bundesliga,Bundesliga,False,False,False,both_FP
de,bunt,bunt,bunt,bunt,False,True,True,both_TN
en,burn,burn,burn,burn,False,True,True,both_TN
en,busters,busters,busters,busters,False,True,True,both_TN
en,but,but,but,but,False,True,True,both_TN
en,butt,butt,butt,butt,False,True,True,both_TN
en,buy,buy,buy,buy,False,True,True,both_TN
en,buying,buying,buying,buying,False,True,True,both_TN
en,by,by,by,by,False,True,True,both_TN
en,c,see,c,c,True,False,False,both_wrong
de,c),c),c),c),False,True,True,both_TN
en,ca'nt,can't,ca'n't,ca'nt,True,False,False,both_wrong
de,ca.,ca.,ca.,ca.,False,True,True,both_TN
en,cabello,cabello,cabello,cabello,False,True,True,both_TN
en,cabinet,cabinet,cabinet,cabinet,False,True,True,both_TN
en,cafe,cafe,cafe,cafe,False,True,True,both_TN
en,cagt,cagt,cagt,cagt,False,True,True,both_TN
en,cakes,cakes,cakes,cakes,False,True,True,both_TN
de,caleb,Caleb,caleb,caleb,True,False,False,both_wrong
en,call,call,call,call,False,True,True,both_TN
en,called,called,called,called,False,True,True,both_TN
en,calling,calling,calling,calling,False,True,True,both_TN
en,calm,calm,calm,calm,False,True,True,both_TN
en,camera,camera,camera,camera,False,True,True,both_TN
en,cameron,cameron,cameron,cameron,False,True,True,both_TN
en,camikum,camikum,camikum,camikum,False,True,True,both_TN
en,camila,camila,camila,camila,False,True,True,both_TN
en,campaign,campaign,campaign,campaign,False,True,True,both_TN
en,campaigns,campaigns,campaigns,campaigns,False,True,True,both_TN
en,can,can,can,can,False,True,True,both_TN
en,can't,can't,can't,can't,False,True,True,both_TN
en,canada,canada,canada,canada,False,True,True,both_TN
en,canal,canal,canal,canal,False,True,True,both_TN
en,cancer,cancer,cancer,cancer,False,True,True,both_TN
en,canf,canf,can't,can't,False,False,False,both_FP
en,cannnot,can't,cannnot,cannot,True,False,False,both_wrong
en,cant,can't,can't,can't,True,True,True,both_correct
en,capello,capello,capello,capello,False,True,True,both_TN
en,capital,capital,capital,capital,False,True,True,both_TN
en,captain,captain,captain,captain,False,True,True,both_TN
en,captains,captains,captains,captains,False,True,True,both_TN
en,car,car,car,car,False,True,True,both_TN
en,carcillo,carcillo,carcillo,carcillo,False,True,True,both_TN
en,cardio,cardio,cardio,cardio,False,True,True,both_TN
de,cards,cards,cards,cards,False,True,True,both_TN
en,care,care,care,care,False,True,True,both_TN
en,careful,careful,careful,careful,False,True,True,both_TN
en,carey,carey,carey,carey,False,True,True,both_TN
en,caring,caring,caring,caring,False,True,True,both_TN
en,carmen,carmen,carmen,carmen,False,True,True,both_TN
en,carnage,carnage,carnage,carnage,False,True,True,both_TN
en,carolina,carolina,carolina,carolina,False,True,True,both_TN
en,caroline,caroline,caroline,caroline,False,True,True,both_TN
en,carried,carried,carried,carried,False,True,True,both_TN
en,case,case,case,case,False,True,True,both_TN
en,casts,casts,casts,casts,False,True,True,both_TN
en,catch,catch,catch,catch,False,True,True,both_TN
en,catchy,catchy,catchy,catchy,False,True,True,both_TN
en,cause,because,because,cause,True,True,False,A_only_correct
en,caused,caused,because,caused,False,False,True,B_fixed_FP
en,cave,cave,cave,cave,False,True,True,both_TN
ja,cc,cc,cc,cc,False,True,True,both_TN
en,cdfu,cdfu,cdfu,cdfu,False,True,True,both_TN
en,cek,cek,cek,cek,False,True,True,both_TN
en,celebs,celebs,celebs,celebs,False,True,True,both_TN
en,celine,celine,celine,celine,False,True,True,both_TN
en,centering,centering,centering,centering,False,True,True,both_TN
en,centre,center,centre,centre,True,False,False,both_wrong
en,ceo,ceo,ceo,ceo,False,True,True,both_TN
en,certificate,certificate,certificate,certificate,False,True,True,both_TN
en,certified,certified,certified,certified,False,True,True,both_TN
en,cesc,cesc,cesc,cesc,False,True,True,both_TN
en,cewek,cewek,cewek,cewek,False,True,True,both_TN
ko,cg떡칠,cg떡칠,cg떡칠,cg떡칠,False,True,True,both_TN
en,cha,cha,cha,cha,False,True,True,both_TN
en,challenge,challenge,challenge,challenge,False,True,True,both_TN
en,champion,champion,champion,champion,False,True,True,both_TN
en,championship,championship,championship,championship,False,True,True,both_TN
en,chan,chan,chan,chan,False,True,True,both_TN
en,change,change,change,change,False,True,True,both_TN
en,chanting,chanting,chanting,chanting,False,True,True,both_TN
en,chanyeol,chanyeol,chanyeol,chanyeol,False,True,True,both_TN
en,chapa,chapa,chapa,chapa,False,True,True,both_TN
en,chapter,chapter,chapter,chapter,False,True,True,both_TN
en,characters,characters,characters,characters,False,True,True,both_TN
en,chat,chat,chat,chat,False,True,True,both_TN
de,che,,che,che,True,False,False,both_wrong
en,check,check,check,check,False,True,True,both_TN
en,checkbox,checkbox,checkbox,checkbox,False,True,True,both_TN
en,checked,checked,checked,checked,False,True,True,both_TN
en,chemist,chemist,chemist,chemist,False,True,True,both_TN
en,chemistry,chemistry,chemistry,chemistry,False,True,True,both_TN
en,cherry,cherry,cherry,cherry,False,True,True,both_TN
en,cheryl,cheryl,cheryl,cheryl,False,True,True,both_TN
en,chibok,chibok,chibok,chibok,False,True,True,both_TN
en,chicharito,chicharito,chicharito,chicharito,False,True,True,both_TN
en,chick,chick,chick,chick,False,True,True,both_TN
en,chillen,chilling,chillen,chillen,True,False,False,both_wrong
en,chillin,chilling,chilling,chilling,True,True,True,both_correct
en,chinese,chinese,chinese,chinese,False,True,True,both_TN
en,chino,chino,chino,chino,False,True,True,both_TN
en,chisaki,chisaki,chisaki,chisaki,False,True,True,both_TN
en,chocolate,chocolate,chocolate,chocolate,False,True,True,both_TN
en,choose,choose,choose,choose,False,True,True,both_TN
en,christian,christian,christian,christian,False,True,True,both_TN
de,christin,Christin,christin,christin,True,False,False,both_wrong
en,christina,christina,christina,christina,False,True,True,both_TN
en,chu,you,chu,chu,True,False,False,both_wrong
en,church,church,church,church,False,True,True,both_TN
en,cinemas,cinemas,cinemas,cinemas,False,True,True,both_TN
en,cities,cities,cities,cities,False,True,True,both_TN
en,city,city,city,city,False,True,True,both_TN
en,clareta,clareta,clareta,clareta,False,True,True,both_TN
de,claro,claro,claro,claro,False,True,True,both_TN
en,class,class,class,class,False,True,True,both_TN
en,classes,classes,classes,classes,False,True,True,both_TN
en,classified,classified,classified,classified,False,True,True,both_TN
en,clay,clay,clay,clay,False,True,True,both_TN
en,clean,clean,clean,clean,False,True,True,both_TN
en,clear,clear,clear,clear,False,True,True,both_TN
en,cleats,cleats,cleats,cleats,False,True,True,both_TN
en,click,click,click,click,False,True,True,both_TN
en,clifford,clifford,clifford,clifford,False,True,True,both_TN
en,clonedvd,clonedvd,clonedvd,clonedvd,False,True,True,both_TN
en,close,close,close,close,False,True,True,both_TN
en,closed,closed,closed,closed,False,True,True,both_TN
en,closeeee,close,close,close,True,True,True,both_correct
en,clothes,clothes,clothes,clothes,False,True,True,both_TN
de,cm,cm,cm,cm,False,True,True,both_TN
en,cnt,can't,cnt,cnt,True,False,False,both_wrong
en,coach,coach,coach,coach,False,True,True,both_TN
en,coastal,coastal,coastal,coastal,False,True,True,both_TN
en,coaster,coaster,coaster,coaster,False,True,True,both_TN
en,cocky,cocky,cocky,cocky,False,True,True,both_TN
en,cole's,cole's,cole's,cole's,False,True,True,both_TN
en,colle,colle,colle,collect,False,True,False,B_new_FP
en,collection,collection,collection,collection,False,True,True,both_TN
en,color,color,color,color,False,True,True,both_TN
en,colour,color,color,colour,True,True,False,A_only_correct
en,combat,combat,combat,combat,False,True,True,both_TN
en,come,come,come,come,False,True,True,both_TN
en,comeback,comeback,comeback,comeback,False,True,True,both_TN
en,comer,comer,comer,comer,False,True,True,both_TN
en,comin,coming,coming,coming,True,True,True,both_correct
en,coming,coming,coming,coming,False,True,True,both_TN
en,comkimberley,comkimberley,comkimberley,comkimberley,False,True,True,both_TN
en,comment,comment,comment,comment,False,True,True,both_TN
en,comments,comments,comments,comments,False,True,True,both_TN
en,communicated,communicated,communicated,communicated,False,True,True,both_TN
en,compendium,compendium,compendium,compendium,False,True,True,both_TN
en,complete,complete,complete,complete,False,True,True,both_TN
en,concert,concert,concert,concert,False,True,True,both_TN
en,confir,confir,confir,confirm,False,True,False,B_new_FP
en,confirms,confirms,confirms,confirms,False,True,True,both_TN
en,congrats,congratulations,congratulations,congratulations,True,True,True,both_correct
en,consecutive,consecutive,consecutive,consecutive,False,True,True,both_TN
en,considered,considered,considered,considered,False,True,True,both_TN
en,contactmusic,contactmusic,contactmusic,contactmusic,False,True,True,both_TN
en,contemplation,contemplation,contemplation,contemplation,False,True,True,both_TN
en,contract,contract,contract,contract,False,True,True,both_TN
en,convert,convert,convert,convert,False,True,True,both_TN
en,convo,conversation,conversation,convo,True,True,False,A_only_correct
en,cook,cook,cook,cook,False,True,True,both_TN
en,cool,cool,cool,cool,False,True,True,both_TN
de,cooler,cooler,cooler,cooler,False,True,True,both_TN
en,coolness,coolness,coolness,coolness,False,True,True,both_TN
de,coolo,cool,coolo,coolo,True,False,False,both_wrong
en,copier,copier,copier,copier,False,True,True,both_TN
en,corn,corn,corn,corn,False,True,True,both_TN
en,corny,corny,corny,corny,False,True,True,both_TN
en,correa,correa,correa,correa,False,True,True,both_TN
en,cory,cory,cory,cory,False,True,True,both_TN
en,cosas,cosas,cosas,cosas,False,True,True,both_TN
en,could,could,could,could,False,True,True,both_TN
en,coulthard,coulthard,coulthard,coulthard,False,True,True,both_TN
en,council,council,council,council,False,True,True,both_TN
en,count,count,count,count,False,True,True,both_TN
en,country,country,country,country,False,True,True,both_TN
en,county,county,county,county,False,True,True,both_TN
en,couple,couple,couple,couple,False,True,True,both_TN
en,course,course,course,course,False,True,True,both_TN
en,cousin,cousin,cousin,cousing,False,True,False,B_new_FP
en,cr,cr,cr,cr,False,True,True,both_TN
en,crack,crack,crack,crack,False,True,True,both_TN
en,craic,craic,craic,craic,False,True,True,both_TN
en,crashed,crashed,crashed,crashed,False,True,True,both_TN
en,craving,craving,craving,craving,False,True,True,both_TN
en,cream,cream,cream,cream,False,True,True,both_TN
en,credits,credits,credits,credits,False,True,True,both_TN
en,creekview,creek view,creekview,creekview,True,False,False,both_wrong
en,criminal,criminal,criminal,criminal,False,True,True,both_TN
en,crip,crip,crip,crip,False,True,True,both_TN
en,crippers,crippers,crippers,crippers,False,True,True,both_TN
en,crips,crips,crips,crips,False,True,True,both_TN
en,criticism,criticism,criticism,criticism,False,True,True,both_TN
en,croke,croke,croke,croke,False,True,True,both_TN
en,crowdfunding,crowdfunding,crowdfunding,crowdfunding,False,True,True,both_TN
en,crown,crown,crown,crown,False,True,True,both_TN
en,crush,crush,crush,crush,False,True,True,both_TN
en,crusing,crusing,crusing,crusing,False,True,True,both_TN
en,cry,cry,cry,cry,False,True,True,both_TN
en,crying,crying,crying,crying,False,True,True,both_TN
en,cryme,cryme,cryme,cryme,False,True,True,both_TN
en,csm,csm,csm,csm,False,True,True,both_TN
en,ct,ct,ct,ct,False,True,True,both_TN
en,ctfu,ctfu,ctfu,ctfu,False,True,True,both_TN
en,cucumber,cucumber,cucumber,cucumber,False,True,True,both_TN
en,cuh,see you,because,cuh,True,False,False,both_wrong
en,cums,comes,cums,cums,True,False,False,both_wrong
en,cup,cup,cup,cup,False,True,True,both_TN
en,cupcake,cupcake,cupcake,cupcake,False,True,True,both_TN
en,curry,curry,curry,curry,False,True,True,both_TN
en,curved,curved,curved,curved,False,True,True,both_TN
en,cust,cust,cust,cust,False,True,True,both_TN
en,cute,cute,cute,cute,False,True,True,both_TN
en,cuz,because,because,cut,True,True,False,A_only_correct
en,cvm,cvm,cvm,cvm,False,True,True,both_TN
en,cyberia,cyberia,cyberia,cyberia,False,True,True,both_TN
en,czech,czech,czech,czech,False,True,True,both_TN
en,d,the,the,d,True,True,False,A_only_correct
en,d.o.,d.o.,d.o.,d.o.,False,True,True,both_TN
en,da,that,da,da,True,False,False,both_wrong
de,daa,da,da,daa,True,True,False,A_only_correct
de,dabei,dabei,dabei,dabei,False,True,True,both_TN
en,daedae,daedae,daedae,daedae,False,True,True,both_TN
de,dafür,dafür,dafür,dafür,False,True,True,both_TN
de,daheim,daheim,daheim,daheim,False,True,True,both_TN
de,dahin,dahin,dahing,dahin,False,False,True,B_fixed_FP
en,daily,daily,daily,daily,False,True,True,both_TN
de,damals,damals,damals,damals,False,True,True,both_TN
de,damit,damit,damit,damit,False,True,True,both_TN
en,damn,damn,damn,damn,False,True,True,both_TN
en,dan,dan,dan,dan,False,True,True,both_TN
en,dance,dance,dance,dance,False,True,True,both_TN
en,danced,danced,danced,danced,False,True,True,both_TN
de,dank,dank,dank,dank,False,True,True,both_TN
de,danke,Danke,Danke,danke,True,True,False,A_only_correct
de,dankeschön,Danke schön,dankeschön,dankeschön,True,False,False,both_wrong
de,dann,dann,dann,dann,False,True,True,both_TN
de,daran,daran,daran,daran,False,True,True,both_TN
en,daredevils,daredevils,daredevils,daredevils,False,True,True,both_TN
de,darf,darf,darf,darf,False,True,True,both_TN
de,darfste,darfst du,darfst du,darfste,True,True,False,A_only_correct
en,dari,dari,dari,dari,False,True,True,both_TN
de,darin,darin,daring,daring,False,False,False,both_FP
en,darion,darion,darion,darion,False,True,True,both_TN
en,dark,dark,dark,dark,False,True,True,both_TN
en,darlin,darling,darling,darlin,True,True,False,A_only_correct
en,darragh,darragh,darragh,darragh,False,True,True,both_TN
de,das,dass,das,das,True,False,False,both_wrong
de,dass,dass,dass,dass,False,True,True,both_TN
en,dat,that,that,dat,True,True,False,A_only_correct
en,data,data,data,data,False,True,True,both_TN
en,dated,dated,dated,dated,False,True,True,both_TN
en,datpiff,the piff,datpiff,datpiff,True,False,False,both_wrong
en,dats,that's,that's,dats,True,True,False,A_only_correct
en,daum,daum,daum,Daum,False,True,False,B_new_FP
en,dave,dave,dave,dave,False,True,True,both_TN
en,david,david,david,david,False,True,True,both_TN
de,davon,davon,davon,davon,False,True,True,both_TN
de,daxbacher,daxbacher,daxbacher,daxbacher,False,True,True,both_TN
en,day,day,day,day,False,True,True,both_TN
en,days,days,days,days,False,True,True,both_TN
en,dazzling,dazzling,dazzling,dazzling,False,True,True,both_TN
en,de,de,de,de,False,True,True,both_TN
en,dead,dead,dead,dead,False,True,True,both_TN
en,deadly,deadly,deadly,deadly,False,True,True,both_TN
en,deal,deal,deal,deal,False,True,True,both_TN
en,dear,dear,dear,dear,False,True,True,both_TN
en,defender,defender,defender,defender,False,True,True,both_TN
en,definitley,definitely,definitley,definitley,True,False,False,both_wrong
en,dehumanizing,dehumanizing,dehumanizing,dehumanizing,False,True,True,both_TN
de,deine,deine,deine,deine,False,True,True,both_TN
en,deitrick,deitrick,deitrick,deitrick,False,True,True,both_TN
en,deja,deja,deja,deja,False,True,True,both_TN
en,dekat,dekat,dekat,dekat,False,True,True,both_TN
en,delhi,delhi,delhi,delhi,False,True,True,both_TN
en,delivers,delivers,delivers,delivers,False,True,True,both_TN
de,dem,dem,dem,dem,False,True,True,both_TN
en,demi,demi,demi,demi,False,True,True,both_TN
de,demnächst,demnächst,demnächst,demnächst,False,True,True,both_TN
de,den,der,den,den,True,False,False,both_wrong
de,denen,denen,denen,denen,False,True,True,both_TN
de,denke,denke,denke,denke,False,True,True,both_TN
de,denken,denken,denken,denken,False,True,True,both_TN
de,denn,denn,denn,denn,False,True,True,both_TN
en,denying,denying,denying,denying,False,True,True,both_TN
en,dep,dep,dep,dep,False,True,True,both_TN
en,depart,depart,depart,depart,False,True,True,both_TN
de,der,der,der,der,False,True,True,both_TN
en,des,des,des,des,False,True,True,both_TN
en,desain,desain,desain,desain,False,True,True,both_TN
en,dese,these,dese,dese,True,False,False,both_wrong
en,deserves,deserves,deserves,deserves,False,True,True,both_TN
en,design,design,design,design,False,True,True,both_TN
de,desswegen,Deswegen,desswegen,desswegen,True,False,False,both_wrong
en,destination,destination,destination,destination,False,True,True,both_TN
de,deutschland,Deutschland,deutschland,deutschland,True,False,False,both_wrong
en,dev,dev,dev,dev,False,True,True,both_TN
en,device,device,device,device,False,True,True,both_TN
en,devil,devil,devil,devil,False,True,True,both_TN
en,devs,developer,devs,devs,True,False,False,both_wrong
en,dewpoint,dewpoint,dewpoint,dewpoint,False,True,True,both_TN
en,dey,dey,they,dey,False,False,True,B_fixed_FP
en,di,di,di,di,False,True,True,both_TN
en,dia,their,dia,dia,True,False,False,both_wrong
de,diamantiert,diamantiert,diamantiert,diamantiert,False,True,True,both_TN
en,diaporama,diaporama,diaporama,diaporama,False,True,True,both_TN
en,diarmuid,diarmuid,diarmuid,diarmuid,False,True,True,both_TN
en,diaz,diaz,diaz,diaz,False,True,True,both_TN
en,diba,diba,diba,diba,False,True,True,both_TN
de,dich,dich,dich,dich,False,True,True,both_TN
en,dick,dick,dick,dick,False,True,True,both_TN
de,dicke,dicke,dicke,dicke,False,True,True,both_TN
en,did,did,did,did,False,True,True,both_TN
en,didn't,didn't,didn't,didn't,False,True,True,both_TN
en,didnt,didn't,didn't,didn't,True,True,True,both_correct
de,die,Die,die,die,True,False,False,both_wrong
en,die!',die!',die!',die!',False,True,True,both_TN
en,died,died,died,died,False,True,True,both_TN
de,dies,diesem,dies,dies,True,False,False,both_wrong
de,diese,diese,diese,diese,False,True,True,both_TN
de,diesen,diesen,diesen,diesen,False,True,True,both_TN
de,dieser,dieser,dieser,dieser,False,True,True,both_TN
de,dieses,dieses,dieses,dieses,False,True,True,both_TN
en,different,different,different,different,False,True,True,both_TN
en,digi,digi,digi,digi,False,True,True,both_TN
de,digitale,digitale,digitale,digitale,False,True,True,both_TN
en,digo,digo,digo,digo,False,True,True,both_TN
en,dinding,dinding,dinding,dinding,False,True,True,both_TN
en,dipsomaniac,dipsomaniac,dipsomaniac,dipsomaniac,False,True,True,both_TN
de,dir,dir,dir,dir,False,True,True,both_TN
en,direct,direct,direct,direct,False,True,True,both_TN
en,direction,direction,direction,direction,False,True,True,both_TN
en,directory,directory,directory,directory,False,True,True,both_TN
de,direkt,direkt,direkt,direkt,False,True,True,both_TN
en,dirty,dirty,dirty,dirty,False,True,True,both_TN
en,dis,this,this,dis,True,True,False,A_only_correct
en,discounts,discounts,discounts,discounts,False,True,True,both_TN
de,diskutieren,diskutieren,diskutieren,diskutieren,False,True,True,both_TN
en,dismisses,dismisses,dismisses,dismisses,False,True,True,both_TN
de,disposal,disposal,disposal,disposal,False,True,True,both_TN
en,diss,this,diss,diss,True,False,False,both_wrong
en,dissing,dissing,dissing,dissing,False,True,True,both_TN
de,dito,Dito,dito,dito,True,False,False,both_wrong
en,diy,do it yourself,diy,diy,True,False,False,both_wrong
en,dl,dl,dl,dl,False,True,True,both_TN
en,dll,dll,dll,dll,False,True,True,both_TN
ja,dm,個別 メッセージ,direct message,dm,True,False,False,both_wrong
en,dms,direct messages,direct messages,dms,True,True,False,A_only_correct
en,dnt,don't,don't,don't,True,True,True,both_correct
en,do,do,do,do,False,True,True,both_TN
en,doakan,doakan,doakan,doakan,False,True,True,both_TN
de,doch,doch,doch,doch,False,True,True,both_TN
en,doctors,doctors,doctors,doctors,False,True,True,both_TN
en,doe,doe,doe,doe,False,True,True,both_TN
en,does,does,does,does,False,True,True,both_TN
en,doesn't,doesn't,doesn't,doesn't,False,True,True,both_TN
en,doesng,doesn't,doesn't,doesn't,True,True,True,both_correct
en,doesnot,doesn't,doesn't,doesnot,True,True,False,A_only_correct
en,doesnt,doesn't,doesn't,doesn't,True,True,True,both_correct
en,dog,dog,dog,dog,False,True,True,both_TN
en,dogg,dog,dogg,dogg,True,False,False,both_wrong
en,dogs,dogs,dogs,dogs,False,True,True,both_TN
en,doin,doing,doing,doing,True,True,True,both_correct
en,doing,doing,doing,doing,False,True,True,both_TN
en,dolce,dolce,dolce,dolce,False,True,True,both_TN
de,dolle,doll,dolle,dolle,True,False,False,both_wrong
en,don,don,don't,don't,False,False,False,both_FP
en,don't,don't,don't,don't,False,True,True,both_TN
en,done,done,done,don't,False,True,False,B_new_FP
en,donghae,donghae,donghae,donghae,False,True,True,both_TN
en,dont,don't,don't,don't,True,True,True,both_correct
en,donut,doughnut,don't,don't,True,False,False,both_wrong
en,door,door,door,door,False,True,True,both_TN
en,doors,doors,doors,doors,False,True,True,both_TN
en,dope,dope,dope,dope,False,True,True,both_TN
en,dorky,dorky,dorky,dorky,False,True,True,both_TN
en,dormir,dormir,dormir,dormir,False,True,True,both_TN
de,dort,dort,dort,dort,False,True,True,both_TN
en,dottie's,dottie's,dottie's,dottie's,False,True,True,both_TN
en,double,double,double,double,False,True,True,both_TN
en,douche,douche,douche,douche,False,True,True,both_TN
en,dovey,dovey,dovey,dovey,False,True,True,both_TN
en,down,down,down,down,False,True,True,both_TN
en,download,download,download,download,False,True,True,both_TN
en,dr,dr,drei,dr,False,False,True,B_fixed_FP
en,dragonball,dragonball,dragonball,dragonball,False,True,True,both_TN
de,dran,daran,dran,dran,True,False,False,both_wrong
de,drauf,drauf,darauf,drauf,False,False,True,B_fixed_FP
de,draussen,draussen,draussen,draussen,False,True,True,both_TN
en,drawing,drawing,drawing,drawing,False,True,True,both_TN
en,dream,dream,dream,dream,False,True,True,both_TN
en,dreams,dreams,dreams,dreams,False,True,True,both_TN
de,drehen,drehen,drehen,drehen,False,True,True,both_TN
en,dressed,dressed,dressed,dressed,False,True,True,both_TN
en,dressin,dressing,dressing,dressing,True,True,True,both_correct
en,drew,drew,drew,drew,False,True,True,both_TN
de,drin,drin,drin,dring,False,True,False,B_new_FP
en,drinker,drinker,drinker,drinker,False,True,True,both_TN
de,dritte,dritte,dritte,dritte,False,True,True,both_TN
de,dritten,dritten,dritten,dritten,False,True,True,both_TN
de,drunter,darunter,drunter,drunter,True,False,False,both_wrong
de,drüber,darüber,darüber,drüber,True,True,False,A_only_correct
de,du,du,du,du,False,True,True,both_TN
en,dubstep,dubstep,dubstep,dubstep,False,True,True,both_TN
de,duch,du,duch,duch,True,False,False,both_wrong
en,dude,dude,dude,dude,False,True,True,both_TN
en,due,due,due,due,False,True,True,both_TN
en,duffel,duffel,duffel,duffel,False,True,True,both_TN
en,duke,duke,duke,duke,False,True,True,both_TN
en,dulu,dulu,dulu,dulu,False,True,True,both_TN
en,dumb,dumb,dumb,dumb,False,True,True,both_TN
de,dumm,dumm,dumm,dumm,False,True,True,both_TN
en,dumont,dumont,dumont,dumont,False,True,True,both_TN
en,dun,don't,don't,dun,True,True,False,A_only_correct
en,dund,dund,dund,dund,False,True,True,both_TN
en,dunny,dunny,dunny,dunny,False,True,True,both_TN
en,duramax,duramax,duramax,duramax,False,True,True,both_TN
de,durch,durch,durch,durch,False,True,True,both_TN
de,durchgefroren,durchgefroren,durchgefroren,durchgefroren,False,True,True,both_TN
en,during,during,during,during,False,True,True,both_TN
de,duschen,duschen,duschen,duschen,False,True,True,both_TN
de,duu,Du,du,du,True,False,False,both_wrong
en,dwade,dwade,dwade,dwade,False,True,True,both_TN
de,düsen,,düsen,düsen,True,False,False,both_wrong
en,e,e,e,e,False,True,True,both_TN
en,e-all-in-one,e-all-in-one,e-all-in-one,e-all-in-one,False,True,True,both_TN
de,eBooks,eBooks,eBooks,eBooks,False,True,True,both_TN
en,each,each,each,each,False,True,True,both_TN
en,earlier,earlier,earlier,earlier,False,True,True,both_TN
en,easy,easy,easy,easy,False,True,True,both_TN
en,eat,eat,eat,eat,False,True,True,both_TN
en,eataly,eataly,eataly,eataly,False,True,True,both_TN
en,eatin,eating,eating,eating,True,True,True,both_correct
en,eating,eating,eating,eating,False,True,True,both_TN
en,ebay,ebay,ebay,ebay,False,True,True,both_TN
de,eben,eben,eben,eben,False,True,True,both_TN
en,ebook,ebook,ebook,ebook,False,True,True,both_TN
en,ecf,ecf,ecf,ecf,False,True,True,both_TN
de,echt,echt,echt,echt,False,True,True,both_TN
en,eden,eden,eden,eden,False,True,True,both_TN
en,edit,edit,edit,edit,False,True,True,both_TN
en,eelv,eelv,eelv,eelv,False,True,True,both_TN
de,egal,egal,egal,egal,False,True,True,both_TN
en,eh,eh,eher,eh,False,False,True,B_fixed_FP
de,eher,eher,eher,eher,False,True,True,both_TN
en,ehh,ehh,ehh,ehh,False,True,True,both_TN
de,eigentl.,eigentlich,eigentl.,eigentl.,True,False,False,both_wrong
de,eigentlich,eigentlich,eigentlich,eigentlich,False,True,True,both_TN
en,eighteen,eighteen,eighteen,eighteen,False,True,True,both_TN
de,eigntlich,eigentlich,eigntlich,eigntlich,True,False,False,both_wrong
de,eile,eile,eile,eile,False,True,True,both_TN
de,ein,ein,ein,ein,False,True,True,both_TN
de,eine,Eine,eine,eine,True,False,False,both_wrong
de,einem,einem,einem,einem,False,True,True,both_TN
de,einen,einen,einen,einen,False,True,True,both_TN
de,einer,einer,einer,einer,False,True,True,both_TN
de,einfach,einfach,einfach,einfach,False,True,True,both_TN
de,eingefallen,eingefallen,eingefallen,eingefallen,False,True,True,both_TN
de,eingeliefert,eingeliefert,eingeliefert,eingeliefert,False,True,True,both_TN
de,einiges,Einiges,einiges,einiges,True,False,False,both_wrong
de,einkaufen,einkaufen,einkaufen,einkaufen,False,True,True,both_TN
de,einmal,einmal,einmal,einmal,False,True,True,both_TN
de,eins,eins,eins,eins,False,True,True,both_TN
de,einschlagen,einschlagen,einschlagen,einschlagen,False,True,True,both_TN
de,einzige,einzige,einzige,einzige,False,True,True,both_TN
en,ekxh,ekxh,ekxh,ekxh,False,True,True,both_TN
en,elan,elan,elan,elan,False,True,True,both_TN
en,elephant,elephant,elephant,elephant,False,True,True,both_TN
en,elf,elf,elf,elf,False,True,True,both_TN
en,eliminated,eliminated,eliminated,eliminated,False,True,True,both_TN
en,ellie,ellie,ellie,ellie,False,True,True,both_TN
en,else,else,else,else,False,True,True,both_TN
en,else's,else's,else's,else's,False,True,True,both_TN
en,em,em,them,em,False,False,True,B_fixed_FP
de,em2012,EM2012,em2012,em2012,True,False,False,both_wrong
de,emodramatisch,emodramatisch,emodramatisch,emodramatisch,False,True,True,both_TN
en,en,en,en,en,False,True,True,both_TN
en,end,end,end,end,False,True,True,both_TN
de,endlich,endlich,endlich,endlich,False,True,True,both_TN
en,ened,ened,ened,ened,False,True,True,both_TN
en,enforcement,enforcement,enforcement,enforcement,False,True,True,both_TN
en,england,england,england,england,False,True,True,both_TN
en,english,english,english,english,False,True,True,both_TN
en,engsub,engsub,engsub,engsub,False,True,True,both_TN
en,enjoy,enjoy,enjoy,enjoy,False,True,True,both_TN
en,enjoying,enjoying,enjoying,enjoying,False,True,True,both_TN
en,entertainment,entertainment,entertainment,entertainment,False,True,True,both_TN
de,entscheide,entscheide,entscheide,entscheide,False,True,True,both_TN
de,entscheiden,entscheiden,entscheiden,entscheiden,False,True,True,both_TN
de,entschieden,entschieden,entschieden,entschieden,False,True,True,both_TN
de,entshculdigsteil,Entschuldigungsteil,entshculdigsteil,entshculdigsteil,True,False,False,both_wrong
de,enttäuscht,enttäuscht,enttäuscht,enttäuscht,False,True,True,both_TN
de,entweder,entweder,entweder,entweder,False,True,True,both_TN
de,entworfen,entworfen,entworfen,entworfen,False,True,True,both_TN
en,ep,ep,ep,ep,False,True,True,both_TN
en,epal,epal,epal,epal,False,True,True,both_TN
en,epic,epic,epic,epic,False,True,True,both_TN
en,episode,episode,episode,episode,False,True,True,both_TN
en,epitome,epitome,epitome,epitome,False,True,True,both_TN
en,epoxy,epoxy,epoxy,epoxy,False,True,True,both_TN
en,epson,epson,epson,epson,False,True,True,both_TN
de,er,er,er,er,False,True,True,both_TN
de,erfolgreich,erfolgreich,erfolgreich,erfolgreich,False,True,True,both_TN
de,erhiel,erhielt,erhiel,erhiel,True,False,False,both_wrong
de,erklären,erklären,erklären,erklären,False,True,True,both_TN
de,erleben,erleben,erleben,erleben,False,True,True,both_TN
de,ernsthaft,ernsthaft,ernsthaft,ernsthaft,False,True,True,both_TN
de,erobern,erobern,erobern,erobern,False,True,True,both_TN
de,erst,erst,erst,erst,False,True,True,both_TN
de,erster,erster,erster,erster,False,True,True,both_TN
de,erstis,Erstis,erstis,erstis,True,False,False,both_wrong
de,erstmal,erstmal,erstmal,erstmal,False,True,True,both_TN
de,erwischst,erwischst,erwischst,erwischst,False,True,True,both_TN
en,ery,ery,ery,ery,False,True,True,both_TN
de,es,es,es,es,False,True,True,both_TN
de,esch,ist,esch,esch,True,False,False,both_wrong
en,esn,esn,esn,esn,False,True,True,both_TN
en,esp,especially,esp,esp,True,False,False,both_wrong
en,espera,espera,espera,espera,False,True,True,both_TN
en,essay,essay,essay,essay,False,True,True,both_TN
de,essen,Essen,essen,essen,True,False,False,both_wrong
en,essential,essential,essential,essential,False,True,True,both_TN
en,est,est,est,est,False,True,True,both_TN
en,etc,etc,etc,etc,False,True,True,both_TN
de,etw,etwas,etw,etw,True,False,False,both_wrong
de,etwas,etwas,etwas,etwas,False,True,True,both_TN
en,eu,eu,eu,eu,False,True,True,both_TN
de,euch,euch,euch,euch,False,True,True,both_TN
de,eure,eure,eure,eure,False,True,True,both_TN
de,europameister,Europameister,europameister,europameister,True,False,False,both_wrong
de,evel,Level,evel,evel,True,False,False,both_wrong
en,even,even,even,even,False,True,True,both_TN
en,ever,ever,ever,ever,False,True,True,both_TN
en,everdeen,everdeen,everdeen,everdeen,False,True,True,both_TN
en,every,every,every,every,False,True,True,both_TN
en,everybody,everybody,everybody,everybody,False,True,True,both_TN
en,everyday,everyday,everyday,everyday,False,True,True,both_TN
en,everyone,everyone,everyone,everyone,False,True,True,both_TN
en,everything,everything,everything,everything,False,True,True,both_TN
de,evie,Evie,evie,evie,True,False,False,both_wrong
en,ew,ew,ew,ew,False,True,True,both_TN
en,ewa,ewa,ewa,ewa,False,True,True,both_TN
en,eww,eww,eww,eww,False,True,True,both_TN
en,exact,exact,exact,exact,False,True,True,both_TN
en,exactly,exactly,exactly,exactly,False,True,True,both_TN
en,exam,exam,exam,exam,False,True,True,both_TN
en,excited,excited,excited,excited,False,True,True,both_TN
ja,exe,exe,exe,exe,False,True,True,both_TN
en,exercise,exercise,exercise,exercise,False,True,True,both_TN
de,existieren,existieren,existieren,existieren,False,True,True,both_TN
en,exo,exo,exo,exo,False,True,True,both_TN
en,exoffical_,exoffical_,exoffical_,exoffical_,False,True,True,both_TN
en,exostan,exostan,exostan,exostan,False,True,True,both_TN
en,exp,exp,exp,exp,False,True,True,both_TN
en,expect,expect,expect,expect,False,True,True,both_TN
en,expected,expected,expected,expected,False,True,True,both_TN
ja,explorer,explorer,explorer,explorer,False,True,True,both_TN
de,explosive,explosive,explosive,explosive,False,True,True,both_TN
en,exs,exs,exs,exs,False,True,True,both_TN
en,extra,extra,extra,extra,False,True,True,both_TN
de,eyh,Hey,eyh,eyh,True,False,False,both_wrong
en,f,f,f,f,False,True,True,both_TN
en,fab,fab,fab,fab,False,True,True,both_TN
en,fabio,fabio,fabio,fabio,False,True,True,both_TN
en,face,face,face,face,False,True,True,both_TN
en,facebook,facebook,facebook,facebook,False,True,True,both_TN
en,facilities,facilities,facilities,facilities,False,True,True,both_TN
en,facing,facing,facing,facing,False,True,True,both_TN
en,factor,factor,factor,factor,False,True,True,both_TN
en,facts,facts,facts,facts,False,True,True,both_TN
de,fahr,fahr,fahre,fahr,False,False,True,B_fixed_FP
de,fahren,fahren,fahren,fahren,False,True,True,both_TN
en,fair,fair,fair,fair,False,True,True,both_TN
en,fake,fake,fake,fake,False,True,True,both_TN
en,falaknuma,falaknuma,falaknuma,falaknuma,False,True,True,both_TN
en,falkirk,falkirk,falkirk,falkirk,False,True,True,both_TN
en,fall,fall,fall,fall,False,True,True,both_TN
en,falling,falling,falling,falling,False,True,True,both_TN
en,fallon,fallon,fallon,fallon,False,True,True,both_TN
de,falsch,falsch,falsch,falsch,False,True,True,both_TN
en,fam,fam,fam,fam,False,True,True,both_TN
en,fami,fami,fami,fami,False,True,True,both_TN
de,familie,Familie,familie,familie,True,False,False,both_wrong
de,familiäre,familiäre,familiäre,familiäre,False,True,True,both_TN
en,family,family,family,family,False,True,True,both_TN
en,famly,family,famly,famly,True,False,False,both_wrong
en,famous,famous,famous,famous,False,True,True,both_TN
en,fan,fan,fan,fan,False,True,True,both_TN
en,fandom,fandom,fandom,fandom,False,True,True,both_TN
en,fandoms,fandoms,fandoms,fandoms,False,True,True,both_TN
de,fands,fand es,fands,fands,True,False,False,both_wrong
de,fang,fange,fang,fang,True,False,False,both_wrong
en,fanmeet,fan meet,fanmeet,fanmeet,True,False,False,both_wrong
en,fans,fans,fans,fans,False,True,True,both_TN
en,fantaken,fantaken,fantaken,fantaken,False,True,True,both_TN
de,farbe,Farbe,farbe,farbe,True,False,False,both_wrong
en,farrukh,farrukh,farrukh,farrukh,False,True,True,both_TN
en,fast,fast,fast,fast,False,True,True,both_TN
en,faster,faster,faster,faster,False,True,True,both_TN
en,fatass,fat ass,fatass,fatass,True,False,False,both_wrong
en,fault,fault,fault,fault,False,True,True,both_TN
en,fav,favorite,favorite,favorite,True,True,True,both_correct
en,favorite,favorite,favorite,favorite,False,True,True,both_TN
en,favoriting,favoriting,favoriting,favoriting,False,True,True,both_TN
en,favourite,favorite,favorite,favorite,True,True,True,both_correct
en,fax,fax,fax,fax,False,True,True,both_TN
de,fb,fb,facebook,fb,False,False,True,B_fixed_FP
en,fdg,fdg,fdg,fdg,False,True,True,both_TN
en,feat,feat,feat,feat,False,True,True,both_TN
de,feat.,feat.,feat.,feat.,False,True,True,both_TN
en,feather,feather,feather,feather,False,True,True,both_TN
en,feathers,feathers,feathers,feathers,False,True,True,both_TN
en,feel,feel,feel,feel,False,True,True,both_TN
en,feela,feels,feela,feela,True,False,False,both_wrong
en,feelin,feeling,feeling,feeling,True,True,True,both_correct
en,feeling,feeling,feeling,feeling,False,True,True,both_TN
en,feelings,feelings,feelings,feelings,False,True,True,both_TN
de,feier,feiere,feier,feier,True,False,False,both_wrong
de,feministinnen,Feministinnen,feministinnen,Feministinnen,True,False,True,B_only_correct
en,fer,fer,fer,fer,False,True,True,both_TN
en,feroz,feroz,feroz,feroz,False,True,True,both_TN
de,fertig,fertig,fertig,fertig,False,True,True,both_TN
en,fest,fest,fest,fest,False,True,True,both_TN
de,feuerzeug,Feuerzeug,Feuerzeug,Feuerzeug,True,True,True,both_correct
en,ffs,ffs,ffs,ffs,False,True,True,both_TN
en,fiba,fiba,fiba,fiba,False,True,True,both_TN
de,ficken,ficken,ficken,ficken,False,True,True,both_TN
en,field,field,field,field,False,True,True,both_TN
en,fight,fight,fight,fight,False,True,True,both_TN
en,fighting,fighting,fighting,fighting,False,True,True,both_TN
en,figure,figure,figure,figure,False,True,True,both_TN
de,film,Film,film,Film,True,False,True,B_only_correct
en,filmed,filmed,filmed,filmed,False,True,True,both_TN
en,filmz,film,filmz,filmz,True,False,False,both_wrong
en,final,final,final,final,False,True,True,both_TN
en,finalised,finalised,finalised,finalised,False,True,True,both_TN
en,finally,finally,finally,finally,False,True,True,both_TN
de,finanziellen,finanziellen,finanziellen,finanziellen,False,True,True,both_TN
en,find,find,finde,find,False,False,True,B_fixed_FP
de,finde,finde,finde,finde,False,True,True,both_TN
de,finden,finden,finden,finden,False,True,True,both_TN
de,findest,findest,findest,findest,False,True,True,both_TN
en,fine,fine,fine,fine,False,True,True,both_TN
en,finna,going to,going to,finna,True,True,False,A_only_correct
en,firefighting,firefighting,firefighting,firefighting,False,True,True,both_TN
en,first,first,first,first,False,True,True,both_TN
en,fkn,fucking,fkn,fkn,True,False,False,both_wrong
de,flasche,flasche,Flasche,flasche,False,False,True,B_fixed_FP
en,flat,flat,flat,flat,False,True,True,both_TN
en,flavour,flavor,flavor,flavour,True,True,False,A_only_correct
en,flawless,flawless,flawless,flawless,False,True,True,both_TN
en,fletching,fletching,fletching,fletching,False,True,True,both_TN
en,flew,flew,flew,flew,False,True,True,both_TN
de,fliegen,fliegen,fliegen,fliegen,False,True,True,both_TN
en,flight,flight,flight,flight,False,True,True,both_TN
en,flintandpyrite,flintandpyrite,flintandpyrite,flintandpyrite,False,True,True,both_TN
en,flop,flop,flop,flop,False,True,True,both_TN
en,floral,floral,floral,floral,False,True,True,both_TN
en,flowering,flowering,flowering,flowering,False,True,True,both_TN
de,flug,Flug,flug,flug,True,False,False,both_wrong
en,flustered,flustered,flustered,flustered,False,True,True,both_TN
en,fly,fly,fly,fly,False,True,True,both_TN
en,flynn,flynn,flynn,flynn,False,True,True,both_TN
de,flüge,Flüge,flüge,Flüge,True,False,True,B_only_correct
ja,fm,fm,fm,fm,False,True,True,both_TN
en,fn,fn,fn,fn,False,True,True,both_TN
en,fog,fog,fog,fog,False,True,True,both_TN
en,foh,foh,foh,foh,False,True,True,both_TN
en,follow,follow,follow,follow,False,True,True,both_TN
en,followback,follow back,follow back,followback,True,True,False,A_only_correct
en,followed,followed,followed,followed,False,True,True,both_TN
en,follower,follower,follower,follower,False,True,True,both_TN
en,followers,followers,followers,followers,False,True,True,both_TN
en,fonk,fonk,fonk,fonk,False,True,True,both_TN
en,food,food,food,food,False,True,True,both_TN
en,for,for,for,for,False,True,True,both_TN
en,forehead,forehead,forehead,forehead,False,True,True,both_TN
en,foreign,foreign,foreign,foreign,False,True,True,both_TN
en,forever,forever,forever,forever,False,True,True,both_TN
en,forget,forget,forget,forget,False,True,True,both_TN
en,forgets,forgets,forgets,forgets,False,True,True,both_TN
en,forgot,forgot,forgot,forgot,False,True,True,both_TN
de,forgotten,forgotten,forgotten,forgotten,False,True,True,both_TN
en,forward,forward,forward,forward,False,True,True,both_TN
en,found,found,found,found,False,True,True,both_TN
en,fourth,fourth,fourth,fourth,False,True,True,both_TN
en,fqauwh,fqauwh,fqauwh,fqauwh,False,True,True,both_TN
en,fr,fr,fr,fr,False,True,True,both_TN
de,fragt,fragt,fragt,fragt,False,True,True,both_TN
en,france,france,france,france,False,True,True,both_TN
en,francos,francos,francos,francos,False,True,True,both_TN
de,frankreich,Frankreich,frankreich,frankreich,True,False,False,both_wrong
de,französisch,Französisch,Französisch,französisch,True,True,False,A_only_correct
de,frau,Frau,frau,frau,True,False,False,both_wrong
en,freakin,freaking,freaking,freaking,True,True,True,both_correct
en,free,free,free,free,False,True,True,both_TN
en,freestyle,freestyle,freestyle,freestyle,False,True,True,both_TN
en,freezing,freezing,freezing,freezing,False,True,True,both_TN
de,fresse,fresse,fresse,fresse,False,True,True,both_TN
de,freu,Freue,freue,freu,True,False,False,both_wrong
en,friday,friday,friday,friday,False,True,True,both_TN
en,friend,friend,friend,friend,False,True,True,both_TN
en,friendly,friendly,friendly,friendly,False,True,True,both_TN
en,friends,friends,friends,friends,False,True,True,both_TN
en,frodo,frodo,frodo,frodo,False,True,True,both_TN
en,from,from,from,from,False,True,True,both_TN
en,fruit,fruit,fruit,fruit,False,True,True,both_TN
de,früh,früh,früh,früh,False,True,True,both_TN
de,frühe,frühe,frühe,frühe,False,True,True,both_TN
en,ft,ft,ft,ft,False,True,True,both_TN
en,fu,fu,fuck,fu,False,False,True,B_fixed_FP
en,fuccin,fucking,fuccing,fuccing,True,False,False,both_wrong
en,fuck,fuck,fuck,fuck,False,True,True,both_TN
en,fuckin,fucking,fucking,fucking,True,True,True,both_correct
en,fucking,fucking,fucking,fucking,False,True,True,both_TN
en,fucks,fucks,fucks,fucks,False,True,True,both_TN
en,fudgesicles,fudgesicles,fudgesicles,fudgesicles,False,True,True,both_TN
en,fuengirola,fuengirola,fuengirola,füngirola,False,True,False,B_new_FP
en,fun,fun,fun,fun,False,True,True,both_TN
en,funny,funny,funny,funny,False,True,True,both_TN
de,fur,für,für,fur,True,True,False,A_only_correct
en,futsal,futsal,futsal,futsal,False,True,True,both_TN
en,future,future,future,future,False,True,True,both_TN
de,fänd,Fände,fänd,fänd,True,False,False,both_wrong
de,fängt,fängt,fängt,fängt,False,True,True,both_TN
de,fühl,fühle,fühle,fühl,True,True,False,A_only_correct
de,fühlt,fühlt,fühlt,fühlt,False,True,True,both_TN
de,führten,führten,führten,führten,False,True,True,both_TN
de,für,für,für,für,False,True,True,both_TN
de,fürsorge,Fürsorge,fürsorge,fürsorge,True,False,False,both_wrong
de,füttern,füttern,füttern,füttern,False,True,True,both_TN
en,g,g,g,g,False,True,True,both_TN
de,gJXG,gJXG,gJXG,gJXG,False,True,True,both_TN
en,ga,ga,ga,ga,False,True,True,both_TN
en,gabbana,gabbana,gabbana,gabbana,False,True,True,both_TN
en,gaduh,gaduh,gaduh,gaduh,False,True,True,both_TN
en,gage,gage,gage,gage,False,True,True,both_TN
en,gah,gah,gah,gah,False,True,True,both_TN
en,gai,gai,gai,gai,False,True,True,both_TN
en,gal,guy,gal,gal,True,False,False,both_wrong
en,gale,gale,gale,gale,False,True,True,both_TN
en,galing,galing,galing,galing,False,True,True,both_TN
en,gallardo,gallardo,gallardo,gallardo,False,True,True,both_TN
en,game,game,game,game,False,True,True,both_TN
en,games,games,games,games,False,True,True,both_TN
en,gan,gan,gan,gan,False,True,True,both_TN
en,gang,gang,gang,gang,False,True,True,both_TN
de,ganz,ganz,ganz,ganz,False,True,True,both_TN
de,ganze,Ganze,ganze,ganze,True,False,False,both_wrong
de,gar,gar,gar,gar,False,True,True,both_TN
en,garage,garage,garage,garage,False,True,True,both_TN
de,garnicht,gar nicht,gar nicht,garnicht,True,True,False,A_only_correct
en,garros,garros,garros,garros,False,True,True,both_TN
en,gary,gary,gary,gary,False,True,True,both_TN
en,gave,gave,gave,gave,False,True,True,both_TN
en,gay,gay,gay,gay,False,True,True,both_TN
en,gd,gd,gd,gd,False,True,True,both_TN
en,gdo,god,gdo,gdo,True,False,False,both_wrong
de,geaddet,geaddet,geaddet,geaddet,False,True,True,both_TN
de,geb,gebe,gebe,gebe,True,True,True,both_correct
de,gebaut,gebaut,gebaut,gebaut,False,True,True,both_TN
de,gebe,gebe,gebe,gebe,False,True,True,both_TN
de,gebloggt,gebloggt,gebloggt,gebloggt,False,True,True,both_TN
de,gebracht,gebracht,gebracht,gebracht,False,True,True,both_TN
de,gedacht,gedacht,gedacht,gedacht,False,True,True,both_TN
de,gedauert,gedauert,gedauert,gedauert,False,True,True,both_TN
de,gefahren,gefahren,gefahren,gefahren,False,True,True,both_TN
de,gefragt,gefragt,gefragt,gefragt,False,True,True,both_TN
de,gefunden,gefunden,gefunden,gefunden,False,True,True,both_TN
de,gefällt,gefällt,gefällt,gefällt,False,True,True,both_TN
de,gegangen,gegangen,gegangen,gegangen,False,True,True,both_TN
de,gegeben,gegeben,gegeben,gegeben,False,True,True,both_TN
de,gegen,gegen,gegen,gegen,False,True,True,both_TN
de,gegenseitig,gegenseitig,gegenseitig,gegenseitig,False,True,True,both_TN
de,gegessen,gegessen,gegessen,gegessen,False,True,True,both_TN
de,geh,geh,gehe,gehe,False,False,False,both_FP
de,gehe,Gehe,gehe,gehe,True,False,False,both_wrong
de,geheimnis,Geheimnis,geheimnis,geheimnis,True,False,False,both_wrong
de,gehen,gehen,gehen,gehen,False,True,True,both_TN
de,gehn,gehen,gehen,gehn,True,True,False,A_only_correct
de,gehst,gehst,gehst,gehst,False,True,True,both_TN
de,geht,geht,geht,geht,False,True,True,both_TN
de,gehts,geht es,geht es,gehts,True,True,False,A_only_correct
de,gehört,gehört,gehört,gehört,False,True,True,both_TN
de,geil,geil,geil,geil,False,True,True,both_TN
de,geilen,geilen,geilen,geilen,False,True,True,both_TN
de,gekauft,gekauft,gekauft,gekauft,False,True,True,both_TN
de,geklatscht,geklatscht,geklatscht,geklatscht,False,True,True,both_TN
de,geklaut,geklaut,geklaut,geklaut,False,True,True,both_TN
en,gel,gel,gel,gel,False,True,True,both_TN
de,gelacht,gelacht,gelacht,gelacht,False,True,True,both_TN
en,gelar,gelar,gelar,gelar,False,True,True,both_TN
de,geld,Geld,geld,geld,True,False,False,both_wrong
de,gelernt,gelernt,gelernt,gelernt,False,True,True,both_TN
de,gelesen,gelesen,gelesen,gelesen,False,True,True,both_TN
de,geliebter,geliebter,geliebter,geliebter,False,True,True,both_TN
de,gelost,gelöst,gelost,gelost,True,False,False,both_wrong
de,gemacht,gemacht,gemacht,gemacht,False,True,True,both_TN
de,gememischte,gemischte,gememischte,gememischte,True,False,False,both_wrong
de,genau,genau,genau,genau,False,True,True,both_TN
en,genji,genji,genji,genji,False,True,True,both_TN
en,geoff,geoff,geoff,geoff,False,True,True,both_TN
de,geplant,geplant,geplant,geplant,False,True,True,both_TN
de,gepruft,geprüft,geprüft,gepruft,True,True,False,A_only_correct
de,gerade,gerade,gerade,gerade,False,True,True,both_TN
de,gereicht,gereicht,gereicht,gereicht,False,True,True,both_TN
de,geriebene,geriebene,geriebene,geriebene,False,True,True,both_TN
de,gern,gern,gern,gern,False,True,True,both_TN
de,gerne,gerne,gerne,gerne,False,True,True,both_TN
de,gesagt,gesagt,gesagt,gesagt,False,True,True,both_TN
de,geschafft,geschafft,geschafft,geschafft,False,True,True,both_TN
de,geschaut,geschaut,geschaut,geschaut,False,True,True,both_TN
de,geschri,geschrieben,geschri,geschrie,True,False,False,both_wrong
de,geschrieben,geschrieben,geschrieben,geschrieben,False,True,True,both_TN
de,gesehen,gesehen,gesehen,gesehen,False,True,True,both_TN
de,gesehn,gesehen,gesehen,gesehen,True,True,True,both_correct
de,geselie,Geselie,geselie,geselie,True,False,False,both_wrong
de,gestanden,gestanden,gestanden,gestanden,False,True,True,both_TN
de,gestern,Gestern,gestern,gestern,True,False,False,both_wrong
de,gesucht,gesucht,gesucht,gesucht,False,True,True,both_TN
en,get,get,get,get,False,True,True,both_TN
en,getcha,get you,getcha,getcha,True,False,False,both_wrong
en,gets,gets,gets,gets,False,True,True,both_TN
en,gettin,getting,getting,getting,True,True,True,both_correct
de,getwittert,getwittert,getwittert,getwittert,False,True,True,both_TN
de,gewissen,gewissen,gewissen,gewissen,False,True,True,both_TN
de,gezwungen,gezwungen,gezwungen,gezwungen,False,True,True,both_TN
en,giant,giant,giant,giant,False,True,True,both_TN
de,gibt,gibt,gibt,gibt,False,True,True,both_TN
de,gibts,gibt es,gibt es,gibts,True,True,False,A_only_correct
de,gigaspeed,gigaspeed,gigaspeed,gigaspeed,False,True,True,both_TN
en,gil,gil,gil,gil,False,True,True,both_TN
en,gini,gini,gini,gini,False,True,True,both_TN
en,girl,girl,girl,girl,False,True,True,both_TN
en,girlfriend,girlfriend,girlfriend,girlfriend,False,True,True,both_TN
en,girls,girls,girls,girls,False,True,True,both_TN
en,give,give,give,give,False,True,True,both_TN
en,giveaway,giveaway,give away,giveaway,False,False,True,B_fixed_FP
en,giving,giving,giving,giving,False,True,True,both_TN
en,glad,glad,glad,glad,False,True,True,both_TN
de,glatt,glatt,glatt,glatt,False,True,True,both_TN
de,glaub,glaube,glaube,glaube,True,True,True,both_correct
de,glaube,glaube,glaube,glaube,False,True,True,both_TN
de,glaubt,glaubt,glaubt,glaubt,False,True,True,both_TN
de,gleich,gleich,gleich,gleich,False,True,True,both_TN
en,glisan,glisan,glisan,glisan,False,True,True,both_TN
de,glitzert,glitzert,glitzert,glitzert,False,True,True,both_TN
en,global,global,global,global,False,True,True,both_TN
en,globo,globo,globo,globo,False,True,True,both_TN
de,glücklich,glücklich,glücklich,glücklich,False,True,True,both_TN
en,gnocchi,gnocchi,gnocchi,gnocchi,False,True,True,both_TN
en,gnti,gnti,gnti,gnti,False,True,True,both_TN
en,go,go,go,go,False,True,True,both_TN
en,goal,goal,goal,goal,False,True,True,both_TN
en,goalkeeper,goalkeeper,goalkeeper,goalkeeper,False,True,True,both_TN
en,god,god,god,god,False,True,True,both_TN
en,goddamit,god damn it,goddamit,goddamit,True,False,False,both_wrong
en,goes,goes,goes,goes,False,True,True,both_TN
en,goin,going,going,going,True,True,True,both_correct
en,going,going,going,going,False,True,True,both_TN
de,gold,gold,gold,gold,False,True,True,both_TN
en,golden,golden,golden,golden,False,True,True,both_TN
en,golelhum,golelhum,golelhum,golelhum,False,True,True,both_TN
en,golf,golf,golf,golf,False,True,True,both_TN
en,gomes,gomes,gomes,gomes,False,True,True,both_TN
en,gon,gonna,gonna,gonna,True,True,True,both_correct
en,gone,gone,gone,gone,False,True,True,both_TN
en,gonna,going to,going to,gonna,True,True,False,A_only_correct
en,gooch,gooch,gooch,gooch,False,True,True,both_TN
en,good,good,good,good,False,True,True,both_TN
en,goodnight,goodnight,good night,goodnight,False,False,True,B_fixed_FP
de,googlen,googeln,googlen,googlen,True,False,False,both_wrong
en,gopro,gopro,gopro,gopro,False,True,True,both_TN
en,gopro155%,gopro155%,gopro155%,gopro155%,False,True,True,both_TN
en,gordon,gordon,gordon,gordon,False,True,True,both_TN
en,gorgeous,gorgeous,gorgeous,gorgeous,False,True,True,both_TN
en,gospe,gospel,gospe,gospe,True,False,False,both_wrong
en,got,got,got,got,False,True,True,both_TN
de,gott,Gott,gott,gott,True,False,False,both_wrong
en,gotta,gotta,gotta,gotta,False,True,True,both_TN
de,gottseidank,Gott sei dank,Gottseidank,gottseidank,True,False,False,both_wrong
en,goulding,goulding,goulding,goulding,False,True,True,both_TN
en,governor,governor,governor,governor,False,True,True,both_TN
en,governorate,governorate,governorate,governorate,False,True,True,both_TN
en,grab,grab,grab,grab,False,True,True,both_TN
en,grabbing,grabbing,grabbing,grabbing,False,True,True,both_TN
en,grace,grace,grace,grace,False,True,True,both_TN
de,grad,gerade,gerade,gerade,True,True,True,both_correct
de,grade,gerade,gerade,grade,True,True,False,A_only_correct
en,graduation,graduation,graduation,graduation,False,True,True,both_TN
en,grand,grand,gerand,grand,False,False,True,B_fixed_FP
en,grande,grande,grande,grande,False,True,True,both_TN
en,great,great,great,great,False,True,True,both_TN
en,greedy,greedy,greedy,greedy,False,True,True,both_TN
en,green,green,green,green,False,True,True,both_TN
en,greg,greg,greg,greg,False,True,True,both_TN
en,grille,grille,grille,grille,False,True,True,both_TN
en,grinder,grinder,grinder,grinder,False,True,True,both_TN
de,grosse,grosse,grosse,grosse,False,True,True,both_TN
de,grossen,grossen,grossen,großen,False,True,False,B_new_FP
en,group,group,group,group,False,True,True,both_TN
en,growing,growing,growing,growing,False,True,True,both_TN
en,grube,grube,grube,grube,False,True,True,both_TN
en,gsc,gsc,gsc,gsc,False,True,True,both_TN
de,gse,gesehen,gse,gese,True,False,False,both_wrong
de,gsungen,gesungen,gesungen,gesungen,True,True,True,both_correct
en,gta,gta,gta,gta,False,True,True,both_TN
en,gua,gua,gua,gua,False,True,True,both_TN
de,guck,guck,guck,guck,False,True,True,both_TN
en,gud,good,good,gud,True,True,False,A_only_correct
en,gue,gue,gue,gue,False,True,True,both_TN
en,guess,guess,guess,guess,False,True,True,both_TN
en,guilty,guilty,guilty,guilty,False,True,True,both_TN
en,guk,guk,guk,guk,False,True,True,both_TN
en,gusto,gusto,gusto,gusto,False,True,True,both_TN
de,gut,gut,gut,gut,False,True,True,both_TN
de,guten,guten,Guten,guten,False,False,True,B_fixed_FP
de,gutes,gutes,Gutes,gutes,False,False,True,B_fixed_FP
de,gutheerziig,gutherzig,Gutheerzig,gutheerzig,True,False,False,both_wrong
en,guys,guys,guys,guys,False,True,True,both_TN
en,guys*19,guys*19,guys*19,guys*19,False,True,True,both_TN
en,gv,gv,gv,gv,False,True,True,both_TN
en,gwyneth,gwyneth,gwyneth,gwyneth,False,True,True,both_TN
de,göttin,Göttin,göttin,göttin,True,False,False,both_wrong
de,h,h,h,h,False,True,True,both_TN
en,h-1,h-1,h-1,h-1,False,True,True,both_TN
en,ha,ha,ha,ha,False,True,True,both_TN
de,haarige,haarige,haarige,haarige,False,True,True,both_TN
de,hab,habe,habe,habe,True,True,True,both_correct
de,habe,habe,habe,habe,False,True,True,both_TN
de,habeeeen,haben,habeeeen,habeen,True,False,False,both_wrong
de,haben,haben,haben,haben,False,True,True,both_TN
en,haboyo,haboyo,haboyo,haboyo,False,True,True,both_TN
en,habs,habs,habe es,habes,False,False,False,both_FP
de,hach,Hach,hach,hach,True,False,False,both_wrong
en,had,had,had,had,False,True,True,both_TN
en,haddon,haddon,haddon,haddon,False,True,True,both_TN
en,haddon-jackson,haddon-jackson,haddon-jackson,haddon-jackson,False,True,True,both_TN
en,hae,hae,hae,hae,False,True,True,both_TN
en,haha,haha,haha,haha,False,True,True,both_TN
en,hahah,hahah,hahah,hahah,False,True,True,both_TN
en,hahaha,hahaha,hahaha,hahaha,False,True,True,both_TN
de,hahahaah,hahahaah,hahahaah,hahahaah,False,True,True,both_TN
en,hahahah,hahahah,hahahah,hahahah,False,True,True,both_TN
en,hahahaha,hahahaha,hahahaha,hahahaha,False,True,True,both_TN
en,hahahahahah,hahahahahah,hahahahahah,hahahahahah,False,True,True,both_TN
en,hahahahahahhahaha,hahahahahahhahaha,hahahahahahahaha,hahahahahahahahahaha,False,False,False,both_FP
en,hahha,hahha,hahha,hahha,False,True,True,both_TN
en,hahhahahahaha,hahhahahahaha,hahhahahahaha,hahhahahahaha,False,True,True,both_TN
en,hai,hai,hai,hai,False,True,True,both_TN
en,hain,hain,hain,hain,False,True,True,both_TN
en,hakeem,hakeem,hakeem,hakeem,False,True,True,both_TN
en,halaaa,halaaa,halaaa,halaa,False,True,False,B_new_FP
de,halben,halben,halben,halben,False,True,True,both_TN
de,halbfinale,Halbfinale,halbfinale,Halbfinale,True,False,True,B_only_correct
en,half,half,half,half,False,True,True,both_TN
de,halt,halt,halt,halt,False,True,True,both_TN
en,ham,ham,ham,ham,False,True,True,both_TN
en,hamari,hamari,hamari,hamari,False,True,True,both_TN
de,handelt,handelt,handelt,handelt,False,True,True,both_TN
en,handing,handing,handing,handing,False,True,True,both_TN
en,haneda,haneda,haneda,haneda,False,True,True,both_TN
en,hapi,happy,hapi,hapi,True,False,False,both_wrong
en,happen,happen,happen,happen,False,True,True,both_TN
en,happenin,happening,happening,happening,True,True,True,both_correct
en,happening,happening,happening,happening,False,True,True,both_TN
en,happens,happens,happens,happens,False,True,True,both_TN
en,happy,happy,happy,happy,False,True,True,both_TN
en,happylgovo,happy,happylgovo,happylgovo,True,False,False,both_wrong
en,haq,haq,haq,haq,False,True,True,both_TN
en,haram,haram,haram,haram,False,True,True,both_TN
en,hard,hard,hard,hard,False,True,True,both_TN
en,hardwell,hardwell,hardwell,hardwell,False,True,True,both_TN
en,hari,hari,hari,hari,False,True,True,both_TN
en,harry,harry,harry,harry,False,True,True,both_TN
en,harrystyles,harry styles,harrystyles,harrystyles,True,False,False,both_wrong
en,has,has,has,has,False,True,True,both_TN
en,hashtag,hashtag,hashtag,hashtag,False,True,True,both_TN
en,hashtags,hashtags,hashtags,hashtags,False,True,True,both_TN
de,hast,hast,hast,hast,False,True,True,both_TN
en,hat,hat,hat,hat,False,True,True,both_TN
en,hate,hate,hate,hate,False,True,True,both_TN
de,hats,hat es,hat es,hats,True,True,False,A_only_correct
de,hatt,hatte,hatt,hatt,True,False,False,both_wrong
de,hatte,hatte,hatte,hatte,False,True,True,both_TN
de,hatten,hatten,hatten,hatten,False,True,True,both_TN
de,hau,hau,haue,hau,False,False,True,B_fixed_FP
de,hauchdunn,hauchdünn,hauchdunn,hauchdunn,True,False,False,both_wrong
en,hav,have,have,have,True,True,True,both_correct
en,have,have,have,have,False,True,True,both_TN
en,haven't,haven't,haven't,haven't,False,True,True,both_TN
en,having,having,having,having,False,True,True,both_TN
en,havr,have,have,have,True,True,True,both_correct
en,hawalli,hawalli,hawalli,hawalli,False,True,True,both_TN
en,hawt,hawt,hawt,hawt,False,True,True,both_TN
en,hay,hay,hay,hay,False,True,True,both_TN
en,hazard,hazard,hazard,hazard,False,True,True,both_TN
en,hbu,how about you,hbu,hbu,True,False,False,both_wrong
en,hd,hd,hd,hd,False,True,True,both_TN
en,he,he,he,he,False,True,True,both_TN
en,he's,he's,he's,he's,False,True,True,both_TN
en,he/she,he/she,he/she,he/she,False,True,True,both_TN
en,head,head,head,head,False,True,True,both_TN
en,headass,head ass,headass,headass,True,False,False,both_wrong
en,header,header,header,header,False,True,True,both_TN
en,health,health,health,health,False,True,True,both_TN
en,healthcare,healthcare,healthcare,healthcare,False,True,True,both_TN
en,healthy,healthy,healthy,healthy,False,True,True,both_TN
en,hear,hear,hear,hear,False,True,True,both_TN
en,heard,heard,heard,heard,False,True,True,both_TN
en,heart,heart,heart,heart,False,True,True,both_TN
en,hearts,hearts,hearts,hearts,False,True,True,both_TN
de,heben,heben,heben,heben,False,True,True,both_TN
en,heck,heck,heck,heck,False,True,True,both_TN
en,hed,hed,hed,hed,False,True,True,both_TN
en,hehe,hehe,hehe,hehe,False,True,True,both_TN
en,heights,heights,heights,heights,False,True,True,both_TN
de,heissen,heissen,heissen,heissen,False,True,True,both_TN
de,helfen,helfen,helfen,helfen,False,True,True,both_TN
en,hell,hell,hell,hell,False,True,True,both_TN
en,hella,hell of a lot of,hell of a lot of,hella,True,True,False,A_only_correct
en,help,help,help,help,False,True,True,both_TN
en,helping,helping,helping,helping,False,True,True,both_TN
en,hemmings,hemmings,hemmings,hemmings,False,True,True,both_TN
en,henny,henny,henny,henny,False,True,True,both_TN
de,henri,Henri,henri,henri,True,False,False,both_wrong
en,henrik,henrik,henrik,henrik,False,True,True,both_TN
en,her,her,her,her,False,True,True,both_TN
en,herb,herb,herb,herb,False,True,True,both_TN
en,herbs,herbs,herbs,herbs,False,True,True,both_TN
en,here,here,here,here,False,True,True,both_TN
en,hero,hero,hero,hero,False,True,True,both_TN
en,heros,heros,heros,heros,False,True,True,both_TN
en,hers,hers,hers,hers,False,True,True,both_TN
de,herumgsprungen,herumgesprungen,Herumgsprungen,herumgsprungen,True,False,False,both_wrong
de,herziehen,herziehen,herziehen,herziehen,False,True,True,both_TN
en,heurelho,heurelho,heurelho,heurelho,False,True,True,both_TN
de,heut,heute,heute,heute,True,True,True,both_correct
de,heute,heute,heute,heute,False,True,True,both_TN
en,hi,hi,hi,hi,False,True,True,both_TN
en,hiatus,hiatus,hiatus,hiatus,False,True,True,both_TN
de,hibbel,hibbel,hibbel,hibbel,False,True,True,both_TN
en,hibs,hibs,hibs,hibs,False,True,True,both_TN
de,hier,Hier,hier,hier,True,False,False,both_wrong
en,high,high,high,high,False,True,True,both_TN
en,high-styled,high-styled,high-styled,high-styled,False,True,True,both_TN
de,higher,higher,higher,higher,False,True,True,both_TN
de,highlight,Highlight,highlight,highlight,True,False,False,both_wrong
en,hiiii,hiiii,hiiii,hiii,False,True,False,B_new_FP
en,hijabis,hijabis,hijabis,hijabis,False,True,True,both_TN
de,hilfreich,hilfreich,hilfreich,hilfreich,False,True,True,both_TN
en,hill,hill,hill,hill,False,True,True,both_TN
en,him,him,him,him,False,True,True,both_TN
en,hip,hip,hip,hip,False,True,True,both_TN
en,his,his,his,his,False,True,True,both_TN
en,history,history,history,history,False,True,True,both_TN
en,hits,hits,hits,hits,False,True,True,both_TN
en,hitting,hitting,hitting,hitting,False,True,True,both_TN
de,hm,hm,hm,hm,False,True,True,both_TN
de,hoax,Hoax,hoax,hoax,True,False,False,both_wrong
de,hoch4,hoch 4,hoch4,hoch4,True,False,False,both_wrong
de,hochzuladen,hochzuladen,hochzuladen,hochzuladen,False,True,True,both_TN
en,hoe,hoe,hoe,hoe,False,True,True,both_TN
de,holen,holen,holen,holen,False,True,True,both_TN
en,hollywood,hollywood,hollywood,hollywood,False,True,True,both_TN
en,holy,holy,holy,holy,False,True,True,both_TN
en,home,home,home,home,False,True,True,both_TN
en,homeless,homeless,homeless,homeless,False,True,True,both_TN
en,homestay,homestay,homestay,homestay,False,True,True,both_TN
en,homies,homies,homies,homies,False,True,True,both_TN
de,homosexuellen,homosexuellen,homosexuellen,homosexuellen,False,True,True,both_TN
en,hood,hood,hood,hood,False,True,True,both_TN
en,hope,hope,hope,hope,False,True,True,both_TN
en,hopes,hopes,hopes,hopes,False,True,True,both_TN
en,horan,horan,horan,horan,False,True,True,both_TN
en,hospital,hospital,hospital,hospital,False,True,True,both_TN
de,hoss,hoss,hoss,hoss,False,True,True,both_TN
en,hot,hot,hot,hot,False,True,True,both_TN
en,hour,hour,hour,hour,False,True,True,both_TN
en,house,house,house,house,False,True,True,both_TN
en,houses,houses,houses,houses,False,True,True,both_TN
en,hovsepian,hovsepian,hovsepian,hovsepian,False,True,True,both_TN
en,how,how,how,how,False,True,True,both_TN
en,how's,how's,how's,how's,False,True,True,both_TN
en,however,however,however,however,False,True,True,both_TN
en,hoya's,hoya's,hoya's,hoya's,False,True,True,both_TN
en,hp,hp,hp,hp,False,True,True,both_TN
en,hq,hq,hq,hq,False,True,True,both_TN
en,htc,htc,htc,htc,False,True,True,both_TN
en,http://t.co/08gzuz7jvc,http://t.co/08gzuz7jvc,http://t.co/08gzuz7jvc,http://t.co/08gzuz7jvc,False,True,True,both_TN
en,http://t.co/0ktpumdfg6,http://t.co/0ktpumdfg6,http://t.co/0ktpumdfg6,http://t.co/0ktpumdfg6,False,True,True,both_TN
en,http://t.co/0u1ogi87ku,http://t.co/0u1ogi87ku,http://t.co/0u1ogi87ku,http://t.co/0u1ogi87ku,False,True,True,both_TN
en,http://t.co/0v8cfj6sog,http://t.co/0v8cfj6sog,http://t.co/0v8cfj6sog,http://t.co/0v8cfj6sog,False,True,True,both_TN
en,http://t.co/11ly2q3epy,http://t.co/11ly2q3epy,http://t.co/11ly2q3epy,http://t.co/11ly2q3epy,False,True,True,both_TN
en,http://t.co/2506yfcjdz,http://t.co/2506yfcjdz,http://t.co/2506yfcjdz,http://t.co/2506yfcjdz,False,True,True,both_TN
en,http://t.co/2csqsvc8ma,http://t.co/2csqsvc8ma,http://t.co/2csqsvc8ma,http://t.co/2csqsvc8ma,False,True,True,both_TN
en,http://t.co/2ku7h6t4wj,http://t.co/2ku7h6t4wj,http://t.co/2ku7h6t4wj,http://t.co/2ku7h6t4wj,False,True,True,both_TN
en,http://t.co/2vvxfbu5fp,http://t.co/2vvxfbu5fp,http://t.co/2vvxfbu5fp,http://t.co/2vvxfbu5fp,False,True,True,both_TN
en,http://t.co/3csjvqt8sa,http://t.co/3csjvqt8sa,http://t.co/3csjvqt8sa,http://t.co/3csjvqt8sa,False,True,True,both_TN
en,http://t.co/3fgectf6jo,http://t.co/3fgectf6jo,http://t.co/3fgectf6jo,http://t.co/3fgectf6jo,False,True,True,both_TN
en,http://t.co/3qqlea6v2i,http://t.co/3qqlea6v2i,http://t.co/3qqlea6v2i,http://t.co/3qqlea6v2i,False,True,True,both_TN
en,http://t.co/3tnyat7je6,http://t.co/3tnyat7je6,http://t.co/3tnyat7je6,http://t.co/3tnyat7je6,False,True,True,both_TN
en,"http://t.co/3udqj1x7ii""la","http://t.co/3udqj1x7ii""la","http://t.co/3udqj1x7ii""la","http://t.co/3udqj1x7i""la",False,True,False,B_new_FP
en,http://t.co/3w1uhl76uz,http://t.co/3w1uhl76uz,http://t.co/3w1uhl76uz,http://t.co/3w1uhl76uz,False,True,True,both_TN
en,http://t.co/487wbrmmwg,http://t.co/487wbrmmwg,http://t.co/487wbrmmwg,http://t.co/487wbrmmwg,False,True,True,both_TN
en,http://t.co/4ddeysqow0,http://t.co/4ddeysqow0,http://t.co/4ddeysqow0,http://t.co/4ddeysqow0,False,True,True,both_TN
en,http://t.co/4rcxfmpnxs,http://t.co/4rcxfmpnxs,http://t.co/4rcxfmpnxs,http://t.co/4rcxfmpnxs,False,True,True,both_TN
en,http://t.co/4s10vaijr9,http://t.co/4s10vaijr9,http://t.co/4s10vaijr9,http://t.co/4s10vaijr9,False,True,True,both_TN
en,http://t.co/4xmf0fgfzt,http://t.co/4xmf0fgfzt,http://t.co/4xmf0fgfzt,http://t.co/4xmf0fgfzt,False,True,True,both_TN
en,http://t.co/5eyqoa8tdp,http://t.co/5eyqoa8tdp,http://t.co/5eyqoa8tdp,http://t.co/5eyqoa8tdp,False,True,True,both_TN
en,http://t.co/5lvqo33t4p,http://t.co/5lvqo33t4p,http://t.co/5lvqo33t4p,http://t.co/5lvqo33t4p,False,True,True,both_TN
en,http://t.co/5m65cgai35,http://t.co/5m65cgai35,http://t.co/5m65cgai35,http://t.co/5m65cgai35,False,True,True,both_TN
en,http://t.co/6ngeu0pe1l,http://t.co/6ngeu0pe1l,http://t.co/6ngeu0pe1l,http://t.co/6ngeu0pe1l,False,True,True,both_TN
en,http://t.co/6ozgs8acha,http://t.co/6ozgs8acha,http://t.co/6ozgs8acha,http://t.co/6ozgs8acha,False,True,True,both_TN
en,http://t.co/6rnecsqtzc,http://t.co/6rnecsqtzc,http://t.co/6rnecsqtzc,http://t.co/6rnecsqtzc,False,True,True,both_TN
en,http://t.co/6trzmaxxfl,http://t.co/6trzmaxxfl,http://t.co/6trzmaxxfl,http://t.co/6trzmaxxfl,False,True,True,both_TN
en,http://t.co/6yucgo9k4p,http://t.co/6yucgo9k4p,http://t.co/6yucgo9k4p,http://t.co/6yucgo9k4p,False,True,True,both_TN
en,http://t.co/7bvor9amsj,http://t.co/7bvor9amsj,http://t.co/7bvor9amsj,http://t.co/7bvor9amsj,False,True,True,both_TN
en,http://t.co/7enpe9icdj,http://t.co/7enpe9icdj,http://t.co/7enpe9icdj,http://t.co/7enpe9icdj,False,True,True,both_TN
en,http://t.co/7itclnmoyw,http://t.co/7itclnmoyw,http://t.co/7itclnmoyw,http://t.co/7itclnmoyw,False,True,True,both_TN
en,http://t.co/8rmmbvpbig,http://t.co/8rmmbvpbig,http://t.co/8rmmbvpbig,http://t.co/8rmmbvpbig,False,True,True,both_TN
en,http://t.co/8zxjaz1upo,http://t.co/8zxjaz1upo,http://t.co/8zxjaz1upo,http://t.co/8zxjaz1upo,False,True,True,both_TN
en,http://t.co/9asak856eo,http://t.co/9asak856eo,http://t.co/9asak856eo,http://t.co/9asak856eo,False,True,True,both_TN
en,http://t.co/9axqcaut02,http://t.co/9axqcaut02,http://t.co/9axqcaut02,http://t.co/9axqcaut02,False,True,True,both_TN
en,http://t.co/9g2fjpuxrr,http://t.co/9g2fjpuxrr,http://t.co/9g2fjpuxrr,http://t.co/9g2fjpuxrr,False,True,True,both_TN
en,http://t.co/9k66u5ukgz,http://t.co/9k66u5ukgz,http://t.co/9k66u5ukgz,http://t.co/9k66u5ukgz,False,True,True,both_TN
en,http://t.co/a8kn6rpsgk,http://t.co/a8kn6rpsgk,http://t.co/a8kn6rpsgk,http://t.co/a8kn6rpsgk,False,True,True,both_TN
en,http://t.co/afnz9prteu,http://t.co/afnz9prteu,http://t.co/afnz9prteu,http://t.co/afnz9prteu,False,True,True,both_TN
en,http://t.co/aue6mvpivb,http://t.co/aue6mvpivb,http://t.co/aue6mvpivb,http://t.co/aue6mvpivb,False,True,True,both_TN
en,http://t.co/awxl6yr3kl,http://t.co/awxl6yr3kl,http://t.co/awxl6yr3kl,http://t.co/awxl6yr3kl,False,True,True,both_TN
en,http://t.co/bgiqn43gyq,http://t.co/bgiqn43gyq,http://t.co/bgiqn43gyq,http://t.co/bgiqn43gyq,False,True,True,both_TN
en,http://t.co/bhv0smja70,http://t.co/bhv0smja70,http://t.co/bhv0smja70,http://t.co/bhv0smja70,False,True,True,both_TN
en,http://t.co/bilbul5zts,http://t.co/bilbul5zts,http://t.co/bilbul5zts,http://t.co/bilbul5zts,False,True,True,both_TN
en,http://t.co/bmnrumdyfz,http://t.co/bmnrumdyfz,http://t.co/bmnrumdyfz,http://t.co/bmnrumdyfz,False,True,True,both_TN
en,http://t.co/bpd0uevvmh,http://t.co/bpd0uevvmh,http://t.co/bpd0uevvmh,http://t.co/bpd0uevvmh,False,True,True,both_TN
en,http://t.co/buklwmmecm,http://t.co/buklwmmecm,http://t.co/buklwmmecm,http://t.co/buklwmmecm,False,True,True,both_TN
en,http://t.co/bwozrcizv4,http://t.co/bwozrcizv4,http://t.co/bwozrcizv4,http://t.co/bwozrcizv4,False,True,True,both_TN
en,http://t.co/bzvmt5yx6b,http://t.co/bzvmt5yx6b,http://t.co/bzvmt5yx6b,http://t.co/bzvmt5yx6b,False,True,True,both_TN
en,http://t.co/c2ebjo4gep,http://t.co/c2ebjo4gep,http://t.co/c2ebjo4gep,http://t.co/c2ebjo4gep,False,True,True,both_TN
en,http://t.co/c5k0ifv8le,http://t.co/c5k0ifv8le,http://t.co/c5k0ifv8le,http://t.co/c5k0ifv8le,False,True,True,both_TN
en,http://t.co/c6amrbx7ul,http://t.co/c6amrbx7ul,http://t.co/c6amrbx7ul,http://t.co/c6amrbx7ul,False,True,True,both_TN
en,http://t.co/cadlyhqoik,http://t.co/cadlyhqoik,http://t.co/cadlyhqoik,http://t.co/cadlyhqoik,False,True,True,both_TN
en,http://t.co/cgb81cnsgc,http://t.co/cgb81cnsgc,http://t.co/cgb81cnsgc,http://t.co/cgb81cnsgc,False,True,True,both_TN
en,http://t.co/cnbrjw8ukf,http://t.co/cnbrjw8ukf,http://t.co/cnbrjw8ukf,http://t.co/cnbrjw8ukf,False,True,True,both_TN
en,http://t.co/dbaxylfra5,http://t.co/dbaxylfra5,http://t.co/dbaxylfra5,http://t.co/dbaxylfra5,False,True,True,both_TN
en,http://t.co/dlr3gajly0,http://t.co/dlr3gajly0,http://t.co/dlr3gajly0,http://t.co/dlr3gajly0,False,True,True,both_TN
en,http://t.co/dxiohtrhts,http://t.co/dxiohtrhts,http://t.co/dxiohtrhts,http://t.co/dxiohtrhts,False,True,True,both_TN
en,http://t.co/e6vcenniko,http://t.co/e6vcenniko,http://t.co/e6vcenniko,http://t.co/e6vcenniko,False,True,True,both_TN
en,http://t.co/eby2luzzvz,http://t.co/eby2luzzvz,http://t.co/eby2luzzvz,http://t.co/eby2luzzvz,False,True,True,both_TN
en,http://t.co/ecmvtobat7,http://t.co/ecmvtobat7,http://t.co/ecmvtobat7,http://t.co/ecmvtobat7,False,True,True,both_TN
en,http://t.co/egal16elej,http://t.co/egal16elej,http://t.co/egal16elej,http://t.co/egal16elej,False,True,True,both_TN
en,http://t.co/ejsitfodgl,http://t.co/ejsitfodgl,http://t.co/ejsitfodgl,http://t.co/ejsitfodgl,False,True,True,both_TN
en,http://t.co/ewhd7egqbe,http://t.co/ewhd7egqbe,http://t.co/ewhd7egqbe,http://t.co/ewhd7egqbe,False,True,True,both_TN
en,http://t.co/f753sonyjr,http://t.co/f753sonyjr,http://t.co/f753sonyjr,http://t.co/f753sonyjr,False,True,True,both_TN
en,http://t.co/fbew0gmnw2,http://t.co/fbew0gmnw2,http://t.co/fbew0gmnw2,http://t.co/fbew0gmnw2,False,True,True,both_TN
en,http://t.co/fqjfg60tvn,http://t.co/fqjfg60tvn,http://t.co/fqjfg60tvn,http://t.co/fqjfg60tvn,False,True,True,both_TN
en,http://t.co/fs1cmekpnq,http://t.co/fs1cmekpnq,http://t.co/fs1cmekpnq,http://t.co/fs1cmekpnq,False,True,True,both_TN
en,http://t.co/fsnup9nvsb,http://t.co/fsnup9nvsb,http://t.co/fsnup9nvsb,http://t.co/fsnup9nvsb,False,True,True,both_TN
en,http://t.co/fw7z7ac7ic,http://t.co/fw7z7ac7ic,http://t.co/fw7z7ac7ic,http://t.co/fw7z7ac7ic,False,True,True,both_TN
en,http://t.co/fwwgdfv1e3,http://t.co/fwwgdfv1e3,http://t.co/fwwgdfv1e3,http://t.co/fwwgdfv1e3,False,True,True,both_TN
en,http://t.co/fybdc6seal,http://t.co/fybdc6seal,http://t.co/fybdc6seal,http://t.co/fybdc6seal,False,True,True,both_TN
en,http://t.co/fyxcctptzw,http://t.co/fyxcctptzw,http://t.co/fyxcctptzw,http://t.co/fyxcctptzw,False,True,True,both_TN
en,http://t.co/g4a4ajskzs,http://t.co/g4a4ajskzs,http://t.co/g4a4ajskzs,http://t.co/g4a4ajskzs,False,True,True,both_TN
en,http://t.co/ggluz46f5t,http://t.co/ggluz46f5t,http://t.co/ggluz46f5t,http://t.co/ggluz46f5t,False,True,True,both_TN
en,http://t.co/gj2iz696hs,http://t.co/gj2iz696hs,http://t.co/gj2iz696hs,http://t.co/gj2iz696hs,False,True,True,both_TN
en,http://t.co/gmxzmh4znh,http://t.co/gmxzmh4znh,http://t.co/gmxzmh4znh,http://t.co/gmxzmh4znh,False,True,True,both_TN
en,http://t.co/h4jhzcm9te,http://t.co/h4jhzcm9te,http://t.co/h4jhzcm9te,http://t.co/h4jhzcm9te,False,True,True,both_TN
en,http://t.co/hrib9piczl,http://t.co/hrib9piczl,http://t.co/hrib9piczl,http://t.co/hrib9piczl,False,True,True,both_TN
en,http://t.co/hupquot2p5,http://t.co/hupquot2p5,http://t.co/hupquot2p5,http://t.co/hupquot2p5,False,True,True,both_TN
en,http://t.co/hxy2zgrick,http://t.co/hxy2zgrick,http://t.co/hxy2zgrick,http://t.co/hxy2zgrick,False,True,True,both_TN
en,http://t.co/icxosltfqy,http://t.co/icxosltfqy,http://t.co/icxosltfqy,http://t.co/icxosltfqy,False,True,True,both_TN
en,http://t.co/iegt4mv8kc,http://t.co/iegt4mv8kc,http://t.co/iegt4mv8kc,http://t.co/iegt4mv8kc,False,True,True,both_TN
en,http://t.co/ioqo1w2jfq,http://t.co/ioqo1w2jfq,http://t.co/ioqo1w2jfq,http://t.co/ioqo1w2jfq,False,True,True,both_TN
en,http://t.co/ix6kgbbdoz,http://t.co/ix6kgbbdoz,http://t.co/ix6kgbbdoz,http://t.co/ix6kgbbdoz,False,True,True,both_TN
en,http://t.co/j91rsnvoi0,http://t.co/j91rsnvoi0,http://t.co/j91rsnvoi0,http://t.co/j91rsnvoi0,False,True,True,both_TN
en,http://t.co/jgk4vl6q27,http://t.co/jgk4vl6q27,http://t.co/jgk4vl6q27,http://t.co/jgk4vl6q27,False,True,True,both_TN
en,http://t.co/jhynv4feci,http://t.co/jhynv4feci,http://t.co/jhynv4feci,http://t.co/jhynv4feci,False,True,True,both_TN
en,http://t.co/jjdvyf8agr,http://t.co/jjdvyf8agr,http://t.co/jjdvyf8agr,http://t.co/jjdvyf8agr,False,True,True,both_TN
en,http://t.co/jnbyu9vnrg,http://t.co/jnbyu9vnrg,http://t.co/jnbyu9vnrg,http://t.co/jnbyu9vnrg,False,True,True,both_TN
en,http://t.co/josjo108zg,http://t.co/josjo108zg,http://t.co/josjo108zg,http://t.co/josjo108zg,False,True,True,both_TN
en,http://t.co/jsyssgvs0i,http://t.co/jsyssgvs0i,http://t.co/jsyssgvs0i,http://t.co/jsyssgvs0i,False,True,True,both_TN
en,http://t.co/jzxnozrewy,http://t.co/jzxnozrewy,http://t.co/jzxnozrewy,http://t.co/jzxnozrewy,False,True,True,both_TN
en,http://t.co/k72pmpwdtw,http://t.co/k72pmpwdtw,http://t.co/k72pmpwdtw,http://t.co/k72pmpwdtw,False,True,True,both_TN
en,http://t.co/kcj6rrrqm0,http://t.co/kcj6rrrqm0,http://t.co/kcj6rrrqm0,http://t.co/kcj6rrrqm0,False,True,True,both_TN
en,http://t.co/kcp0vau4ch,http://t.co/kcp0vau4ch,http://t.co/kcp0vau4ch,http://t.co/kcp0vau4ch,False,True,True,both_TN
en,http://t.co/khhzpgpxo0,http://t.co/khhzpgpxo0,http://t.co/khhzpgpxo0,http://t.co/khhzpgpxo0,False,True,True,both_TN
en,http://t.co/khtanhgwvy,http://t.co/khtanhgwvy,http://t.co/khtanhgwvy,http://t.co/khtanhgwvy,False,True,True,both_TN
en,http://t.co/kmtmpywz6z,http://t.co/kmtmpywz6z,http://t.co/kmtmpywz6z,http://t.co/kmtmpywz6z,False,True,True,both_TN
en,http://t.co/kv06bzk6gl,http://t.co/kv06bzk6gl,http://t.co/kv06bzk6gl,http://t.co/kv06bzk6gl,False,True,True,both_TN
en,http://t.co/kvrdlo1h08,http://t.co/kvrdlo1h08,http://t.co/kvrdlo1h08,http://t.co/kvrdlo1h08,False,True,True,both_TN
en,http://t.co/kycrkj2xzv,http://t.co/kycrkj2xzv,http://t.co/kycrkj2xzv,http://t.co/kycrkj2xzv,False,True,True,both_TN
en,http://t.co/l7ftxchohs,http://t.co/l7ftxchohs,http://t.co/l7ftxchohs,http://t.co/l7ftxchohs,False,True,True,both_TN
en,http://t.co/ld61einquh,http://t.co/ld61einquh,http://t.co/ld61einquh,http://t.co/ld61einquh,False,True,True,both_TN
en,http://t.co/mgbzzdl2xr,http://t.co/mgbzzdl2xr,http://t.co/mgbzzdl2xr,http://t.co/mgbzzdl2xr,False,True,True,both_TN
en,http://t.co/mjyovssowm,http://t.co/mjyovssowm,http://t.co/mjyovssowm,http://t.co/mjyovssowm,False,True,True,both_TN
en,http://t.co/mufo0cdedp,http://t.co/mufo0cdedp,http://t.co/mufo0cdedp,http://t.co/mufo0cdedp,False,True,True,both_TN
en,http://t.co/mugycuzays,http://t.co/mugycuzays,http://t.co/mugycuzays,http://t.co/mugycuzays,False,True,True,both_TN
en,http://t.co/nhubwnqlya,http://t.co/nhubwnqlya,http://t.co/nhubwnqlya,http://t.co/nhubwnqlya,False,True,True,both_TN
en,http://t.co/niwbqqlm4t,http://t.co/niwbqqlm4t,http://t.co/niwbqqlm4t,http://t.co/niwbqqlm4t,False,True,True,both_TN
en,http://t.co/nnrndrigvw,http://t.co/nnrndrigvw,http://t.co/nnrndrigvw,http://t.co/nnrndrigvw,False,True,True,both_TN
en,http://t.co/nrcn1wabrm,http://t.co/nrcn1wabrm,http://t.co/nrcn1wabrm,http://t.co/nrcn1wabrm,False,True,True,both_TN
en,http://t.co/nrzk6rchxa,http://t.co/nrzk6rchxa,http://t.co/nrzk6rchxa,http://t.co/nrzk6rchxa,False,True,True,both_TN
en,http://t.co/nuiwqka5jm,http://t.co/nuiwqka5jm,http://t.co/nuiwqka5jm,http://t.co/nuiwqka5jm,False,True,True,both_TN
en,http://t.co/nytporevbj,http://t.co/nytporevbj,http://t.co/nytporevbj,http://t.co/nytporevbj,False,True,True,both_TN
en,http://t.co/o4fhd1pi3o,http://t.co/o4fhd1pi3o,http://t.co/o4fhd1pi3o,http://t.co/o4fhd1pi3o,False,True,True,both_TN
en,http://t.co/o4jvoqesd9,http://t.co/o4jvoqesd9,http://t.co/o4jvoqesd9,http://t.co/o4jvoqesd9,False,True,True,both_TN
en,http://t.co/o9vcxmo9j8,http://t.co/o9vcxmo9j8,http://t.co/o9vcxmo9j8,http://t.co/o9vcxmo9j8,False,True,True,both_TN
en,http://t.co/ofmiiwvysx,http://t.co/ofmiiwvysx,http://t.co/ofmiiwvysx,http://t.co/ofmiiwvysx,False,True,True,both_TN
en,http://t.co/ordstgzzkr,http://t.co/ordstgzzkr,http://t.co/ordstgzzkr,http://t.co/ordstgzzkr,False,True,True,both_TN
en,http://t.co/ossv6er3b7,http://t.co/ossv6er3b7,http://t.co/ossv6er3b7,http://t.co/ossv6er3b7,False,True,True,both_TN
en,http://t.co/owrnhhkhfn,http://t.co/owrnhhkhfn,http://t.co/owrnhhkhfn,http://t.co/owrnhhkhfn,False,True,True,both_TN
en,http://t.co/ox1p407ovr,http://t.co/ox1p407ovr,http://t.co/ox1p407ovr,http://t.co/ox1p407ovr,False,True,True,both_TN
en,http://t.co/oyjovwy0bu,http://t.co/oyjovwy0bu,http://t.co/oyjovwy0bu,http://t.co/oyjovwy0bu,False,True,True,both_TN
en,http://t.co/p50iy0jagj,http://t.co/p50iy0jagj,http://t.co/p50iy0jagj,http://t.co/p50iy0jagj,False,True,True,both_TN
en,http://t.co/p9ththi63q,http://t.co/p9ththi63q,http://t.co/p9ththi63q,http://t.co/p9ththi63q,False,True,True,both_TN
en,http://t.co/pdo8vtlthr,http://t.co/pdo8vtlthr,http://t.co/pdo8vtlthr,http://t.co/pdo8vtlthr,False,True,True,both_TN
en,http://t.co/pjcdxmz4ym,http://t.co/pjcdxmz4ym,http://t.co/pjcdxmz4ym,http://t.co/pjcdxmz4ym,False,True,True,both_TN
en,http://t.co/pnznm69cyh,http://t.co/pnznm69cyh,http://t.co/pnznm69cyh,http://t.co/pnznm69cyh,False,True,True,both_TN
en,http://t.co/pwey1fkfha,http://t.co/pwey1fkfha,http://t.co/pwey1fkfha,http://t.co/pwey1fkfha,False,True,True,both_TN
en,http://t.co/qccdkdit4t,http://t.co/qccdkdit4t,http://t.co/qccdkdit4t,http://t.co/qccdkdit4t,False,True,True,both_TN
en,http://t.co/qhpohacspu,http://t.co/qhpohacspu,http://t.co/qhpohacspu,http://t.co/qhpohacspu,False,True,True,both_TN
en,http://t.co/qnboovnszr,http://t.co/qnboovnszr,http://t.co/qnboovnszr,http://t.co/qnboovnszr,False,True,True,both_TN
en,http://t.co/qnknaoigrm,http://t.co/qnknaoigrm,http://t.co/qnknaoigrm,http://t.co/qnknaoigrm,False,True,True,both_TN
en,http://t.co/qrqsdixm71,http://t.co/qrqsdixm71,http://t.co/qrqsdixm71,http://t.co/qrqsdixm71,False,True,True,both_TN
en,http://t.co/qu2sduhisu,http://t.co/qu2sduhisu,http://t.co/qu2sduhisu,http://t.co/qu2sduhisu,False,True,True,both_TN
en,http://t.co/ra4xkzqqwb,http://t.co/ra4xkzqqwb,http://t.co/ra4xkzqqwb,http://t.co/ra4xkzqqwb,False,True,True,both_TN
en,http://t.co/rdvzxytmuw,http://t.co/rdvzxytmuw,http://t.co/rdvzxytmuw,http://t.co/rdvzxytmuw,False,True,True,both_TN
en,http://t.co/re8ryaz2p7,http://t.co/re8ryaz2p7,http://t.co/re8ryaz2p7,http://t.co/re8ryaz2p7,False,True,True,both_TN
en,http://t.co/reost2ftvw,http://t.co/reost2ftvw,http://t.co/reost2ftvw,http://t.co/reost2ftvw,False,True,True,both_TN
en,http://t.co/rhrbmzhbtm,http://t.co/rhrbmzhbtm,http://t.co/rhrbmzhbtm,http://t.co/rhrbmzhbtm,False,True,True,both_TN
en,http://t.co/roohyiqmyq,http://t.co/roohyiqmyq,http://t.co/roohyiqmyq,http://t.co/roohyiqmyq,False,True,True,both_TN
en,http://t.co/rqthgny2fg,http://t.co/rqthgny2fg,http://t.co/rqthgny2fg,http://t.co/rqthgny2fg,False,True,True,both_TN
en,http://t.co/rslvwtaxpo,http://t.co/rslvwtaxpo,http://t.co/rslvwtaxpo,http://t.co/rslvwtaxpo,False,True,True,both_TN
en,http://t.co/rt8yqttp5j,http://t.co/rt8yqttp5j,http://t.co/rt8yqttp5j,http://t.co/rt8yqttp5j,False,True,True,both_TN
en,http://t.co/s9vxylq5gg,http://t.co/s9vxylq5gg,http://t.co/s9vxylq5gg,http://t.co/s9vxylq5gg,False,True,True,both_TN
en,http://t.co/sec49rkqjo,http://t.co/sec49rkqjo,http://t.co/sec49rkqjo,http://t.co/sec49rkqjo,False,True,True,both_TN
en,http://t.co/snei9sznwk,http://t.co/snei9sznwk,http://t.co/snei9sznwk,http://t.co/snei9sznwk,False,True,True,both_TN
en,http://t.co/szrqp0l6ko,http://t.co/szrqp0l6ko,http://t.co/szrqp0l6ko,http://t.co/szrqp0l6ko,False,True,True,both_TN
en,http://t.co/t53tb1de53,http://t.co/t53tb1de53,http://t.co/t53tb1de53,http://t.co/t53tb1de53,False,True,True,both_TN
en,http://t.co/tb5bfzvtyx,http://t.co/tb5bfzvtyx,http://t.co/tb5bfzvtyx,http://t.co/tb5bfzvtyx,False,True,True,both_TN
en,http://t.co/tcmlx2q59m,http://t.co/tcmlx2q59m,http://t.co/tcmlx2q59m,http://t.co/tcmlx2q59m,False,True,True,both_TN
en,http://t.co/tkkrgjfjtf,http://t.co/tkkrgjfjtf,http://t.co/tkkrgjfjtf,http://t.co/tkkrgjfjtf,False,True,True,both_TN
en,http://t.co/tmb9xe3yh1,http://t.co/tmb9xe3yh1,http://t.co/tmb9xe3yh1,http://t.co/tmb9xe3yh1,False,True,True,both_TN
en,http://t.co/tsgzd7vu31,http://t.co/tsgzd7vu31,http://t.co/tsgzd7vu31,http://t.co/tsgzd7vu31,False,True,True,both_TN
en,http://t.co/tszwpnxytn,http://t.co/tszwpnxytn,http://t.co/tszwpnxytn,http://t.co/tszwpnxytn,False,True,True,both_TN
en,http://t.co/u0afmwgmuy,http://t.co/u0afmwgmuy,http://t.co/u0afmwgmuy,http://t.co/u0afmwgmuy,False,True,True,both_TN
en,http://t.co/u2k8vkj5mb,http://t.co/u2k8vkj5mb,http://t.co/u2k8vkj5mb,http://t.co/u2k8vkj5mb,False,True,True,both_TN
en,http://t.co/ufivmvykpq,http://t.co/ufivmvykpq,http://t.co/ufivmvykpq,http://t.co/ufivmvykpq,False,True,True,both_TN
en,http://t.co/ufmkbighzf,http://t.co/ufmkbighzf,http://t.co/ufmkbighzf,http://t.co/ufmkbighzf,False,True,True,both_TN
en,http://t.co/urrxww0ku0,http://t.co/urrxww0ku0,http://t.co/urrxww0ku0,http://t.co/urrxww0ku0,False,True,True,both_TN
en,http://t.co/uy4w2qa7pp,http://t.co/uy4w2qa7pp,http://t.co/uy4w2qa7pp,http://t.co/uy4w2qa7pp,False,True,True,both_TN
en,http://t.co/uyj5zcqrsy,http://t.co/uyj5zcqrsy,http://t.co/uyj5zcqrsy,http://t.co/uyj5zcqrsy,False,True,True,both_TN
en,http://t.co/v7hm3ckqvu,http://t.co/v7hm3ckqvu,http://t.co/v7hm3ckqvu,http://t.co/v7hm3ckqvu,False,True,True,both_TN
en,http://t.co/vca7rbkk7h,http://t.co/vca7rbkk7h,http://t.co/vca7rbkk7h,http://t.co/vca7rbkk7h,False,True,True,both_TN
en,http://t.co/vchmpyuiyl,http://t.co/vchmpyuiyl,http://t.co/vchmpyuiyl,http://t.co/vchmpyuiyl,False,True,True,both_TN
en,http://t.co/vkk2mmxusv,http://t.co/vkk2mmxusv,http://t.co/vkk2mmxusv,http://t.co/vkk2mmxusv,False,True,True,both_TN
en,http://t.co/vn7z8kei8w,http://t.co/vn7z8kei8w,http://t.co/vn7z8kei8w,http://t.co/vn7z8kei8w,False,True,True,both_TN
en,http://t.co/vsxwhq5ap6,http://t.co/vsxwhq5ap6,http://t.co/vsxwhq5ap6,http://t.co/vsxwhq5ap6,False,True,True,both_TN
en,http://t.co/vzlbcv7vz6,http://t.co/vzlbcv7vz6,http://t.co/vzlbcv7vz6,http://t.co/vzlbcv7vz6,False,True,True,both_TN
en,http://t.co/vzmukvlmma,http://t.co/vzmukvlmma,http://t.co/vzmukvlmma,http://t.co/vzmukvlmma,False,True,True,both_TN
en,http://t.co/walopkdavf,http://t.co/walopkdavf,http://t.co/walopkdavf,http://t.co/walopkdavf,False,True,True,both_TN
en,http://t.co/woa5mceanm,http://t.co/woa5mceanm,http://t.co/woa5mceanm,http://t.co/woa5mceanm,False,True,True,both_TN
en,http://t.co/x0iojqc78t,http://t.co/x0iojqc78t,http://t.co/x0iojqc78t,http://t.co/x0iojqc78t,False,True,True,both_TN
en,http://t.co/xb6yxktgcd,http://t.co/xb6yxktgcd,http://t.co/xb6yxktgcd,http://t.co/xb6yxktgcd,False,True,True,both_TN
en,http://t.co/xdupsttiot,http://t.co/xdupsttiot,http://t.co/xdupsttiot,http://t.co/xdupsttiot,False,True,True,both_TN
en,http://t.co/xf3yst8ens,http://t.co/xf3yst8ens,http://t.co/xf3yst8ens,http://t.co/xf3yst8ens,False,True,True,both_TN
en,http://t.co/xhwvjbji4m,http://t.co/xhwvjbji4m,http://t.co/xhwvjbji4m,http://t.co/xhwvjbji4m,False,True,True,both_TN
en,http://t.co/xicvtopyed,http://t.co/xicvtopyed,http://t.co/xicvtopyed,http://t.co/xicvtopyed,False,True,True,both_TN
en,http://t.co/xk3ocvtagb,http://t.co/xk3ocvtagb,http://t.co/xk3ocvtagb,http://t.co/xk3ocvtagb,False,True,True,both_TN
en,http://t.co/xuc47rjsmn,http://t.co/xuc47rjsmn,http://t.co/xuc47rjsmn,http://t.co/xuc47rjsmn,False,True,True,both_TN
en,http://t.co/y6kg3ggogi,http://t.co/y6kg3ggogi,http://t.co/y6kg3ggogi,http://t.co/y6kg3ggogi,False,True,True,both_TN
en,http://t.co/ycioeovf8t,http://t.co/ycioeovf8t,http://t.co/ycioeovf8t,http://t.co/ycioeovf8t,False,True,True,both_TN
en,http://t.co/ywldgzvnpg,http://t.co/ywldgzvnpg,http://t.co/ywldgzvnpg,http://t.co/ywldgzvnpg,False,True,True,both_TN
en,http://t.co/z2wdkmynzt,http://t.co/z2wdkmynzt,http://t.co/z2wdkmynzt,http://t.co/z2wdkmynzt,False,True,True,both_TN
en,http://t.co/zdreeksvkd,http://t.co/zdreeksvkd,http://t.co/zdreeksvkd,http://t.co/zdreeksvkd,False,True,True,both_TN
en,http://t.co/zf7fixobl2,http://t.co/zf7fixobl2,http://t.co/zf7fixobl2,http://t.co/zf7fixobl2,False,True,True,both_TN
en,http://t.co/zhj6gcrdta,http://t.co/zhj6gcrdta,http://t.co/zhj6gcrdta,http://t.co/zhj6gcrdta,False,True,True,both_TN
en,https://t.co/bg30y8amvf,https://t.co/bg30y8amvf,https://t.co/bg30y8amvf,https://t.co/bg30y8amvf,False,True,True,both_TN
en,https://t.co/he4mfufibl,https://t.co/he4mfufibl,https://t.co/he4mfufibl,https://t.co/he4mfufibl,False,True,True,both_TN
en,https://t.co/hhfwh95igb,https://t.co/hhfwh95igb,https://t.co/hhfwh95igb,https://t.co/hhfwh95igb,False,True,True,both_TN
en,https://t.co/kva4f0aazh,https://t.co/kva4f0aazh,https://t.co/kva4f0aazh,https://t.co/kva4f0aazh,False,True,True,both_TN
en,https://t.co/lyik8imzrv,https://t.co/lyik8imzrv,https://t.co/lyik8imzrv,https://t.co/lyik8imzrv,False,True,True,both_TN
en,https://t.co/sknmy6nram,https://t.co/sknmy6nram,https://t.co/sknmy6nram,https://t.co/sknmy6nram,False,True,True,both_TN
en,https://t.co/vrz3w44wwh,https://t.co/vrz3w44wwh,https://t.co/vrz3w44wwh,https://t.co/vrz3w44wwh,False,True,True,both_TN
en,https://t.co/xhyjghiuwb,https://t.co/xhyjghiuwb,https://t.co/xhyjghiuwb,https://t.co/xhyjghiuwb,False,True,True,both_TN
en,hu,hu,hu,hu,False,True,True,both_TN
en,hum97,hum97,hum97,hum97,False,True,True,both_TN
en,human,human,human,human,False,True,True,both_TN
en,humidity,humidity,humidity,humidity,False,True,True,both_TN
en,humour,humor,humor,humour,True,True,False,A_only_correct
en,hungry,hungry,hungry,hungry,False,True,True,both_TN
en,hurt,hurt,hurt,hurt,False,True,True,both_TN
en,hurts,hurts,hurts,hurts,False,True,True,both_TN
en,husband,husband,husband,husband,False,True,True,both_TN
en,hw,homework,hw,hw,True,False,False,both_wrong
en,hwh,hwh,hwh,hwh,False,True,True,both_TN
en,hyoyeon,hyoyeon,hyoyeon,hyoyeon,False,True,True,both_TN
en,hyuk,hyuk,hyuk,hyuk,False,True,True,both_TN
en,hyung,hyung,hyung,hyung,False,True,True,both_TN
de,hängen,hängen,Hängen,hängen,False,False,True,B_fixed_FP
de,hängt,hängt,hängt,hängt,False,True,True,both_TN
de,hät,hätte,hätte,hät,True,True,False,A_only_correct
de,hätt,hätte,hätte,hätte,True,True,True,both_correct
de,hätte,hätte,hätte,hätte,False,True,True,both_TN
de,hätten,hätten,hätten,hätten,False,True,True,both_TN
de,hör,Hör,höre,hör,True,False,False,both_wrong
de,hören,hören,hören,hören,False,True,True,both_TN
de,höö,Hö,höö,höö,True,False,False,both_wrong
de,hütte,hütte,hütte,hütte,False,True,True,both_TN
en,i,i,i,i,False,True,True,both_TN
en,i'll,i'll,i'll,i'll,False,True,True,both_TN
en,i'm,i'm,i'm,i'm,False,True,True,both_TN
en,i've,i've,i've,i've,False,True,True,both_TN
de,iPhone,iPhone,iPhone,iPhone,False,True,True,both_TN
de,iPod,iPod,iPod,iPod,False,True,True,both_TN
en,icant,i can't,ican't,icant,True,False,False,both_wrong
en,ice,ice,ice,ice,False,True,True,both_TN
de,ich,ich,ich,ich,False,True,True,both_TN
de,ichs,ich es,ich es,ichs,True,True,False,A_only_correct
en,icon,icon,icon,icon,False,True,True,both_TN
en,icons,icons,icons,icons,False,True,True,both_TN
en,id,i'd,id,id,True,False,False,both_wrong
en,idc,idc,idc,idc,False,True,True,both_TN
de,ide,in der,ide,ide,True,False,False,both_wrong
en,idea,idea,idea,idea,False,True,True,both_TN
en,ideas,ideas,ideas,ideas,False,True,True,both_TN
en,idgaf,idgaf,idgaf,idgaf,False,True,True,both_TN
en,idiots,idiots,idiots,idiots,False,True,True,both_TN
en,idk,idk,idk,idk,False,True,True,both_TN
en,idol,idol,idol,idol,False,True,True,both_TN
en,idr,idr,idr,idr,False,True,True,both_TN
en,if,if,if,if,False,True,True,both_TN
en,ifop,ifop,ifop,ifop,False,True,True,both_TN
en,ig,instagram,ig,ig,True,False,False,both_wrong
en,ignore,ignore,ignore,ignore,False,True,True,both_TN
de,ihm,ihm,ihm,ihm,False,True,True,both_TN
de,ihn,ihn,ihn,ihn,False,True,True,both_TN
de,ihr,ihr,ihr,ihr,False,True,True,both_TN
de,ihre,ihre,ihre,ihre,False,True,True,both_TN
de,ihrer,ihrer,ihrer,ihrer,False,True,True,both_TN
en,ik,i know,ik,ik,True,False,False,both_wrong
en,il,i'll,i'll,il,True,True,False,A_only_correct
en,ill,i'll,i'll,ill,True,True,False,A_only_correct
en,ily,ily,ily,ily,False,True,True,both_TN
en,ilysm,ilysm,ilysm,ilysm,False,True,True,both_TN
en,im,i'm,i'm,i'm,True,True,True,both_correct
en,ima,i'm going to,i'm going to,i'm going to,True,True,True,both_correct
en,imei,imei,imei,imei,False,True,True,both_TN
en,imma,i'm going to,i'm going to,i'm going to,True,True,True,both_correct
de,immer,immer,immer,immer,False,True,True,both_TN
de,immernoch,immer noch,immer noch,immernoch,True,True,False,A_only_correct
en,immigration,immigration,immigration,immigration,False,True,True,both_TN
en,imortal,imortal,imortal,imortal,False,True,True,both_TN
en,imovie,imovie,imovie,imovie,False,True,True,both_TN
en,imovie/imovie'08/imovie'09,imovie/imovie'08/imovie'09,imovie/imovie'09,imovie/imovie'08/imovie'09,False,False,True,B_fixed_FP
en,impostors,impostors,impostors,impostors,False,True,True,both_TN
en,impressive,impressive,impressive,impressive,False,True,True,both_TN
en,imran,imran,imran,imran,False,True,True,both_TN
en,imy,imy,imy,i'm you,False,True,False,B_new_FP
en,in,in,in,in,False,True,True,both_TN
en,inam,inam,inam,inam,False,True,True,both_TN
en,incase,in case,incase,incase,True,False,False,both_wrong
en,india,india,india,india,False,True,True,both_TN
en,indiana,indiana,indiana,indiana,False,True,True,both_TN
en,indirect,indirect,indirect,indirect,False,True,True,both_TN
en,inehbriated,inehbriated,inehbriated,inehbriated,False,True,True,both_TN
en,inf,inf,inf,inf,False,True,True,both_TN
en,influences,influences,influences,influences,False,True,True,both_TN
en,inhumane,inhumane,inhumane,inhumane,False,True,True,both_TN
en,injured,injured,injured,injured,False,True,True,both_TN
en,inkjet,inkjet,inkjet,inkjet,False,True,True,both_TN
de,inkl.,inkl.,inkl.,inkl.,False,True,True,both_TN
en,inori,inori,inori,inori,False,True,True,both_TN
en,ins,ins,ins,ins,False,True,True,both_TN
en,inspite,in spite,inspite,inspite,True,False,False,both_wrong
en,instagram,instagram,instagram,instagram,False,True,True,both_TN
en,institute,institute,institute,institute,False,True,True,both_TN
en,intense,intense,intense,intense,False,True,True,both_TN
en,intent,intent,intent,intent,False,True,True,both_TN
en,intercesion,intercesion,intercesion,intercesion,False,True,True,both_TN
en,interesting,interesting,interesting,interesting,False,True,True,both_TN
en,international,international,international,international,False,True,True,both_TN
de,interpoliert,interpoliert,interpoliert,interpoliert,False,True,True,both_TN
en,into,into,into,into,False,True,True,both_TN
en,investors,investors,investors,investors,False,True,True,both_TN
en,invite,invite,invite,invite,False,True,True,both_TN
en,involved,involved,involved,involved,False,True,True,both_TN
en,ios/tablet/smartphone/airprint,ios/tablet/smartphone/airprint,ios/tablet/smartphone/airprint,ios/tablet/smartphone/airprint,False,True,True,both_TN
ko,ip,ip,ip,ip,False,True,True,both_TN
en,ipad,ipad,ipad,ipad,False,True,True,both_TN
en,ipod,ipod,ipod,ipod,False,True,True,both_TN
en,ipon,ipon,ipon,ipon,False,True,True,both_TN
de,irgendwann,irgendwann,irgendwann,irgendwann,False,True,True,both_TN
de,irgendwo,irgendwo,irgendwo,irgendwo,False,True,True,both_TN
de,irgwie,irgendwie,irgendwie,irgwie,True,True,False,A_only_correct
en,irwindale,irwindale,irwindale,irwindale,False,True,True,both_TN
en,is,is,is,is,False,True,True,both_TN
en,ish,ish,ish,ish,False,True,True,both_TN
en,islamabad,islamabad,islamabad,islamabad,False,True,True,both_TN
de,isser,ist er,ist er,isser,True,True,False,A_only_correct
de,isses,ist es,ist es,isses,True,True,False,A_only_correct
en,issue,issue,issue,issue,False,True,True,both_TN
en,issues,issues,issues,issues,False,True,True,both_TN
de,ist,ist,ist,ist,False,True,True,both_TN
en,it,it,it,it,False,True,True,both_TN
en,it's,it's,it's,it's,False,True,True,both_TN
en,itachi,itachi,itachi,itachi,False,True,True,both_TN
en,italy,italy,italy,italy,False,True,True,both_TN
en,itq,itq,itq,itq,False,True,True,both_TN
en,its,its,its,its,False,True,True,both_TN
en,itunes,itunes,itunes,itunes,False,True,True,both_TN
en,itv,itv,itv,itv,False,True,True,both_TN
en,ive,i've,i've,i've,True,True,True,both_correct
de,iwie,Irgendwie,irgendwie,iwie,True,False,False,both_wrong
en,izak,izak,izak,izak,False,True,True,both_TN
en,j,j,j,j,False,True,True,both_TN
en,j&k,j&k,j&k,j&k,False,True,True,both_TN
en,j'n,j'n,j'n,j'n,False,True,True,both_TN
en,ja,ja,ja,ja,False,True,True,both_TN
de,jaa,Ja,Ja,jaa,True,True,False,A_only_correct
de,jaaa,Ja,Ja,ja,True,True,False,A_only_correct
de,jaaaa,Ja,Ja,Jaaa,True,True,False,A_only_correct
de,jaaaaaaaa,ja,Ja,Jaaaaaa,True,False,False,both_wrong
en,jabroni,jabroni,jabroni,jabroni,False,True,True,both_TN
en,jack,jack,jack,jack,False,True,True,both_TN
en,jacket,jacket,jacket,jacket,False,True,True,both_TN
en,jackin,jacking,jacking,jacking,True,True,True,both_correct
en,jackson,jackson,jackson,jackson,False,True,True,both_TN
en,jagah,jagah,jagah,jagah,False,True,True,both_TN
en,jaggery,jaggery,jaggery,jaggery,False,True,True,both_TN
en,jahania,jahania,jahania,jahania,False,True,True,both_TN
en,jai,jai,jai,jai,False,True,True,both_TN
en,jailene,jailene,jailene,jailene,False,True,True,both_TN
en,jakcloth,jakcloth,jakcloth,jakcloth,False,True,True,both_TN
en,james,james,james,james,False,True,True,both_TN
en,janoski,janoski,janoski,janoski,False,True,True,both_TN
en,jap,jap,jap,jap,False,True,True,both_TN
de,japan,Japan,japan,japan,True,False,False,both_wrong
en,jaunty,jaunty,jaunty,jaunty,False,True,True,both_TN
en,jax,jax,jax,jax,False,True,True,both_TN
en,jay,jay,jay,jay,False,True,True,both_TN
en,jaylin,jaylin,jaylin,jaylin,False,True,True,both_TN
en,jb,jb,jb,jb,False,True,True,both_TN
en,jdm,jdm,jdm,jdm,False,True,True,both_TN
en,jealous,jealous,jealous,jealous,False,True,True,both_TN
de,jedem,jedem,jedem,jedem,False,True,True,both_TN
de,jeden,jeden,jeden,jeden,False,True,True,both_TN
en,jelena,jelena,jelena,jelena,False,True,True,both_TN
de,jemand,jemand,jemand,jemand,False,True,True,both_TN
en,jessica,jessica,jessica,jessica,False,True,True,both_TN
en,jesus,jesus,jesus,jesus,False,True,True,both_TN
de,jetz,Jetzt,jetzt,jetzt,True,False,False,both_wrong
de,jetzt,jetzt,jetzt,jetzt,False,True,True,both_TN
de,jez,jetzt,jetzt,jez,True,True,False,A_only_correct
en,jfb,jfb,jfb,jfb,False,True,True,both_TN
en,jheeze,jheeze,jheeze,jheeze,False,True,True,both_TN
en,jhene,jhene,jhene,jhene,False,True,True,both_TN
en,jimmy,jimmy,jimmy,jimmy,False,True,True,both_TN
en,jiu,jiu,jiu,jiu,False,True,True,both_TN
en,jk,just kidding,jk,jk,True,False,False,both_wrong
de,jo,Jo,jo,jo,True,False,False,both_wrong
de,joa,Joa,joa,joa,True,False,False,both_wrong
en,job,job,job,job,False,True,True,both_TN
en,joe,joe,joe,joe,False,True,True,both_TN
en,joe's,joe's,joe's,joe's,False,True,True,both_TN
en,join,join,join,join,False,True,True,both_TN
en,joins,joins,joins,joins,False,True,True,both_TN
en,jokes,jokes,jokes,jokes,False,True,True,both_TN
en,jolokia,jolokia,jolokia,jolokia,False,True,True,both_TN
en,jones,jones,jones,jones,False,True,True,both_TN
en,jonghyun,jonghyun,jonghyun,jonghyun,False,True,True,both_TN
en,jornet,jornet,jornet,jornet,False,True,True,both_TN
en,jskcosnxoancoamxis,jskcosnxoancoamxis,jskcosnxoancoamxis,jskcosnxoancoamxis,False,True,True,both_TN
en,jst,just,jst,jst,True,False,False,both_wrong
en,jsy,jsy,jsy,jsy,False,True,True,both_TN
en,judgement,judgment,judgement,judgement,True,False,False,both_wrong
de,juhu,Juhu,juhu,juhu,True,False,False,both_wrong
en,july,july,july,july,False,True,True,both_TN
en,jumpseat,jumpseat,jumpseat,jumpseat,False,True,True,both_TN
en,june,june,june,june,False,True,True,both_TN
de,junge,Junge,junge,Junge,True,False,True,B_only_correct
en,juni,juni,juni,juni,False,True,True,both_TN
en,junie,junie,junie,junie,False,True,True,both_TN
en,jus,just,just,just,True,True,True,both_correct
en,juseyo,juseyo,juseyo,juseyo,False,True,True,both_TN
en,just,just,just,just,False,True,True,both_TN
en,justin,justin,justin,justin,False,True,True,both_TN
en,justunfollow,just unfollow,just unfollow,justunfollow,True,True,False,A_only_correct
en,juudh,juudh,juudh,judh,False,True,False,B_new_FP
de,jz,jetzt,jetzt,jz,True,True,False,A_only_correct
en,k,k,k,k,False,True,True,both_TN
en,ka,ka,ka,ka,False,True,True,both_TN
en,kabuto,kabuto,kabuto,kabuto,False,True,True,both_TN
de,kaff,Kaff,kaff,kaff,True,False,False,both_wrong
en,kaggs,kaggs,kaggs,kaggs,False,True,True,both_TN
en,kahli,kahli,kahli,kahli,False,True,True,both_TN
de,kalender,Kalender,kalender,kalender,True,False,False,both_wrong
en,kamar,kamar,kamar,kamar,False,True,True,both_TN
en,kang,kang,kang,kang,False,True,True,both_TN
de,kann,kann,kann,kann,False,True,True,both_TN
de,kannst,kannst,kannst,kannst,False,True,True,both_TN
en,kanye,kanye,kanye,kanye,False,True,True,both_TN
en,kaos,kaos,kaos,kaos,False,True,True,both_TN
en,kapala,kapala,kapala,kapala,False,True,True,both_TN
en,kardashia,kardashia,kardashia,kardashia,False,True,True,both_TN
en,kardashian,kardashian,kardashian,kardashian,False,True,True,both_TN
en,karl,karl,karl,karl,False,True,True,both_TN
en,karma,karma,karma,karma,False,True,True,both_TN
en,karta,karta,karta,karta,False,True,True,both_TN
en,kat,kat,kat,kat,False,True,True,both_TN
en,katniss,katniss,katniss,katniss,False,True,True,both_TN
de,katze,Katze,katze,katze,True,False,False,both_wrong
en,kau,kau,kau,kau,False,True,True,both_TN
de,kaum,kaum,kaum,kaum,False,True,True,both_TN
en,kay,kay,kay,kay,False,True,True,both_TN
en,kaygeo,kaygeo,kaygeo,kaygeo,False,True,True,both_TN
en,ke,ke,ke,ke,False,True,True,both_TN
en,kearny,kearny,kearny,kearny,False,True,True,both_TN
en,keep,keep,keep,keep,False,True,True,both_TN
en,keepin,keeping,keeping,keeping,True,True,True,both_correct
de,kein,kein,kein,kein,False,True,True,both_TN
de,keine,Keine,keine,keine,True,False,False,both_wrong
de,keinen,keinen,keinen,keinen,False,True,True,both_TN
de,keins,keins,keins,keins,False,True,True,both_TN
en,kelleher,kelleher,kelleher,kelleher,False,True,True,both_TN
en,kelly,kelly,kelly,kelly,False,True,True,both_TN
en,kematian,kematian,kematian,kematian,False,True,True,both_TN
en,kembali,kembali,kembali,kembali,False,True,True,both_TN
en,kenal,kenal,kenal,kenal,False,True,True,both_TN
en,kenn,kenn,kenne,kenn,False,False,True,B_fixed_FP
de,kenne,kenne,kenne,kenne,False,True,True,both_TN
en,kept,kept,kept,kept,False,True,True,both_TN
de,kerlchen,Kerlchen,Kerlchen,kerlchen,True,True,False,A_only_correct
en,kesip,kesip,kesip,kesip,False,True,True,both_TN
en,kf,kf,kf,kf,False,True,True,both_TN
en,khalil,khalil,khalil,khalil,False,True,True,both_TN
en,khan,khan,khan,khan,False,True,True,both_TN
en,khloe,khloe,khloe,khloe,False,True,True,both_TN
en,kid,kid,kid,kid,False,True,True,both_TN
en,kids,kids,kids,kids,False,True,True,both_TN
en,kik,kik,kik,kik,False,True,True,both_TN
en,kilian,kilian,kilian,kilian,False,True,True,both_TN
en,kill,kill,kill,kill,False,True,True,both_TN
en,killr,killr,killer,killer,False,False,False,both_FP
en,kim's,kim's,kim's,kim's,False,True,True,both_TN
en,kimberley,kimberley,kimberley,kimberley,False,True,True,both_TN
en,kind,kind,kind,kind,False,True,True,both_TN
en,king,king,king,king,False,True,True,both_TN
de,kippe,kippe,kippe,kippe,False,True,True,both_TN
en,kiran,kiran,kiran,kiran,False,True,True,both_TN
en,kishwar,kishwar,kishwar,kishwar,False,True,True,both_TN
en,kit,kit,kit,kit,False,True,True,both_TN
en,kita,kita,kita,kita,False,True,True,both_TN
en,kitchen,kitchen,kitchen,kitchen,False,True,True,both_TN
de,kizaa,Kizaa,kizaa,kizaa,True,False,False,both_wrong
en,kkkkkk,kkkkkk,kkkkkk,kkkkkk,False,True,True,both_TN
en,kky,kky,kky,kky,False,True,True,both_TN
de,klappstuhl,Klappstuhl,Klappstuhl,Klappstuhl,True,True,True,both_correct
de,klappt,klappt,klappt,klappt,False,True,True,both_TN
de,klar,klar,klar,klar,False,True,True,both_TN
en,klaroline,klaroline,klaroline,klaroline,False,True,True,both_TN
de,klassenfeier,klassenfeier,Klassenfeier,Klassenfeier,False,False,False,both_FP
de,klassi,klassifizieren,klassi,klassi,True,False,False,both_wrong
de,klassiker,Klassiker,klassiker,Klassiker,True,False,True,B_only_correct
en,klaus,klaus,klaus,klaus,False,True,True,both_TN
de,klavier,klavier,klavier,klavier,False,True,True,both_TN
de,kliengeln,klingeln,Kliengeln,kliengeln,True,False,False,both_wrong
de,klingen,klingen,klingen,klingen,False,True,True,both_TN
en,knits,knits,knits,knits,False,True,True,both_TN
en,knots,knots,knots,knots,False,True,True,both_TN
en,know,know,know,know,False,True,True,both_TN
en,knw,know,know,know,True,True,True,both_correct
en,ko,ko,ko,ko,False,True,True,both_TN
en,kobe,kobe,kobe,kobe,False,True,True,both_TN
de,koken,Koken,koken,koken,True,False,False,both_wrong
de,komisch,komisch,komisch,komisch,False,True,True,both_TN
de,komisches,komisches,komisches,komisches,False,True,True,both_TN
de,kommen,kommen,kommen,kommen,False,True,True,both_TN
de,kommst,kommst,kommst,kommst,False,True,True,both_TN
de,kommt,kommt,kommt,kommt,False,True,True,both_TN
en,kompany,kompany,kompany,kompany,False,True,True,both_TN
de,komplett,komplett,komplett,komplett,False,True,True,both_TN
de,komt,kommt,komt,komt,True,False,False,both_wrong
de,konsequent,konsequent,konsequent,konsequent,False,True,True,both_TN
de,konsistent,konsistent,konsistent,konsistent,False,True,True,both_TN
de,konstant,konstant,konstant,konstant,False,True,True,both_TN
de,kontext,kontext,kontext,kontext,False,True,True,both_TN
de,konzert,Konzert,konzert,konzert,True,False,False,both_wrong
en,kor,kor,kor,kor,False,True,True,both_TN
de,korb,Korb,korb,korb,True,False,False,both_wrong
en,korean,korean,korean,korean,False,True,True,both_TN
en,kot,kot,kot,kot,False,True,True,both_TN
en,kotla,kotla,kotla,kotla,False,True,True,both_TN
de,kotzen,kotzen,kotzen,kotzen,False,True,True,both_TN
en,kpop,kpop,kpop,kpop,False,True,True,both_TN
en,kpopers,kpopers,kpopers,kpopers,False,True,True,both_TN
de,kreischtweet,Kreischtweet,kreischtweet,kreischtweet,True,False,False,both_wrong
de,krieg,kriege,krieg,krieg,True,False,False,both_wrong
en,krugman,krugman,krugman,krugman,False,True,True,both_TN
de,kucken,gucken,kucken,kucken,True,False,False,both_wrong
en,kule,kule,kule,kule,False,True,True,both_TN
de,kund,kund,kund,kund,False,True,True,both_TN
en,kunjani,kunjani,kunjani,kunjani,False,True,True,both_TN
de,kurt,Kurt,kurt,kurt,True,False,False,both_wrong
de,kurz,kurz,kurz,kurz,False,True,True,both_TN
en,kuwait,kuwait,kuwait,kuwait,False,True,True,both_TN
en,ky,ky,ky,ky,False,True,True,both_TN
en,kylie,kylie,kylie,kylie,False,True,True,both_TN
en,kyungsoo,kyungsoo,kyungsoo,kyungsoo,False,True,True,both_TN
de,können,können,können,können,False,True,True,both_TN
de,könnt,könnte,könnte,könnt,True,True,False,A_only_correct
ko,k게임,k게임,k게임,k게임,False,True,True,both_TN
en,l,l,l,l,False,True,True,both_TN
en,l'wren,l'wren,l'wren,l'wren,False,True,True,both_TN
en,la,la,la,la,False,True,True,both_TN
en,labour,labor,labor,labour,True,True,False,A_only_correct
de,lach,lach,lach,lach,False,True,True,both_TN
de,lachen,lachen,lachen,lachen,False,True,True,both_TN
de,lachkrampf,Lachkrampf,Lachkrampf,Lachkrampf,True,True,True,both_correct
de,lacht,lacht,lacht,lacht,False,True,True,both_TN
en,lack,lack,lack,lack,False,True,True,both_TN
de,lade,lade,lade,lade,False,True,True,both_TN
en,lady,lady,lady,lady,False,True,True,both_TN
de,laecherlich,lächerlich,lächerlich,lächerlich,True,True,True,both_correct
en,lakala,lakala,lakala,lakala,False,True,True,both_TN
en,lakers,lakers,lakers,lakers,False,True,True,both_TN
en,lama,lama,lama,lama,False,True,True,both_TN
en,lame,lame,lame,lame,False,True,True,both_TN
en,lana,lana,lana,lana,False,True,True,both_TN
en,lance,lance,lance,lance,False,True,True,both_TN
en,lancomegrandiose,lancomegrandiose,lancomegrandiose,lancomegrandiose,False,True,True,both_TN
en,lang,lang,lang,lang,False,True,True,both_TN
de,lange,lange,lange,lange,False,True,True,both_TN
de,langeweile,Langeweile,langeweile,langeweile,True,False,False,both_wrong
en,lanka,lanka,lanka,lanka,False,True,True,both_TN
en,lapland,lapland,lapland,lapland,False,True,True,both_TN
en,large,large,large,large,False,True,True,both_TN
en,las,las,las,las,False,True,True,both_TN
de,lass,lass,lass,lass,False,True,True,both_TN
de,lassen,lassen,lassen,lassen,False,True,True,both_TN
en,last,last,last,last,False,True,True,both_TN
en,late,late,late,late,False,True,True,both_TN
en,later,later,later,later,False,True,True,both_TN
de,latinbuech,Lateinbuch,latinbüch,latinbüch,True,False,False,both_wrong
en,laugh,laugh,laugh,laugh,False,True,True,both_TN
en,laughing,laughing,laughing,laughing,False,True,True,both_TN
en,laughs,laughs,laughs,laughs,False,True,True,both_TN
en,laut,laut,laut,laut,False,True,True,both_TN
en,law,law,law,law,False,True,True,both_TN
en,lawn,lawn,lawn,lawn,False,True,True,both_TN
en,lawsuit,lawsuit,lawsuit,lawsuit,False,True,True,both_TN
en,lay,lay,lay,lay,False,True,True,both_TN
en,layup,layup,layup,layup,False,True,True,both_TN
en,lazy,lazy,lazy,lazy,False,True,True,both_TN
en,lcw,lcw,lcw,lcw,False,True,True,both_TN
en,ldrs,ldrs,ldrs,ldrs,False,True,True,both_TN
en,le,le,le,le,False,True,True,both_TN
en,lea,lea,lea,lea,False,True,True,both_TN
en,lead,lead,lead,lead,False,True,True,both_TN
en,leaders,leaders,leaders,leaders,False,True,True,both_TN
en,learn,learn,learned,learn,False,False,True,B_fixed_FP
en,leave,leave,leave,leave,False,True,True,both_TN
en,leaving,leaving,leaving,leaving,False,True,True,both_TN
en,lebron,lebron,lebron,lebron,False,True,True,both_TN
de,lecken,lecken,lecken,lecken,False,True,True,both_TN
en,lee,lee,lee,lee,False,True,True,both_TN
de,leer,leer,leer,leer,False,True,True,both_TN
en,left,left,left,left,False,True,True,both_TN
de,legen,legen,legen,legen,False,True,True,both_TN
en,lego's,lego's,lego's,lego's,False,True,True,both_TN
en,legt,left,legt,legt,True,False,False,both_wrong
en,leh,leh,lehe,leh,False,False,True,B_fixed_FP
de,leichter,leichter,leichter,leichter,False,True,True,both_TN
de,leid,leid,leid,leid,False,True,True,both_TN
de,leide,leide,leide,leide,False,True,True,both_TN
de,leider,Leider,leider,leider,True,False,False,both_wrong
de,leisten,leisten,leisten,leisten,False,True,True,both_TN
de,lenkrad,Lenkrad,lenkrad,lenkrad,True,False,False,both_wrong
de,lerne,lerne,lerne,lerne,False,True,True,both_TN
de,lesen,lesen,lesen,lesen,False,True,True,both_TN
en,lessons,lessons,lessons,lessons,False,True,True,both_TN
en,let,let,let,let,False,True,True,both_TN
en,let's,let's,let's,let's,False,True,True,both_TN
de,letzte,letzte,letzte,letzte,False,True,True,both_TN
de,letzten,letzten,letzten,letzten,False,True,True,both_TN
de,leute,Leute,Leute,leute,True,True,False,A_only_correct
en,level,level,level,level,False,True,True,both_TN
en,levitt,levitt,levitt,levitt,False,True,True,both_TN
en,lexus,lexus,lexus,lexus,False,True,True,both_TN
en,lexx,lexx,lexx,lexx,False,True,True,both_TN
en,lg,lg,lg,lg,False,True,True,both_TN
en,liam,liam,liam,liam,False,True,True,both_TN
en,liao,liao,liao,liao,False,True,True,both_TN
de,liebe,liebe,liebe,liebe,False,True,True,both_TN
en,lieder,lieder,lieder,lieder,False,True,True,both_TN
de,lieeeebe,liebe,lieeeebe,lieeeeeeee,True,False,False,both_wrong
de,liegen,liegen,liegen,liegen,False,True,True,both_TN
de,liegt,liegt,liegt,liegt,False,True,True,both_TN
de,liegts,liegt es,liegt es,liegts,True,True,False,A_only_correct
en,liek,like,liek,liek,True,False,False,both_wrong
en,lies,lies,lies,lies,False,True,True,both_TN
en,life,life,life,life,False,True,True,both_TN
en,lifeee,life,life,life,True,True,True,both_correct
en,lifetime,lifetime,lifetime,lifetime,False,True,True,both_TN
en,lifting,lifting,lifting,lifting,False,True,True,both_TN
en,lights,lights,lights,lights,False,True,True,both_TN
en,lightskin,light skin,lightskin,lightskin,True,False,False,both_wrong
en,lightskinned,lightskinned,lightskinned,lightskinned,False,True,True,both_TN
en,like,like,like,like,False,True,True,both_TN
en,liked,liked,liked,liked,False,True,True,both_TN
en,likely,likely,likely,likely,False,True,True,both_TN
en,likes,likes,likes,likes,False,True,True,both_TN
en,lil,little,little,like,True,True,False,A_only_correct
en,limit,limit,limit,limit,False,True,True,both_TN
en,linda,linda,linda,linda,False,True,True,both_TN
en,line,line,line,line,False,True,True,both_TN
en,link,link,link,link,False,True,True,both_TN
de,linke,Linke,linke,linke,True,False,False,both_wrong
de,links,links,links,links,False,True,True,both_TN
en,lip,lip,lip,lip,False,True,True,both_TN
de,lippen,Lippen,lippen,lippen,True,False,False,both_wrong
en,lirik,lirik,lirik,lirik,False,True,True,both_TN
en,list,list,list,list,False,True,True,both_TN
en,listen,listen,listen,listen,False,True,True,both_TN
en,listening,listening,listening,listening,False,True,True,both_TN
en,little,little,little,little,False,True,True,both_TN
en,live,live,live,live,False,True,True,both_TN
en,liverpool,liverpool,liverpool,liverpool,False,True,True,both_TN
en,lives,lives,lives,lives,False,True,True,both_TN
en,liveset,liveset,liveset,liveset,False,True,True,both_TN
en,livestream,livestream,livestream,livestream,False,True,True,both_TN
en,lk,lk,lk,lk,False,True,True,both_TN
en,lm,lm,lm,lm,False,True,True,both_TN
en,lmao,lmao,lmao,lmao,False,True,True,both_TN
en,lmaoo,lmaoo,lmaoo,lmaoo,False,True,True,both_TN
en,lmap,lmap,lmap,lmap,False,True,True,both_TN
en,lmfao,lmfao,lmfao,lmfao,False,True,True,both_TN
en,lmfaooo,lmfaooo,lmfaooo,lmfaoo,False,True,False,B_new_FP
en,lmk,lmk,lmk,lmk,False,True,True,both_TN
en,locale,locale,locale,locale,False,True,True,both_TN
de,locken,Locken,locken,locken,True,False,False,both_wrong
de,lockere,lockeree,lockere,lockere,True,False,False,both_wrong
en,locos,locos,locos,locos,False,True,True,both_TN
en,loctite,loctite,loctite,loctite,False,True,True,both_TN
en,loe,loe,loe,loe,False,True,True,both_TN
en,lol,lol,lol,lol,False,True,True,both_TN
en,lololol,lololol,lololol,lololol,False,True,True,both_TN
en,lom,lom,lom,lom,False,True,True,both_TN
en,london,london,london,london,False,True,True,both_TN
en,long,long,long,long,False,True,True,both_TN
en,longer,longer,longer,longer,False,True,True,both_TN
en,longway,long way,long way,longway,True,True,False,A_only_correct
en,look,look,look,look,False,True,True,both_TN
en,lookin,looking,looking,looking,True,True,True,both_correct
en,looking,looking,looking,looking,False,True,True,both_TN
en,looks,looks,looks,looks,False,True,True,both_TN
en,looool,looool,looool,looool,False,True,True,both_TN
en,lord,lord,lord,lord,False,True,True,both_TN
en,los,los,los,los,False,True,True,both_TN
en,lose,lose,lose,lose,False,True,True,both_TN
de,losfahren,losfahren,losfahren,losfahren,False,True,True,both_TN
de,losgefahren,losgefahren,losgefahren,losgefahren,False,True,True,both_TN
en,loss,loss,loss,loss,False,True,True,both_TN
en,lost,lost,lost,lost,False,True,True,both_TN
en,lottle,lot,lottle,lottle,True,False,False,both_wrong
en,loud,loud,loud,loud,False,True,True,both_TN
en,loudest,loudest,loudest,loudest,False,True,True,both_TN
en,louis,louis,louis,louis,False,True,True,both_TN
en,lovato,lovato,lovato,lovato,False,True,True,both_TN
en,love,love,love,love,False,True,True,both_TN
en,love/hate,love/hate,love/hate,love/hate,False,True,True,both_TN
en,loved,loved,loved,loved,False,True,True,both_TN
en,loveholic,loveholic,loveholic,loveholic,False,True,True,both_TN
en,lovely,lovely,lovely,lovely,False,True,True,both_TN
en,loves,loves,loves,loves,False,True,True,both_TN
en,lovey,lovey,lovey,lovey,False,True,True,both_TN
en,low,low,low,low,False,True,True,both_TN
en,lowd,lowd,lowd,lowd,False,True,True,both_TN
en,loyal,loyal,loyal,loyal,False,True,True,both_TN
en,luck,luck,luck,luck,False,True,True,both_TN
en,luhan,luhan,luhan,luhan,False,True,True,both_TN
en,luke,luke,luke,luke,False,True,True,both_TN
en,lul,lul,lul,lul,False,True,True,both_TN
en,lundqvist,lundqvist,lundqvist,lundqvist,False,True,True,both_TN
en,luque,luque,luque,luque,False,True,True,both_TN
en,lurk,lurk,lurk,lurk,False,True,True,both_TN
en,lyrics,lyrics,lyrics,lyrics,False,True,True,both_TN
de,lächeln,lächeln,lächeln,lächeln,False,True,True,both_TN
de,länger,länger,Länger,länger,False,False,True,B_fixed_FP
de,längerem,längerem,längerem,längerem,False,True,True,both_TN
de,längst,längst,längst,längst,False,True,True,both_TN
de,lässt,lässt,lässt,lässt,False,True,True,both_TN
de,lästern,lästern,lästern,lästern,False,True,True,both_TN
de,läuft,läuft,läuft,läuft,False,True,True,both_TN
en,m,m,m,m,False,True,True,both_TN
de,m.a,m.a,m.a,m.a,False,True,True,both_TN
en,ma,ma,mal,ma,False,False,True,B_fixed_FP
en,ma254ll/a,ma254ll/a,ma254ll/a,ma254ll/a,False,True,True,both_TN
en,macam,macam,macam,macam,False,True,True,both_TN
en,macbook,macbook,macbook,macbook,False,True,True,both_TN
de,mach,mache,mach,mach,True,False,False,both_wrong
en,machar,machar,machar,machar,False,True,True,both_TN
de,mache,mache,mache,mache,False,True,True,both_TN
de,machen,machen,machen,machen,False,True,True,both_TN
de,machs,mache es,maches,machs,True,False,False,both_wrong
de,machst,machst,machst,machst,False,True,True,both_TN
de,macht,macht,macht,macht,False,True,True,both_TN
de,machts,macht es,machts,machts,True,False,False,both_wrong
en,mad,mad,mad,mad,False,True,True,both_TN
en,made,made,made,made,False,True,True,both_TN
en,madhu,madhu,madhu,madhu,False,True,True,both_TN
en,madrid,madrid,madrid,madrid,False,True,True,both_TN
de,mag,mag,mag,mag,False,True,True,both_TN
en,magnetised,magnetised,magnetised,magnetised,False,True,True,both_TN
en,magsafe,magsafe,magsafe,magsafe,False,True,True,both_TN
de,magst,magst,magst,magst,False,True,True,both_TN
en,mah,my,mah,mah,True,False,False,both_wrong
en,maison,maison,maison,maison,False,True,True,both_TN
en,major,major,major,major,False,True,True,both_TN
en,maka,maka,maka,maka,False,True,True,both_TN
en,makalahlwe,makalahlwe,makalahlwe,makalahlwe,False,True,True,both_TN
en,makapag,makapag,makapag,makapag,False,True,True,both_TN
en,make,make,make,make,False,True,True,both_TN
en,makes,makes,makes,makes,False,True,True,both_TN
en,makeup,makeup,makeup,makeup,False,True,True,both_TN
en,makin,making,making,making,True,True,True,both_correct
de,mal,mal,mal,mal,False,True,True,both_TN
en,malem,malem,malem,malem,False,True,True,both_TN
en,malik,malik,malik,malik,False,True,True,both_TN
en,malone,malone,malone,malone,False,True,True,both_TN
en,mammaye,mammaye,mammaye,mammaye,False,True,True,both_TN
en,mamodou,mamodou,mamodou,mamodou,False,True,True,both_TN
en,man,man,man,man,False,True,True,both_TN
en,man's,man's,man's,man's,False,True,True,both_TN
en,management,management,management,management,False,True,True,both_TN
en,manager,manager,manager,manager,False,True,True,both_TN
en,managing,managing,managing,managing,False,True,True,both_TN
en,manamit,manamit,manamit,manamit,False,True,True,both_TN
en,manan,manan,manan,manan,False,True,True,both_TN
de,manchmal,manchmal,manchmal,manchmal,False,True,True,both_TN
en,manis,manis,manis,manis,False,True,True,both_TN
en,mansion,mansion,mansion,mansion,False,True,True,both_TN
en,many,many,many,many,False,True,True,both_TN
en,map,map,map,map,False,True,True,both_TN
en,margiela,margiela,margiela,margiela,False,True,True,both_TN
en,mari,mari,mari,mari,False,True,True,both_TN
en,mariah,mariah,mariah,mariah,False,True,True,both_TN
en,market,market,market,market,False,True,True,both_TN
en,marketing,marketing,marketing,marketing,False,True,True,both_TN
en,marketwatch,market watch,marketwatch,marketwatch,True,False,False,both_wrong
en,markus,markus,markus,markus,False,True,True,both_TN
en,marquinhos,marquinhos,marquinhos,marquinhos,False,True,True,both_TN
en,marriage,marriage,marriage,marriage,False,True,True,both_TN
en,marsden,marsden,marsden,marsden,False,True,True,both_TN
en,martin,martin,martin,martin,False,True,True,both_TN
en,mashed,mashed,mashed,mashed,False,True,True,both_TN
en,mashup,mashup,mashup,mashup,False,True,True,both_TN
en,mask,mask,mask,mask,False,True,True,both_TN
en,masso,masso,masso,masso,False,True,True,both_TN
en,mata,mata,mata,mata,False,True,True,both_TN
en,match,match,match,match,False,True,True,both_TN
en,mate,mate,mate,mate,False,True,True,both_TN
en,matrix,matrix,matrix,matrix,False,True,True,both_TN
en,matter,matter,matter,matter,False,True,True,both_TN
en,matty,matty,matty,matty,False,True,True,both_TN
de,maturaarbet,Maturaarbeit,maturaarbet,maturaarbet,True,False,False,both_wrong
en,mau,mau,mau,mau,False,True,True,both_TN
en,max,max,max,max,False,True,True,both_TN
en,may,may,may,may,False,True,True,both_TN
en,maya,maya,maya,maya,False,True,True,both_TN
en,mayweather,mayweather,mayweather,mayweather,False,True,True,both_TN
en,mazkirah,mazkirah,mazkirah,mazkirah,False,True,True,both_TN
en,mbc,mbc,mbc,mbc,False,True,True,both_TN
en,mcdonalds,mcdonalds,mcdonalds,mcdonalds,False,True,True,both_TN
de,mcih,mich,mcic,mcih,True,False,False,both_wrong
en,mcilroy,mcilroy,mcilroy,mcilroy,False,True,True,both_TN
en,me,me,me,me,False,True,True,both_TN
en,meal,meal,meal,meal,False,True,True,both_TN
en,mean,mean,mean,mean,False,True,True,both_TN
en,meaningful,meaningful,meaningful,meaningful,False,True,True,both_TN
en,means,means,means,means,False,True,True,both_TN
en,mee,me,me,mee,True,True,False,A_only_correct
en,meet,meet,meet,meet,False,True,True,both_TN
en,meetin,meeting,meeting,meeting,True,True,True,both_correct
de,megamonstergruppe,Megamonstergruppe,Megamonstergruppe,Megamonstergruppe,True,True,True,both_correct
en,meh,meh,meh,meh,False,True,True,both_TN
en,mehehhe,mehehhe,mehehhe,mehehhe,False,True,True,both_TN
de,mehr,mehr,mehr,mehr,False,True,True,both_TN
de,mehrere,mehrere,mehrere,mehrere,False,True,True,both_TN
en,mei,mei,mei,mei,False,True,True,both_TN
en,meilleures,meilleures,meilleures,meilleures,False,True,True,both_TN
de,mein,meine,mein,mein,True,False,False,both_wrong
de,meine,meine,meine,meine,False,True,True,both_TN
de,meinem,meinem,meinem,meinem,False,True,True,both_TN
de,meinen,meinen,meinen,meinen,False,True,True,both_TN
de,meiner,meiner,meiner,meiner,False,True,True,both_TN
de,meines,meines,meines,meines,False,True,True,both_TN
de,meint,meint,meint,meint,False,True,True,both_TN
de,meisje,meisje,meisje,meisje,False,True,True,both_TN
de,meisten,meisten,meisten,meisten,False,True,True,both_TN
de,meistens,meistens,meistens,meistens,False,True,True,both_TN
en,melampau,melampau,melampau,melampau,False,True,True,both_TN
en,melanie,melanie,melanie,melanie,False,True,True,both_TN
en,melted,melted,melted,melted,False,True,True,both_TN
en,member,member,member,member,False,True,True,both_TN
en,members,members,members,members,False,True,True,both_TN
en,mentions,mentions,mentions,mentions,False,True,True,both_TN
en,merch,merch,merch,merch,False,True,True,both_TN
en,merchant,merchant,merchant,merchant,False,True,True,both_TN
en,mere,mere,mere,mere,False,True,True,both_TN
de,merke,merke,merke,merke,False,True,True,both_TN
de,merkt,merkt,merkt,merkt,False,True,True,both_TN
en,meron,meron,meron,meron,False,True,True,both_TN
en,message,message,message,message,False,True,True,both_TN
en,met,met,met,met,False,True,True,both_TN
en,metal,metal,metal,metal,False,True,True,both_TN
en,meteorite,meteorite,meteorite,meteorite,False,True,True,both_TN
en,meth,methamphetamine,meth,meth,True,False,False,both_wrong
en,mexican,mexican,mexican,mexican,False,True,True,both_TN
en,mexico,mexico,mexico,mexico,False,True,True,both_TN
en,mf,mother fucker,mother fucker,mf,True,True,False,A_only_correct
de,mh,mh,mh,mh,False,True,True,both_TN
en,mi,mi,mi,mi,False,True,True,both_TN
de,mich,mich,mich,mich,False,True,True,both_TN
en,michael,michael,michael,michael,False,True,True,both_TN
en,michelle,michelle,michelle,michelle,False,True,True,both_TN
en,might,might,might,might,False,True,True,both_TN
en,migos,migos,migos,migos,False,True,True,both_TN
en,mike,mike,mike,mike,False,True,True,both_TN
en,miles,miles,miles,miles,False,True,True,both_TN
en,milk,milk,milk,milk,False,True,True,both_TN
en,miller,miller,miller,miller,False,True,True,both_TN
en,million,million,million,million,False,True,True,both_TN
de,min,Minuten,minutes,min,True,False,False,both_wrong
en,minaj,minaj,minaj,minaj,False,True,True,both_TN
en,mind,mind,mind,mind,False,True,True,both_TN
en,mine,mine,mine,mine,False,True,True,both_TN
en,ming,ming,ming,ming,False,True,True,both_TN
en,minho,minho,minho,minho,False,True,True,both_TN
en,mini,mini,mini,mini,False,True,True,both_TN
en,minii,minii,minii,minii,False,True,True,both_TN
en,minister,minister,minister,minister,False,True,True,both_TN
en,minogue,minogue,minogue,minogue,False,True,True,both_TN
en,mins,minutes,mins,mins,True,False,False,both_wrong
en,minutes,minutes,minutes,minutes,False,True,True,both_TN
de,mir,mir,mir,mir,False,True,True,both_TN
de,mischung,Mischung,mischung,mischung,True,False,False,both_wrong
en,miss,miss,miss,miss,False,True,True,both_TN
en,missing,missing,missing,missing,False,True,True,both_TN
en,mist,mist,mist,mist,False,True,True,both_TN
de,mit,mit,mit,mit,False,True,True,both_TN
de,mithibbel,mithibbel,mithibbel,mithibbel,False,True,True,both_TN
de,mitte,Mitte,mitte,mitte,True,False,False,both_wrong
de,mittlerweile,mittlerweile,mittlerweile,mittlerweile,False,True,True,both_TN
en,miuna,miuna,miuna,miuna,False,True,True,both_TN
en,mix,mix,mix,mix,False,True,True,both_TN
en,mj,mj,mj,mj,False,True,True,both_TN
en,mlb,major league baseball,mlb,mlb,True,False,False,both_wrong
en,mm,mm,mm,mm,False,True,True,both_TN
en,mmm,mmm,mmm,mmm,False,True,True,both_TN
en,mnl,my new love,mnl,mnl,True,False,False,both_wrong
en,mo,mo,mo,mo,False,True,True,both_TN
de,mobbe,mobbe,mobbe,mobbe,False,True,True,both_TN
en,mobile,mobile,mobile,mobile,False,True,True,both_TN
en,model,model,model,model,False,True,True,both_TN
de,modem,Modem,modem,modem,True,False,False,both_wrong
en,modi,modi,modi,modi,False,True,True,both_TN
en,modi`s,modi`s,modi's,modi's,False,False,False,both_FP
en,mold,mold,mold,mold,False,True,True,both_TN
en,moment,moment,moment,moment,False,True,True,both_TN
en,momo,momo,momo,momo,False,True,True,both_TN
en,moms,moms,moms,moms,False,True,True,both_TN
en,monday,monday,monday,monday,False,True,True,both_TN
en,money,money,money,money,False,True,True,both_TN
en,montreal,montreal,montreal,montreal,False,True,True,both_TN
en,mood,mood,mood,mood,False,True,True,both_TN
en,moodbooster,mood booster,moodbooster,moodbooster,True,False,False,both_wrong
en,moodbreaker,mood breaker,moodbreaker,moodbreaker,True,False,False,both_wrong
en,moore,moore,moore,moore,False,True,True,both_TN
en,moorgate,moorgate,moorgate,moorgate,False,True,True,both_TN
en,more,more,more,more,False,True,True,both_TN
de,morgen,morgen,morgen,morgen,False,True,True,both_TN
en,morning,morning,morning,morning,False,True,True,both_TN
en,morrison,morrison,morrison,morrison,False,True,True,both_TN
en,morristown,morristown,morristown,morristown,False,True,True,both_TN
en,most,most,most,most,False,True,True,both_TN
en,mounts,mounts,mounts,mounts,False,True,True,both_TN
en,mountsby,mountsby,mountsby,mountsby,False,True,True,both_TN
en,mouth,mouth,mouth,mouth,False,True,True,both_TN
en,moved,moved,moved,moved,False,True,True,both_TN
en,movies,movies,movies,movies,False,True,True,both_TN
en,moving,moving,moving,moving,False,True,True,both_TN
en,mph,mph,mph,mph,False,True,True,both_TN
en,mr.,mr.,mr.,mr.,False,True,True,both_TN
en,ms,ms,ms,ms,False,True,True,both_TN
en,msl,msl,msl,msl,False,True,True,both_TN
en,mtl,mtl,mtl,mtl,False,True,True,both_TN
en,much,much,much,much,False,True,True,both_TN
en,mufc,mufc,mufc,mufc,False,True,True,both_TN
en,muffins,muffins,muffins,muffins,False,True,True,both_TN
en,muka,muka,muka,muka,False,True,True,both_TN
de,mum,Mama,mum,mum,True,False,False,both_wrong
de,mund,Mund,mund,mund,True,False,False,both_wrong
en,music,music,music,music,False,True,True,both_TN
en,musicians,musicians,musicians,musicians,False,True,True,both_TN
de,muskatnuss,Muskatnuss,muskatnuss,muskatnuss,True,False,False,both_wrong
de,muskelgezucke,Muskelgezucke,Muskelgezucke,Muskelgezucke,True,True,True,both_correct
de,muss,muss,muss,muss,False,True,True,both_TN
de,musste,musste,musste,musste,False,True,True,both_TN
de,mussten,mussten,mussten,mussten,False,True,True,both_TN
en,mute,mute,mute,mute,False,True,True,both_TN
de,mutter,Mutter,mutter,mutter,True,False,False,both_wrong
en,mvp,mvp,mvp,mvp,False,True,True,both_TN
en,mxm,mxm,mxm,mxm,False,True,True,both_TN
en,my,my,my,my,False,True,True,both_TN
en,mybe,maybe,mybe,mybe,True,False,False,both_wrong
en,myself,myself,myself,myself,False,True,True,both_TN
en,myth,myth,myth,myth,False,True,True,both_TN
ko,mz세대들,mz세대들,mz세대들,mz세대들,False,True,True,both_TN
de,mädchen,Mädchen,Mädchen,mädchen,True,True,False,A_only_correct
de,möchte,möchte,möchte,möchte,False,True,True,both_TN
de,möglich,möglich,möglich,möglich,False,True,True,both_TN
de,müde,müde,müde,müde,False,True,True,both_TN
de,mürbeteig,Mürbeteig,mürbeteig,mürbeteig,True,False,False,both_wrong
de,müsste,müsste,müsste,müsste,False,True,True,both_TN
de,mı,mı,mı,mı,False,True,True,both_TN
en,n,and,and,and,True,True,True,both_correct
en,na,na,na,na,False,True,True,both_TN
de,naaa,Naaa,naaa,naa,True,False,False,both_wrong
de,nach,nach,nach,nach,False,True,True,both_TN
de,nachhause,nach Hause,Nachhause,nachhause,True,False,False,both_wrong
de,nachmittags,nachmittags,nachmittags,nachmittags,False,True,True,both_TN
de,nacht,Nacht,Nacht,nacht,True,True,False,A_only_correct
en,nadal,nadal,nadal,nadal,False,True,True,both_TN
de,naechsten,nächsten,nächsten,nächsten,True,True,True,both_correct
en,naeun,naeun,naeun,näun,False,True,False,B_new_FP
en,nah,nah,no,nah,False,False,True,B_fixed_FP
en,naia,naia,naia,naia,False,True,True,both_TN
de,naja,Na ja,na ja,naja,True,False,False,both_wrong
en,nakakamiss,nakakamiss,nakakamiss,nakakamiss,False,True,True,both_TN
en,naked,naked,naked,naked,False,True,True,both_TN
en,name,name,name,name,False,True,True,both_TN
en,nana,nana,nana,nana,False,True,True,both_TN
en,nananana,nananana,nananana,nananana,False,True,True,both_TN
en,nangyare,nangyare,nangyare,nangyare,False,True,True,both_TN
en,nao,nao,nao,nao,False,True,True,both_TN
en,nap,nap,nap,nap,False,True,True,both_TN
en,narendra,narendra,narendra,narendra,False,True,True,both_TN
en,nash/kreider,nash/kreider,nash/kreider,nash/kreider,False,True,True,both_TN
en,nashlene's,nashlene's,nashlene's,nashlene's,False,True,True,both_TN
de,nass,nass,nass,nass,False,True,True,both_TN
en,natty,natty,natty,natty,False,True,True,both_TN
de,natürlich,natürlich,natürlich,natürlich,False,True,True,both_TN
en,nauso,nauso,nauso,nauso,False,True,True,both_TN
en,nazak,nazak,nazak,nazak,False,True,True,both_TN
en,nba,nba,nba,nba,False,True,True,both_TN
ko,nc,nc,nc,nc,False,True,True,both_TN
en,nd,and,and,not,True,True,False,A_only_correct
en,nda,nda,nda,noda,False,True,False,B_new_FP
en,ndi,ndi,ndi,ndi,False,True,True,both_TN
en,ndinani_,ndinani_,ndinani_,ndinani_,False,True,True,both_TN
en,ne,ne,eine,eine,False,False,False,both_FP
en,near,near,near,near,False,True,True,both_TN
de,neben,neben,neben,neben,False,True,True,both_TN
de,ned,nicht,nicht,ned,True,True,False,A_only_correct
de,nee,nein,nein,nee,True,True,False,A_only_correct
en,need,need,need,need,False,True,True,both_TN
en,needa,needa,needa,needa,False,True,True,both_TN
en,needs,needs,needs,needs,False,True,True,both_TN
de,neeein,Nein,nein,neein,True,False,False,both_wrong
en,neg,neg,neg,neg,False,True,True,both_TN
de,nei,nein,nei,nei,True,False,False,both_wrong
en,neighbour,neighbor,neighbor,neighbour,True,True,False,A_only_correct
de,neinnn,Nein,nein,neinnen,True,False,False,both_wrong
en,nem,they,einem,einem,True,False,False,both_wrong
de,nen,ein,einen,einen,True,False,False,both_wrong
en,nenaaaaa,nenaaaaa,nenaaaaa,nenaaaa,False,True,False,B_new_FP
en,nene,nene,eine,einen,False,False,False,both_FP
en,nengok,nengok,nengok,nengok,False,True,True,both_TN
en,nepal,nepal,nepal,nepal,False,True,True,both_TN
de,ner,einer,einer,einer,True,True,True,both_correct
de,nerv,Nerv,nerve,nerv,True,False,False,both_wrong
de,nervt,nervt,nerve,nervt,False,False,True,B_fixed_FP
de,net,nicht,nicht,net,True,True,False,A_only_correct
en,netflix,netflix,netflix,netflix,False,True,True,both_TN
de,netten,netten,netten,netten,False,True,True,both_TN
de,netz,Netz,netz,netz,True,False,False,both_wrong
de,neue,neue,neue,neue,False,True,True,both_TN
de,neuen,neuen,neuen,neuen,False,True,True,both_TN
de,neues,neues,neues,neues,False,True,True,both_TN
de,neugierig,neugierig,neugierig,neugierig,False,True,True,both_TN
de,neustart,Neustart,neustart,neustart,True,False,False,both_wrong
en,nev,nev,never,never,False,False,False,both_FP
en,neva,never,never,never,True,True,True,both_correct
en,never,never,never,never,False,True,True,both_TN
en,new,new,new,new,False,True,True,both_TN
en,newest,newest,newest,newest,False,True,True,both_TN
en,news,news,news,news,False,True,True,both_TN
en,next,next,next,next,False,True,True,both_TN
en,ng,ng,ng,ng,False,True,True,both_TN
en,ni,ni,ni,ni,False,True,True,both_TN
en,niall,niall,niall,niall,False,True,True,both_TN
en,nice,nice,nice,nice,False,True,True,both_TN
de,nich,nicht,nicht,nicht,True,True,True,both_correct
de,nicht,nicht,nicht,nicht,False,True,True,both_TN
de,nichtmehr,nicht mehr,nicht mehr,nichtmehr,True,True,False,A_only_correct
de,nichts,nichts,nichts,nichts,False,True,True,both_TN
en,nicki,nicki,nicki,nicki,False,True,True,both_TN
en,nid,need,nid,nid,True,False,False,both_wrong
de,nie,nie,nie,nie,False,True,True,both_TN
de,niemals,niemals,niemals,niemals,False,True,True,both_TN
de,niemand,niemand,niemand,niemand,False,True,True,both_TN
en,nigerian,nigerian,nigerian,nigerian,False,True,True,both_TN
en,nigga,nigger,nigger,nigger,True,True,True,both_correct
en,niggas,niggers,niggers,niggers,True,True,True,both_correct
en,niggra,nigger,niggera,niggera,True,False,False,both_wrong
en,nighas,niggers,nights,nights,True,False,False,both_wrong
en,night,night,night,night,False,True,True,both_TN
en,nigjt,night,nigger,night,True,False,True,B_only_correct
en,nike,nike,nike,nike,False,True,True,both_TN
de,nimmt,nimmt,nimmt,nimmt,False,True,True,both_TN
en,nin,nin,nin,nin,False,True,True,both_TN
en,nine,nine,nine,nine,False,True,True,both_TN
de,nix,nichts,nichts,nichts,True,True,True,both_correct
en,niya,niya,niya,niya,False,True,True,both_TN
en,niyata,niyata,niyata,niyata,False,True,True,both_TN
en,nizamabad,nizamabad,nizamabad,nizamabad,False,True,True,both_TN
en,nizzle,nizzle,nizzle,nizzle,False,True,True,both_TN
en,nj,nj,nj,nj,False,True,True,both_TN
en,nk,nk,nk,nk,False,True,True,both_TN
en,no,no,no,no,False,True,True,both_TN
en,nob,nob,nob,nob,False,True,True,both_TN
de,noch,noch,noch,noch,False,True,True,both_TN
de,nochmal,nochmal,nochmal,nochmal,False,True,True,both_TN
de,noerdlich,nördlich,nördlich,nördlich,True,True,True,both_correct
de,noetig,nötig,noetig,nötig,True,False,True,B_only_correct
de,nog,noch,nog,nog,True,False,False,both_wrong
en,nom,nom,nom,nom,False,True,True,both_TN
en,noma,noma,noma,noma,False,True,True,both_TN
en,nomore,no more,no more,nomore,True,True,False,A_only_correct
en,nonsense,nonsense,nonsense,nonsense,False,True,True,both_TN
en,noo,no,noo,noo,True,False,False,both_wrong
en,nope,nope,nope,nope,False,True,True,both_TN
de,normal,normal,normal,normal,False,True,True,both_TN
en,north,north,north,north,False,True,True,both_TN
en,norway,norway,norway,norway,False,True,True,both_TN
en,not,not,not,not,False,True,True,both_TN
ja,note,note,note,note,False,True,True,both_TN
en,nothin,nothing,nothing,nothing,True,True,True,both_correct
en,nothing,nothing,nothing,nothing,False,True,True,both_TN
en,noticed,noticed,noticed,noticed,False,True,True,both_TN
en,now,now,now,now,False,True,True,both_TN
en,nowplaying,nowplaying,nowplaying,nowplaying,False,True,True,both_TN
en,nows,now is,nows,nows,True,False,False,both_wrong
en,ntar,ntar,ntar,ntar,False,True,True,both_TN
en,ntn,nothing,ntn,ntn,True,False,False,both_wrong
de,nu,nun,nun,nu,True,True,False,A_only_correct
en,nuff,enough,nuff,nuff,True,False,False,both_wrong
en,nuffin,nothing,nuffin,nuffing,True,False,False,both_wrong
en,nuh,know,now,nuh,True,False,False,both_wrong
en,nuisance,nuisance,nuisance,nuisance,False,True,True,both_TN
en,number,number,number,number,False,True,True,both_TN
de,nun,nun,nun,nun,False,True,True,both_TN
de,nur,nur,nur,nur,False,True,True,both_TN
de,nurnoch,nur noch,nur noch,nurnoch,True,True,False,A_only_correct
en,nw,nw,now,nw,False,False,True,B_fixed_FP
en,nyan,nyan,nyan,nyan,False,True,True,both_TN
en,nyc,nyc,nyc,nyc,False,True,True,both_TN
en,nzb,nzb,nzb,nzb,False,True,True,both_TN
de,nächsten,nächsten,nächsten,nächsten,False,True,True,both_TN
en,o,o,o,o,False,True,True,both_TN
en,o'neal,o'neal,o'neal,o'neal,False,True,True,both_TN
en,o.o,o.o,o.o,o.o,False,True,True,both_TN
en,o2,o2,o2,o2,False,True,True,both_TN
de,ob,ob,ob,ob,False,True,True,both_TN
en,obsessed,obsessed,obsessed,obsessed,False,True,True,both_TN
de,obwohl,obwohl,obwohl,obwohl,False,True,True,both_TN
de,och,auch,och,och,True,False,False,both_wrong
de,odeer,Oder,odeer,odeer,True,False,False,both_wrong
de,oder,oder,oder,oder,False,True,True,both_TN
en,odi,odi,odi,odi,False,True,True,both_TN
en,odor,odor,odor,odor,False,True,True,both_TN
en,oem,oem,oem,oem,False,True,True,both_TN
en,of,of,of,of,False,True,True,both_TN
en,ofc,ofc,ofc,ofc,False,True,True,both_TN
en,ofcourse,of course,ofcourse,ofcourse,True,False,False,both_wrong
en,off,off,off,off,False,True,True,both_TN
de,offenbings,offenbings,offenbings,offenbings,False,True,True,both_TN
en,offense,offense,offense,offense,False,True,True,both_TN
de,offensichtlich,offensichtlich,offensichtlich,offensichtlich,False,True,True,both_TN
en,offer,offer,offer,offer,False,True,True,both_TN
en,office,office,office,office,False,True,True,both_TN
en,official,official,official,official,False,True,True,both_TN
en,officially,officially,officially,officially,False,True,True,both_TN
en,offline,offline,offline,offline,False,True,True,both_TN
en,offspring,offspring,offspring,offspring,False,True,True,both_TN
en,oh,oh,oh,oh,False,True,True,both_TN
de,oha,Oha,oha,oha,True,False,False,both_wrong
en,ohh,ohh,ohh,ohh,False,True,True,both_TN
en,ohhh,ohhh,ohhh,ohhh,False,True,True,both_TN
en,ohmygod,ohmygod,ohmygod,ohmygod,False,True,True,both_TN
en,ohne,ohne,ohne,ohne,False,True,True,both_TN
en,oi,oi,oi,oi,False,True,True,both_TN
en,ok,ok,ok,ok,False,True,True,both_TN
en,okay,okay,okay,okay,False,True,True,both_TN
en,okc,okc,okc,okc,False,True,True,both_TN
en,old,old,old,old,False,True,True,both_TN
en,omfg,omfg,omfg,omfg,False,True,True,both_TN
en,omg,omg,omg,omg,False,True,True,both_TN
en,omo,omo,omo,omo,False,True,True,both_TN
en,on,on,on,on,False,True,True,both_TN
en,one,one,one,one,False,True,True,both_TN
en,one-year,one-year,one-year,one-year,False,True,True,both_TN
en,ones,ones,ones,ones,False,True,True,both_TN
en,onew,one,onew,onew,True,False,False,both_wrong
en,ongkir,ongkir,ongkir,ongkir,False,True,True,both_TN
en,online,online,online,online,False,True,True,both_TN
en,only,only,only,only,False,True,True,both_TN
en,oomfs,oomfs,oomfs,oomfs,False,True,True,both_TN
en,oookay,okay,oookay,ookay,True,False,False,both_wrong
en,op,op,op,op,False,True,True,both_TN
en,open,open,open,open,False,True,True,both_TN
en,openers,openers,openers,openers,False,True,True,both_TN
en,openfollow,open follow,openfollow,openfollow,True,False,False,both_wrong
en,openheart,openheart,openheart,openheart,False,True,True,both_TN
en,opening,opening,opening,opening,False,True,True,both_TN
en,opinion,opinion,opinion,opinion,False,True,True,both_TN
en,opinions,opinions,opinions,opinions,False,True,True,both_TN
en,opposite,opposite,opposite,opposite,False,True,True,both_TN
en,optimus,optimus,optimus,optimus,False,True,True,both_TN
en,or,or,or,or,False,True,True,both_TN
en,orali,orali,orali,orali,False,True,True,both_TN
en,orang,orang,orang,orang,False,True,True,both_TN
de,orange,Orange,orange,orange,True,False,False,both_wrong
en,orchestra,orchestra,orchestra,orchestra,False,True,True,both_TN
en,order,,order,order,True,False,False,both_wrong
de,ordnance,ordnance,ordnance,ordnance,False,True,True,both_TN
en,orenjy,orenjy,orenjy,orenjy,False,True,True,both_TN
en,orioles,orioles,orioles,orioles,False,True,True,both_TN
en,oroid,oroid,oroid,oroid,False,True,True,both_TN
en,orrr,or,orrr,orrr,True,False,False,both_wrong
en,os,os,os,os,False,True,True,both_TN
en,otha,other,otha,other,True,False,True,B_only_correct
en,other,other,other,other,False,True,True,both_TN
en,others,others,others,others,False,True,True,both_TN
en,otherwise,otherwise,otherwise,otherwise,False,True,True,both_TN
en,otl,otl,otl,otl,False,True,True,both_TN
en,ouma,ouma,ouma,ouma,False,True,True,both_TN
en,our,our,our,our,False,True,True,both_TN
en,out,out,out,out,False,True,True,both_TN
en,outdoortemp,outdoortemp,outdoortemp,outdoortemp,False,True,True,both_TN
en,outside,outside,outside,outside,False,True,True,both_TN
en,over,over,over,over,False,True,True,both_TN
en,overcast,overcast,overcast,overcast,False,True,True,both_TN
en,own,own,own,own,False,True,True,both_TN
en,p,p,p,p,False,True,True,both_TN
en,pa,pa,pa,pa,False,True,True,both_TN
en,paakyat,paakyat,paakyat,paakyat,False,True,True,both_TN
en,page,page,page,page,False,True,True,both_TN
en,pagi,pagi,pagi,pagi,False,True,True,both_TN
en,pahhheerraamm,pahhheerraamm,pahhheerraamm,pahhheerraamm,False,True,True,both_TN
en,pakistani,pakistani,pakistani,pakistani,False,True,True,both_TN
en,palco,palco,palco,palco,False,True,True,both_TN
en,paltrow,paltrow,paltrow,paltrow,False,True,True,both_TN
en,pancakes,pancakes,pancakes,pancakes,False,True,True,both_TN
en,panic,panic,panic,panic,False,True,True,both_TN
de,panik,panik,panik,panik,False,True,True,both_TN
en,pao,pao,pao,pao,False,True,True,both_TN
de,paparazzi,Paparazzi,paparazzi,paparazzi,True,False,False,both_wrong
en,paquiao,paquiao,paquiao,paquiao,False,True,True,both_TN
en,para,para,para,para,False,True,True,both_TN
en,paramore,paramore,paramore,paramore,False,True,True,both_TN
en,parets,parets,parets,parets,False,True,True,both_TN
en,paris,paris,paris,paris,False,True,True,both_TN
en,park,park,park,park,False,True,True,both_TN
en,parkir,parkir,parkir,parkir,False,True,True,both_TN
en,part,part,part,part,False,True,True,both_TN
de,parte,Parteien,parte,parte,True,False,False,both_wrong
en,parth,parth,parth,parth,False,True,True,both_TN
en,particularly,particularly,particularly,particularly,False,True,True,both_TN
en,party,party,party,party,False,True,True,both_TN
en,pasca,pasca,pasca,pasca,False,True,True,both_TN
de,passend,passend,passend,passend,False,True,True,both_TN
en,passenger,passenger,passenger,passenger,False,True,True,both_TN
en,passing,passing,passing,passing,False,True,True,both_TN
en,past,past,past,past,False,True,True,both_TN
en,pastor,pastor,pastor,pastor,False,True,True,both_TN
en,payne,payne,payne,payne,False,True,True,both_TN
en,payton,payton,payton,payton,False,True,True,both_TN
en,pct,pct,pct,pct,False,True,True,both_TN
en,pdx,portland,pdx,pdx,True,False,False,both_wrong
en,peewee,peewee,pee wee,peewee,False,False,True,B_fixed_FP
en,pegar,pegar,pegar,pegar,False,True,True,both_TN
en,peole,people,peole,peole,True,False,False,both_wrong
en,people,people,people,people,False,True,True,both_TN
en,pepl,people,people,pepl,True,True,False,A_only_correct
en,perf,perfect,perfect,perf,True,True,False,A_only_correct
en,perfect,perfect,perfect,perfect,False,True,True,both_TN
en,performs,performs,performs,performs,False,True,True,both_TN
en,perghhhh,perghhhh,perghhhh,perghhhh,False,True,True,both_TN
en,perhaps,perhaps,perhaps,perhaps,False,True,True,both_TN
en,permanent,permanent,permanent,permanent,False,True,True,both_TN
en,person,person,person,person,False,True,True,both_TN
en,personal,personal,personal,personal,False,True,True,both_TN
en,pg24,pg24,pg24,pg24,False,True,True,both_TN
en,phan,phan,phan,phan,False,True,True,both_TN
de,phase,Phase,phase,phase,True,False,False,both_wrong
en,pheasant,pheasant,pheasant,pheasant,False,True,True,both_TN
en,phil,phil,phil,phil,False,True,True,both_TN
en,phobia,phobia,phobia,phobia,False,True,True,both_TN
en,phone,phone,phone,phone,False,True,True,both_TN
en,photo,photo,photo,photo,False,True,True,both_TN
en,photobomb,photo bomb,photobomb,photobomb,True,False,False,both_wrong
en,photoset,photoset,photoset,photoset,False,True,True,both_TN
en,photosmart,photosmart,photosmart,photosmart,False,True,True,both_TN
en,pick,pick,pick,pick,False,True,True,both_TN
en,picked,picked,picked,picked,False,True,True,both_TN
en,pickle,pickle,pickle,pickle,False,True,True,both_TN
en,pics,pics,pictures,pics,False,False,True,B_fixed_FP
en,pictures,pictures,pictures,pictures,False,True,True,both_TN
en,pies,pies,pies,pies,False,True,True,both_TN
en,pimple,pimple,pimple,pimple,False,True,True,both_TN
en,pin,pin,pin,pin,False,True,True,both_TN
de,pingen,pingen,pingen,pingen,False,True,True,both_TN
de,pink,pink,pink,pink,False,True,True,both_TN
de,pinkelst,Pinkelst,pinkelst,pinkelst,True,False,False,both_wrong
en,piss,piss,piss,piss,False,True,True,both_TN
en,pissed,pissed,pissed,pissed,False,True,True,both_TN
en,pitcher,pitcher,pitcher,pitcher,False,True,True,both_TN
en,pk,pk,pk,pk,False,True,True,both_TN
en,placed,placed,placed,placed,False,True,True,both_TN
en,plan,plan,plan,plan,False,True,True,both_TN
en,plane(photos,plane(photos,plane(photos,plane(photos,False,True,True,both_TN
en,plant,plant,plant,plant,False,True,True,both_TN
en,plastic,plastic,plastic,plastic,False,True,True,both_TN
de,platt,platt,platt,platt,False,True,True,both_TN
en,play,play,play,play,False,True,True,both_TN
en,played,played,played,played,False,True,True,both_TN
en,player,player,player,player,False,True,True,both_TN
en,playing,playing,playing,playing,False,True,True,both_TN
en,playlist,playlist,playlist,playlist,False,True,True,both_TN
en,playoff,playoff,playoff,playoff,False,True,True,both_TN
en,please,please,please,please,False,True,True,both_TN
en,plg,plg,please,please,False,False,False,both_FP
en,pls,please,please,please,True,True,True,both_correct
en,plug,plug,plug,plug,False,True,True,both_TN
de,plus,plus,plus,plus,False,True,True,both_TN
de,plusgrade,Plusgrade,plusgrade,plusgrade,True,False,False,both_wrong
en,plz,please,please,please,True,True,True,both_correct
de,plötzlich,plötzlich,plötzlich,plötzlich,False,True,True,both_TN
en,pm,pm,pm,pm,False,True,True,both_TN
en,pmln,pmln,pmln,pmln,False,True,True,both_TN
en,pmsl,pmsl,pmsl,pmsl,False,True,True,both_TN
en,po,po,po,po,False,True,True,both_TN
en,pochey,pochey,pochey,pochey,False,True,True,both_TN
de,podcasten,podcasten,podcasten,podcasten,False,True,True,both_TN
en,point,point,point,point,False,True,True,both_TN
en,pointers,pointers,pointers,pointers,False,True,True,both_TN
en,pokes,pokes,pokes,pokes,False,True,True,both_TN
en,pol,pol,pol,pol,False,True,True,both_TN
en,policy,policy,policy,policy,False,True,True,both_TN
en,politicization,politicization,politicization,politicization,False,True,True,both_TN
en,pollinator,pollinator,pollinator,pollinator,False,True,True,both_TN
en,polls,polls,polls,polls,False,True,True,both_TN
en,pon,pon,pon,pon,False,True,True,both_TN
en,poooollll,pool,pooollll,poollll,True,False,False,both_wrong
en,poor,poor,poor,poor,False,True,True,both_TN
en,pop,pop,pop,pop,False,True,True,both_TN
de,popes,Popes,popes,popes,True,False,False,both_wrong
de,portugal,Portugal,portugal,portugal,True,False,False,both_wrong
en,posing,posing,posing,posing,False,True,True,both_TN
en,post,post,post,post,False,True,True,both_TN
en,poster,poster,poster,poster,False,True,True,both_TN
en,potatoes,potatoes,potatoes,potatoes,False,True,True,both_TN
en,pouliot,pouliot,pouliot,pouliot,False,True,True,both_TN
en,power,power,power,power,False,True,True,both_TN
en,ppc,ppc,ppc,ppc,False,True,True,both_TN
en,ppl,people,people,police,True,True,False,A_only_correct
en,pq,pq,pq,pq,False,True,True,both_TN
en,practice,practice,practice,practice,False,True,True,both_TN
en,practising,practising,practising,practising,False,True,True,both_TN
en,prague,prague,prague,prague,False,True,True,both_TN
en,praise,praise,praise,praise,False,True,True,both_TN
en,prayin,praying,praying,praying,True,True,True,both_correct
en,pre,preorder,pre,pre,True,False,False,both_wrong
en,pre-deb,pre-deb,pre-deb,pre-deb,False,True,True,both_TN
de,preiswerte,preiswerte,preiswerte,preiswerte,False,True,True,both_TN
en,prep,prep,prep,prep,False,True,True,both_TN
en,present,present,present,present,False,True,True,both_TN
en,president,president,president,president,False,True,True,both_TN
en,presly,presly,presly,presly,False,True,True,both_TN
en,presta,presta,presta,presta,False,True,True,both_TN
en,prettier,prettier,prettier,prettier,False,True,True,both_TN
en,pretty,pretty,pretty,pretty,False,True,True,both_TN
en,preview,preview,preview,preview,False,True,True,both_TN
en,previs,previs,previs,previs,False,True,True,both_TN
en,prez,president,prez,prez,True,False,False,both_wrong
en,prime,prime,prime,prime,False,True,True,both_TN
en,printer,printer,printer,printer,False,True,True,both_TN
en,priv[any,priv[any,priv[any,priv[any,False,True,True,both_TN
en,privelege,privelege,privelege,privelege,False,True,True,both_TN
en,privilage,privilage,privilage,privilage,False,True,True,both_TN
en,pro,pro,pro,pro,False,True,True,both_TN
de,prob,Problem,probably,prob,True,False,False,both_wrong
en,probably,probably,probably,probably,False,True,True,both_TN
de,problem,Problem,problem,problem,True,False,False,both_wrong
en,producer,producer,producer,producer,False,True,True,both_TN
de,profil,profil,profil,profil,False,True,True,both_TN
en,profile,profile,profile,profile,False,True,True,both_TN
en,program,program,program,program,False,True,True,both_TN
de,programatisches,programmatisches,programatisches,programatisches,True,False,False,both_wrong
en,projection,projection,projection,projection,False,True,True,both_TN
en,projects,projects,projects,projects,False,True,True,both_TN
en,prolems,prolems,prolems,prolems,False,True,True,both_TN
en,prolly,probably,prolly,prolly,True,False,False,both_wrong
en,promo,promo,promo,promo,False,True,True,both_TN
en,proof,proof,proof,proof,False,True,True,both_TN
en,property,property,property,property,False,True,True,both_TN
en,proses,proses,proses,proses,False,True,True,both_TN
en,prosperity,prosperity,prosperity,prosperity,False,True,True,both_TN
en,protection,protection,protection,protection,False,True,True,both_TN
en,protein,protein,protein,protein,False,True,True,both_TN
en,proud,proud,proud,proud,False,True,True,both_TN
en,provdes,provdes,provdes,provedes,False,True,False,B_new_FP
en,providers,providers,providers,providers,False,True,True,both_TN
en,provides,provides,provides,provides,False,True,True,both_TN
en,prowling,prowling,prowling,prowling,False,True,True,both_TN
de,präfix,Präfix,präfix,präfix,True,False,False,both_wrong
en,ps,ps,ps,ps,False,True,True,both_TN
en,psd,psd,psd,psd,False,True,True,both_TN
en,psg,psg,psg,psg,False,True,True,both_TN
en,public,public,public,public,False,True,True,both_TN
en,pulsa,pulsa,pulsa,pulsa,False,True,True,both_TN
en,pun,pun,pun,pun,False,True,True,both_TN
en,punisher,punisher,punisher,punisher,False,True,True,both_TN
en,punk,punk,punk,punk,False,True,True,both_TN
en,pur,pur,pur,pur,False,True,True,both_TN
en,put,put,put,put,False,True,True,both_TN
en,putts,putts,putts,putts,False,True,True,both_TN
de,putzen,putzen,putzen,putzen,False,True,True,both_TN
en,puyallup,puyallup,puyallup,puyallup,False,True,True,both_TN
en,puyat,puyat,puyat,puyat,False,True,True,both_TN
en,q,q,q,q,False,True,True,both_TN
en,q-tip,q-tip,q-tip,q-tip,False,True,True,both_TN
en,q-tip's,q-tip's,q-tip's,q-tip's,False,True,True,both_TN
en,qm,qm,qm,qm,False,True,True,both_TN
en,quality,quality,quality,quality,False,True,True,both_TN
en,quay,quay,quay,quay,False,True,True,both_TN
en,quick,quick,quick,quick,False,True,True,both_TN
en,quietest,quietest,quietest,quietest,False,True,True,both_TN
en,quil,quill,quil,quil,True,False,False,both_wrong
en,quit,quit,quit,quit,False,True,True,both_TN
en,quote,quote,quote,quote,False,True,True,both_TN
en,r,are,are,r,True,True,False,A_only_correct
en,r.e.d.,r.e.d.,r.e.d.,r.e.d.,False,True,True,both_TN
en,rabe,rabe,rabe,rabe,False,True,True,both_TN
en,radio,radio,radio,radio,False,True,True,both_TN
en,rafa,rafa,rafa,rafa,False,True,True,both_TN
en,rage,rage,rage,rage,False,True,True,both_TN
en,ragers,ragers,ragers,ragers,False,True,True,both_TN
en,rahe,rahe,rahe,rahe,False,True,True,both_TN
en,rain,rain,rain,rain,False,True,True,both_TN
en,raining,raining,raining,raining,False,True,True,both_TN
en,raj,raj,raj,raj,False,True,True,both_TN
en,raleigh,raleigh,raleigh,raleigh,False,True,True,both_TN
en,ramsey,ramsey,ramsey,ramsey,False,True,True,both_TN
en,rana,rana,rana,rana,False,True,True,both_TN
en,ranch,ranch,ranch,ranch,False,True,True,both_TN
en,rangel,rangel,rangel,rangel,False,True,True,both_TN
en,rangera,rangera,rangera,rangera,False,True,True,both_TN
en,rangers,rangers,rangers,rangers,False,True,True,both_TN
en,rapper,rapper,rapper,rapper,False,True,True,both_TN
en,rappers,rappers,rappers,rappers,False,True,True,both_TN
en,rather,rather,rather,rather,False,True,True,both_TN
en,rationed,rationed,rationed,rationed,False,True,True,both_TN
en,reached,reached,reached,reached,False,True,True,both_TN
en,reaction,reaction,reaction,reaction,False,True,True,both_TN
en,read,read,read,read,False,True,True,both_TN
en,readers,readers,readers,readers,False,True,True,both_TN
en,ready,ready,ready,ready,False,True,True,both_TN
en,real,real,real,real,False,True,True,both_TN
en,realise,realize,realise,realise,True,False,False,both_wrong
en,realised,realized,realised,realised,True,False,False,both_wrong
en,reality,reality,reality,reality,False,True,True,both_TN
en,reall,reall,reall,reall,False,True,True,both_TN
en,really,really,really,really,False,True,True,both_TN
en,realy,realy,realy,realy,False,True,True,both_TN
en,rebecca,rebecca,rebecca,rebecca,False,True,True,both_TN
en,rechercher,rechercher,rechercher,rechercher,False,True,True,both_TN
de,recht,recht,recht,recht,False,True,True,both_TN
de,rechts,rechts,rechts,rechts,False,True,True,both_TN
de,rechtzeitig,rechtzeitig,rechtzeitig,rechtzeitig,False,True,True,both_TN
en,record,record,record,record,False,True,True,both_TN
en,redding,redding,redding,redding,False,True,True,both_TN
de,reden,reden,reden,reden,False,True,True,both_TN
en,redsox,red sox,redsox,redsox,True,False,False,both_wrong
en,regardless,regardless,regardless,regardless,False,True,True,both_TN
en,region,region,region,region,False,True,True,both_TN
en,rehab,rehab,rehab,rehab,False,True,True,both_TN
en,reherseal,rehearsal,reherseal,reherseal,True,False,False,both_wrong
en,rejected,rejected,rejected,rejected,False,True,True,both_TN
en,relation,relation,relation,relation,False,True,True,both_TN
en,relationship,relationship,relationship,relationship,False,True,True,both_TN
en,remember,remember,remember,remember,False,True,True,both_TN
en,rememberin,remembering,remembering,remembering,True,True,True,both_correct
en,remix,remix,remix,remix,False,True,True,both_TN
en,renamed,renamed,renamed,renamed,False,True,True,both_TN
en,renew,renew,renew,renew,False,True,True,both_TN
en,replacment,replacment,replacment,replacment,False,True,True,both_TN
en,replied,replied,replied,replied,False,True,True,both_TN
de,reply,Reply,reply,reply,True,False,False,both_wrong
en,repost,repost,repost,repost,False,True,True,both_TN
en,republic,republic,republic,republic,False,True,True,both_TN
en,required,required,required,required,False,True,True,both_TN
en,research,research,research,research,False,True,True,both_TN
en,reseller,reseller,reseller,reseller,False,True,True,both_TN
en,resemblance,resemblance,resemblance,resemblance,False,True,True,both_TN
en,reserve,reserve,reserve,reserve,False,True,True,both_TN
en,resort,resort,resort,resort,False,True,True,both_TN
en,respect,respect,respect,respect,False,True,True,both_TN
en,result,result,result,result,False,True,True,both_TN
en,return,return,return,return,False,True,True,both_TN
en,retweet,retweet,retweet,retweet,False,True,True,both_TN
en,retweeting,retweeting,retweeting,retweeting,False,True,True,both_TN
en,revisit,revisit,revisit,revisit,False,True,True,both_TN
en,revive,revive,revive,revive,False,True,True,both_TN
en,riaz,riaz,riaz,riaz,False,True,True,both_TN
en,rice,rice,rice,rice,False,True,True,both_TN
en,rich,rich,rich,rich,False,True,True,both_TN
en,richter,richter,richter,richter,False,True,True,both_TN
de,richtig,richtig,richtig,richtig,False,True,True,both_TN
en,ridin,riding,riding,riding,True,True,True,both_correct
en,right,right,right,right,False,True,True,both_TN
en,rightfully,rightfully,rightfully,rightfully,False,True,True,both_TN
en,rio,rio,rio,rio,False,True,True,both_TN
en,rip,rip,rip,rip,False,True,True,both_TN
en,rite,right,right,rite,True,True,False,A_only_correct
en,rjr,rjr,rjr,rjr,False,True,True,both_TN
en,rm,rm,rm,rm,False,True,True,both_TN
en,robale,robale,robale,robale,False,True,True,both_TN
en,robbins,robbins,robbins,robbins,False,True,True,both_TN
en,robert,robert,robert,robert,False,True,True,both_TN
en,robertson,robertson,robertson,robertson,False,True,True,both_TN
en,roces,roces,roces,roces,False,True,True,both_TN
en,rocky,rocky,rocky,rocky,False,True,True,both_TN
en,roland,roland,roland,roland,False,True,True,both_TN
en,roll,roll,roll,roll,False,True,True,both_TN
en,rolled,rolled,rolled,rolled,False,True,True,both_TN
de,rollende,Rollende,rollende,rollende,True,False,False,both_wrong
en,roller,roller,roller,roller,False,True,True,both_TN
en,rolling,rolling,rolling,rolling,False,True,True,both_TN
en,ronaldo,ronaldo,ronaldo,ronaldo,False,True,True,both_TN
en,room,room,room,room,False,True,True,both_TN
en,rooted,rooted,rooted,rooted,False,True,True,both_TN
en,rory,rory,rory,rory,False,True,True,both_TN
en,ros,ros,ros,rose,False,True,False,B_new_FP
en,roundup,roundup,roundup,roundup,False,True,True,both_TN
en,route,route,route,route,False,True,True,both_TN
en,rp,rp,rp,rp,False,True,True,both_TN
en,rt,rt,rt,rt,False,True,True,both_TN
en,rt'd,rt'd,rt'd,rt'd,False,True,True,both_TN
de,rtl,RTL,rtl,rtl,True,False,False,both_wrong
de,rum,herum,herum,rum,True,True,False,A_only_correct
en,run,run,run,run,False,True,True,both_TN
en,runnin,running,running,running,True,True,True,both_correct
en,runnn,run,running,runnen,True,False,False,both_wrong
en,runs,runs,runs,runs,False,True,True,both_TN
de,runter,herunterscrollst,runter,runter,True,False,False,both_wrong
de,runterwuergen,herunterwürgen,Runterwürgen,runterwürgen,True,False,False,both_wrong
de,rushhh,Rush,rushhh,rushhh,True,False,False,both_wrong
de,rza,RZA,rza,rza,True,False,False,both_wrong
de,rüber,herüberdüsen,herüber,rüber,True,False,False,both_wrong
de,rüberschicken,herüberschicken,herüberschicken,rüberschicken,True,True,False,A_only_correct
en,s,s,s,s,False,True,True,both_TN
en,sacrifice,sacrifice,sacrifice,sacrifice,False,True,True,both_TN
en,sad,sad,sad,sad,False,True,True,both_TN
en,sadest,saddest,sadest,sadest,True,False,False,both_wrong
en,safe,safe,safe,safe,False,True,True,both_TN
de,sage,sage,sage,sage,False,True,True,both_TN
de,sagen,sagen,sagen,sagen,False,True,True,both_TN
de,sagst,sagst,sagst,sagst,False,True,True,both_TN
de,sagt,sagt,sagt,sagt,False,True,True,both_TN
en,said,said,said,said,False,True,True,both_TN
en,saiki,saiki,saiki,saiki,False,True,True,both_TN
en,sailor,sailor,sailor,sailor,False,True,True,both_TN
en,saiyan,saiyan,saiyan,saiyan,False,True,True,both_TN
en,sakho,sakho,sakho,sakho,False,True,True,both_TN
en,salah,salah,salah,salah,False,True,True,both_TN
en,salam,salam,salam,salam,False,True,True,both_TN
en,salt,salt,salt,salt,False,True,True,both_TN
en,salut,salut,salut,salut,False,True,True,both_TN
en,salute,salute,salute,salute,False,True,True,both_TN
en,samaha,samaha,samaha,samaha,False,True,True,both_TN
en,samantha,samantha,samantha,samantha,False,True,True,both_TN
en,same,same,same,same,False,True,True,both_TN
en,sampe,sampe,sampe,sampe,False,True,True,both_TN
en,samuel,samuel,samuel,samuel,False,True,True,both_TN
de,sana,Sana,sana,sana,True,False,False,both_wrong
de,sanft,sanft,sanft,sanft,False,True,True,both_TN
en,sante,sante,sante,sante,False,True,True,both_TN
en,sarah,sarah,sarah,sarah,False,True,True,both_TN
en,sarno,sarno,sarno,sarno,False,True,True,both_TN
en,sassy,sassy,sassy,sassy,False,True,True,both_TN
en,sasuke,sasuke,sasuke,sasuke,False,True,True,both_TN
en,satnite,saturday night,satnite,satnite,True,False,False,both_wrong
en,saturday,saturday,saturday,saturday,False,True,True,both_TN
de,sau,saucool,sau,sau,True,False,False,both_wrong
de,sauf,saufe,sauf,sauf,True,False,False,both_wrong
en,sauna,sauna,sauna,sauna,False,True,True,both_TN
en,save,save,save,save,False,True,True,both_TN
en,savior,savior,savior,savior,False,True,True,both_TN
en,saw,saw,saw,saw,False,True,True,both_TN
en,sawtell,sawtell,sawtell,sawtell,False,True,True,both_TN
en,say,say,say,say,False,True,True,both_TN
en,sayeng,sayeng,sayeng,sayeng,False,True,True,both_TN
en,saying,saying,saying,saying,False,True,True,both_TN
en,says,says,says,says,False,True,True,both_TN
de,sc12,sc12,sc12,sc12,False,True,True,both_TN
en,scale,scale,scale,scale,False,True,True,both_TN
en,scanner,scanner,scanner,scanner,False,True,True,both_TN
de,sch,schwarz,sch,sch,True,False,False,both_wrong
de,schafft,schafft,schafft,schafft,False,True,True,both_TN
de,schaft,schafft,schaft,Schaft,True,False,False,both_wrong
de,schau,schau,schaue,schau,False,False,True,B_fixed_FP
de,schaukelpferd,schaukelpferd,Schaukelpferd,schaukelpferd,False,False,True,B_fixed_FP
de,schaun,schauen,schauen,schaun,True,True,False,A_only_correct
en,scheduled,scheduled,scheduled,scheduled,False,True,True,both_TN
de,scheiss,Scheiss,Scheisse,scheiss,True,False,False,both_wrong
de,schen,schon,schen,schen,True,False,False,both_wrong
de,schenk,schenke,schenk,schenk,True,False,False,both_wrong
de,schenkt,schenkt,schenkt,schenkt,False,True,True,both_TN
de,schicke,schicke,schicke,schicke,False,True,True,both_TN
de,schlaf,Schlaf,schlafe,schlaf,True,False,False,both_wrong
de,schlafen,schlafen,schlafen,schlafen,False,True,True,both_TN
de,schlag,Schlag,schlag,schlag,True,False,False,both_wrong
de,schlecht,schlecht,schlecht,schlecht,False,True,True,both_TN
de,schlechten,schlechten,schlechten,schlechten,False,True,True,both_TN
de,schleifgerät,Schleifgerät,Schleifgerät,Schleifgerät,True,True,True,both_correct
de,schmeckt,schmeckt,schmeckt,schmeckt,False,True,True,both_TN
de,schmucklos,schmucklos,schmucklos,schmucklos,False,True,True,both_TN
de,schnarchenden,schnarchenden,Schnarchenden,schnarchenden,False,False,True,B_fixed_FP
de,schnell,schnell,schnell,schnell,False,True,True,both_TN
de,schnürsenkeln,Schnürsenkeln,Schnürsenkeln,Schnürsenkeln,True,True,True,both_correct
de,scho,schon,schon,scho,True,True,False,A_only_correct
de,schoen,schön,schön,schön,True,True,True,both_correct
de,schoenes,schönes,schönes,schönes,True,True,True,both_correct
de,schon,schon,schon,schon,False,True,True,both_TN
de,schonmal,schon mal,schon mal,schonmal,True,True,False,A_only_correct
de,schonwieder,schon wieder,schon wieder,schonwieder,True,True,False,A_only_correct
en,school,school,school,school,False,True,True,both_TN
de,schreckliche,schreckliche,schreckliche,schreckliche,False,True,True,both_TN
de,schreiben,schreiben,schreiben,schreiben,False,True,True,both_TN
de,schreibst,schreibst,schreibst,schreibst,False,True,True,both_TN
de,schreien,schreien,schreien,schreien,False,True,True,both_TN
en,schulz,schulz,Schulz,Schulz,False,False,False,both_FP
de,schwarz,schwarz,schwarz,schwarz,False,True,True,both_TN
de,schwarzen,schwarzen,schwarzen,schwarzen,False,True,True,both_TN
de,schwer,schwer,schwer,schwer,False,True,True,both_TN
de,schwimmt,schwimmt,schwimmt,schwimmt,False,True,True,both_TN
de,schwächelt,schwächelt,schwächelt,schwächelt,False,True,True,both_TN
de,schön,schön,schön,schön,False,True,True,both_TN
de,schöne,schöne,schöne,schöne,False,True,True,both_TN
de,schönes,schönes,schönes,schönes,False,True,True,both_TN
en,scorer,scorer,scorer,scorer,False,True,True,both_TN
en,scotland,scotland,scotland,scotland,False,True,True,both_TN
en,scott,scott,scott,scott,False,True,True,both_TN
en,scottish,scottish,scottish,scottish,False,True,True,both_TN
en,scoville,scoville,scoville,scoville,False,True,True,both_TN
en,screamed,screamed,screamed,screamed,False,True,True,both_TN
en,screen,screen,screen,screen,False,True,True,both_TN
en,scrolling,scrolling,scrolling,scrolling,False,True,True,both_TN
de,scrollst,,scrollst,scrollst,True,False,False,both_wrong
en,scrummaster,scrummaster,scrummaster,scrummaster,False,True,True,both_TN
en,sea,sea,sea,sea,False,True,True,both_TN
en,sean,sean,sean,sean,False,True,True,both_TN
en,search,search,search,search,False,True,True,both_TN
en,searched,searched,searched,searched,False,True,True,both_TN
en,seat,seat,seat,seat,False,True,True,both_TN
en,second,second,second,second,False,True,True,both_TN
en,secrets,secrets,secrets,secrets,False,True,True,both_TN
en,section,section,section,section,False,True,True,both_TN
en,see,see,see,see,False,True,True,both_TN
en,seen,seen,seen,seen,False,True,True,both_TN
en,segar,segar,segar,segar,False,True,True,both_TN
de,sehe,sehe,sehe,sehe,False,True,True,both_TN
de,sehen,sehen,sehen,sehen,False,True,True,both_TN
de,sehenswert,sehenswert,sehenswert,sehenswert,False,True,True,both_TN
de,sehr,sehr,sehr,sehr,False,True,True,both_TN
en,sehun,sehun,sehun,sehun,False,True,True,both_TN
de,sei,sei,sei,sei,False,True,True,both_TN
de,sein,sein,sein,sein,False,True,True,both_TN
de,seine,seine,seine,seine,False,True,True,both_TN
de,seinem,seinem,seinem,seinem,False,True,True,both_TN
de,seinen,seinen,seinen,seinen,False,True,True,both_TN
de,seiner,seiner,seiner,seiner,False,True,True,both_TN
de,seit,seit,seit,seit,False,True,True,both_TN
en,sekalian,sekalian,sekalian,sekalian,False,True,True,both_TN
en,selca,selca,selca,selca,False,True,True,both_TN
en,selena,selena,selena,selena,False,True,True,both_TN
en,selfie,selfie,selfie,selfie,False,True,True,both_TN
en,selfies,selfies,selfies,selfies,False,True,True,both_TN
en,sell,sell,sell,sell,False,True,True,both_TN
en,selling,selling,selling,selling,False,True,True,both_TN
de,seltsam,seltsam,seltsam,seltsam,False,True,True,both_TN
en,sem,sem,sem,sem,False,True,True,both_TN
en,semana,semana,semana,semana,False,True,True,both_TN
en,semifinals,semifinals,semifinals,semifinals,False,True,True,both_TN
en,senayan,senayan,senayan,senayan,False,True,True,both_TN
en,sence,sense,sence,sence,True,False,False,both_wrong
en,sending,sending,sending,sending,False,True,True,both_TN
de,sendung,Sendung,Sendung,Sendung,True,True,True,both_correct
en,seniors,seniors,seniors,seniors,False,True,True,both_TN
en,sense,sense,sense,sense,False,True,True,both_TN
en,sensible,sensible,sensible,sensible,False,True,True,both_TN
en,sensual,sensual,sensual,sensual,False,True,True,both_TN
en,sent,sent,sent,sent,False,True,True,both_TN
en,seo,seo,seo,seo,False,True,True,both_TN
en,serena,serena,serena,serena,False,True,True,both_TN
en,seret,seret,seret,seret,False,True,True,both_TN
en,sergio,sergio,sergio,sergio,False,True,True,both_TN
en,series,series,series,series,False,True,True,both_TN
en,seriously,seriously,seriously,seriously,False,True,True,both_TN
en,serve,serve,serve,serve,False,True,True,both_TN
en,serving,serving,serving,serving,False,True,True,both_TN
en,set,set,set,set,False,True,True,both_TN
en,settle,settle,settle,settle,False,True,True,both_TN
en,seven,seven,seven,seven,False,True,True,both_TN
en,sex,sex,sex,sex,False,True,True,both_TN
en,sexed,sexed,sexed,sexed,False,True,True,both_TN
en,sexy,sexy,sexy,sexy,False,True,True,both_TN
en,sfebe,sfebe,sfebe,sfebe,False,True,True,both_TN
en,shaah,shaah,shaah,shaah,False,True,True,both_TN
en,shabu,shabu,shabu,shabu,False,True,True,both_TN
en,shadows,shadows,shadows,shadows,False,True,True,both_TN
en,shah,shah,shah,shah,False,True,True,both_TN
en,shailene,shailene,shailene,shailene,False,True,True,both_TN
en,shaking,shaking,shaking,shaking,False,True,True,both_TN
en,shakira,shakira,shakira,shakira,False,True,True,both_TN
en,shall,shall,shall,shall,False,True,True,both_TN
en,shaq,shaq,shaq,shaq,False,True,True,both_TN
en,shaquille,shaquille,shaquille,shaquille,False,True,True,both_TN
en,share,share,share,share,False,True,True,both_TN
en,sharepoint,sharepoint,sharepoint,sharepoint,False,True,True,both_TN
en,sharjah,sharjah,sharjah,sharjah,False,True,True,both_TN
en,sharlene,sharlene,sharlene,sharlene,False,True,True,both_TN
en,shat,shit,shat,shat,True,False,False,both_wrong
de,shauhauhauahsuhau,Shauhaus,shauhauhauahsuhau,shauhauhauahsuhau,True,False,False,both_wrong
en,she,she,she,she,False,True,True,both_TN
en,she'll,she'll,she'll,she'll,False,True,True,both_TN
en,she's,she's,she's,she's,False,True,True,both_TN
en,shehar,shehar,shehar,shehar,False,True,True,both_TN
en,shenanigans,shenanigans,shenanigans,shenanigans,False,True,True,both_TN
en,shes,shes,she's,shes,False,False,True,B_fixed_FP
en,shettima,shettima,shettima,shettima,False,True,True,both_TN
en,shine,shine,shine,shine,False,True,True,both_TN
en,shinee,shinee,shinee,shinee,False,True,True,both_TN
en,shirt,shirt,shirt,shirt,False,True,True,both_TN
en,shit,shit,shit,shit,False,True,True,both_TN
en,shizz,shit,shizz,shizz,True,False,False,both_wrong
en,shizzle,shizzle,shizzle,shizzle,False,True,True,both_TN
en,shocked,shocked,shocked,shocked,False,True,True,both_TN
en,shoot,shoot,shoot,shoot,False,True,True,both_TN
de,shoppen,shoppen,shoppen,shoppen,False,True,True,both_TN
en,shot,shot,shot,shot,False,True,True,both_TN
en,shots,shots,shots,shots,False,True,True,both_TN
en,should,should,should,should,False,True,True,both_TN
en,shoulder,shoulder,shoulder,shoulder,False,True,True,both_TN
en,shouldn't,shouldn't,shouldn't,shouldn't,False,True,True,both_TN
en,shoutout,shout out,shout out,shoutout,True,True,False,A_only_correct
en,showers,showers,showers,showers,False,True,True,both_TN
en,showing,showing,showing,showing,False,True,True,both_TN
en,shows,shows,shows,shows,False,True,True,both_TN
en,shrimp,shrimp,shrimp,shrimp,False,True,True,both_TN
ja,shu,shu,shu,shu,False,True,True,both_TN
en,shutouts,shutouts,shutouts,shutouts,False,True,True,both_TN
en,shutting,shutting,shutting,shutting,False,True,True,both_TN
en,shutup,shut up,shutup,shutup,True,False,False,both_wrong
en,sia,sia,sia,sia,False,True,True,both_TN
de,sic,sicher,sicher,sic,True,True,False,A_only_correct
de,sich,sich,sich,sich,False,True,True,both_TN
de,sicher,sicher,sicher,sicher,False,True,True,both_TN
de,sicherlich,sicherlich,sicherlich,sicherlich,False,True,True,both_TN
en,side,side,side,side,False,True,True,both_TN
de,sie,sie,sie,sie,False,True,True,both_TN
de,sieht,sieht,sieht,sieht,False,True,True,both_TN
de,siehts,sieht es,sieht es,siehts,True,True,False,A_only_correct
de,sielen,spielen,sielen,sielen,True,False,False,both_wrong
en,sign,sign,sign,sign,False,True,True,both_TN
en,signing,signing,signing,signing,False,True,True,both_TN
en,signs,signs,signs,signs,False,True,True,both_TN
en,sikugwirizana,sikugwirizana,sikugwirizana,sikugwirizana,False,True,True,both_TN
de,silber,silber,silber,silber,False,True,True,both_TN
en,silence,silence,silence,silence,False,True,True,both_TN
en,silverman,silverman,silverman,silverman,False,True,True,both_TN
en,sim,seems,sim,sim,True,False,False,both_wrong
en,simeone,simeone,simeone,simeone,False,True,True,both_TN
en,sin,sin,sin,sin,False,True,True,both_TN
en,since,since,since,since,False,True,True,both_TN
de,sind,sind,sind,sind,False,True,True,both_TN
en,sing,sing,sing,sing,False,True,True,both_TN
en,singapore,singapore,singapore,singapore,False,True,True,both_TN
en,single,single,single,single,False,True,True,both_TN
en,singles,singles,singles,singles,False,True,True,both_TN
en,sip,sip,sip,sip,False,True,True,both_TN
en,sir,sir,sir,sir,False,True,True,both_TN
de,sis,Schwester,sis,sis,True,False,False,both_wrong
en,site,site,site,site,False,True,True,both_TN
de,sitz,sitze,sitze,sitz,True,True,False,A_only_correct
de,sitzt,sitzt,sitzt,sitzt,False,True,True,both_TN
en,siwon,siwon,siwon,siwon,False,True,True,both_TN
en,size,size,size,size,False,True,True,both_TN
en,skepta,sunglasses,skepta,skepta,True,False,False,both_wrong
de,skichallenge,skichallenge,Skichallenge,Skichallenge,False,False,False,both_FP
en,skid,skid,skid,skid,False,True,True,both_TN
en,skill,skill,skill,skill,False,True,True,both_TN
en,slavkov,slavkov,slavkov,slavkov,False,True,True,both_TN
en,sleep,sleep,sleep,sleep,False,True,True,both_TN
en,sleeps,sleeps,sleeps,sleeps,False,True,True,both_TN
en,slick,slick,slick,slick,False,True,True,both_TN
en,sliding,sliding,sliding,sliding,False,True,True,both_TN
en,slightly,slightly,slightly,slightly,False,True,True,both_TN
en,slow,slow,slow,slow,False,True,True,both_TN
en,slowly,slowly,slowly,slowly,False,True,True,both_TN
en,slp,sleep,slp,slp,True,False,False,both_wrong
en,smf,smf,smf,smf,False,True,True,both_TN
en,smh,smh,smh,smh,False,True,True,both_TN
en,smoked,smoked,smoked,smoked,False,True,True,both_TN
en,smoking,smoking,smoking,smoking,False,True,True,both_TN
en,smooth,smooth,smooth,smooth,False,True,True,both_TN
en,smtown,smtown,smtown,smtown,False,True,True,both_TN
en,smyle,smile,smyle,smyle,True,False,False,both_wrong
en,snapchat,snapchat,snapchat,snapchat,False,True,True,both_TN
en,snapchated,snapchated,snapchated,snapchated,False,True,True,both_TN
en,sneak,sneak,sneak,sneak,False,True,True,both_TN
en,snsd,snsd,snsd,snsd,False,True,True,both_TN
en,so,so,so,so,False,True,True,both_TN
de,so'ne,so eine,so'ne,so'ne,True,False,False,both_wrong
en,soda,soda,soda,soda,False,True,True,both_TN
en,sodo,sodo,sodo,sodo,False,True,True,both_TN
en,softball,softball,softball,softball,False,True,True,both_TN
en,software,software,software,software,False,True,True,both_TN
de,sogar,sogar,sogar,sogar,False,True,True,both_TN
de,solche,solche,solche,solche,False,True,True,both_TN
en,sold,sold,sold,sold,False,True,True,both_TN
en,soldiers,soldiers,soldiers,soldiers,False,True,True,both_TN
de,soll,soll,soll,soll,False,True,True,both_TN
de,sollte,sollte,sollte,sollte,False,True,True,both_TN
en,some,some,some,some,False,True,True,both_TN
en,somebody,somebody,somebody,somebody,False,True,True,both_TN
en,someone,someone,someone,someone,False,True,True,both_TN
en,something,something,something,something,False,True,True,both_TN
en,sometimes,sometimes,sometimes,sometimes,False,True,True,both_TN
en,son,son,son,son,False,True,True,both_TN
en,song,song,song,song,False,True,True,both_TN
en,songs,songs,songs,songs,False,True,True,both_TN
de,sonstige,sonstige,sonstige,sonstige,False,True,True,both_TN
de,soo,So,so,so,True,False,False,both_wrong
en,soon,soon,soon,soon,False,True,True,both_TN
de,sooo,so,so,so,True,True,True,both_correct
en,soooo,so,so,so,True,True,True,both_correct
de,sorgen,sorgen,sorgen,sorgen,False,True,True,both_TN
en,sorry,sorry,sorry,sorry,False,True,True,both_TN
en,soul,soul,soul,soul,False,True,True,both_TN
en,sound,sound,sound,sound,False,True,True,both_TN
en,soundcloud,sound cloud,soundcloud,soundcloud,True,False,False,both_wrong
en,sounds,sounds,sounds,sounds,False,True,True,both_TN
en,source,source,source,source,False,True,True,both_TN
en,south,south,south,south,False,True,True,both_TN
en,southbank,southbank,southbank,southbank,False,True,True,both_TN
de,sowas,sowas,so es,sowas,False,False,True,B_fixed_FP
en,soy,soy,soy,soy,False,True,True,both_TN
de,soylerim,Soylerim,soylerim,soylerim,True,False,False,both_wrong
de,spannende,spannende,spannende,spannende,False,True,True,both_TN
en,sparkles,sparkles,sparkles,sparkles,False,True,True,both_TN
de,spass,Spass,spass,spass,True,False,False,both_wrong
en,speak,speak,speak,speak,False,True,True,both_TN
en,special,special,special,special,False,True,True,both_TN
en,speechless,speechless,speechless,speechless,False,True,True,both_TN
de,spezialisieren,spezialisieren,spezialisieren,spezialisieren,False,True,True,both_TN
en,spice,spice,spice,spice,False,True,True,both_TN
en,spiderman,spiderman,spiderman,spiderman,False,True,True,both_TN
de,spiel,spiele,spiel,spiel,True,False,False,both_wrong
de,spiele,spielen,spiele,Spiele,True,False,False,both_wrong
de,spielen,spielen,spielen,spielen,False,True,True,both_TN
de,spielt,spielt,spielt,spielt,False,True,True,both_TN
de,spinnerinnen,Spinnerinnen,spinnerinnen,spinnerinnen,True,False,False,both_wrong
en,spinning,spinning,spinning,spinning,False,True,True,both_TN
en,spongebob,spongebob,spongebob,spongebob,False,True,True,both_TN
de,spontan,spontan,spontan,spontan,False,True,True,both_TN
en,sports,sports,sports,sports,False,True,True,both_TN
en,spotify,spotify,spotify,spotify,False,True,True,both_TN
en,spotlight,spotlight,spotlight,spotlight,False,True,True,both_TN
en,spring,spring,spring,spring,False,True,True,both_TN
de,springen,springen,springen,springen,False,True,True,both_TN
en,spsl,spsl,spsl,spsl,False,True,True,both_TN
en,squad,squad,squad,squad,False,True,True,both_TN
en,sri,sri,sri,sri,False,True,True,both_TN
en,sriracha,sriracha,sriracha,sriracha,False,True,True,both_TN
en,ssl,ssl,ssl,ssl,False,True,True,both_TN
en,ssw,ssw,ssw,ssw,False,True,True,both_TN
en,st.,st.,st.,st.,False,True,True,both_TN
en,stage,stage,stage,stage,False,True,True,both_TN
en,stan,stan,stan,stan,False,True,True,both_TN
ja,stand,stand,stand,stand,False,True,True,both_TN
en,stans,stans,stans,stans,False,True,True,both_TN
en,starlight,starlight,starlight,starlight,False,True,True,both_TN
en,stars,stars,stars,stars,False,True,True,both_TN
en,start,start,start,start,False,True,True,both_TN
en,started,started,started,started,False,True,True,both_TN
en,starts,starts,starts,starts,False,True,True,both_TN
en,starving,starving,starving,starving,False,True,True,both_TN
en,state,state,state,state,False,True,True,both_TN
en,statistics,statistics,statistics,statistics,False,True,True,both_TN
de,statt,statt,statt,statt,False,True,True,both_TN
en,stay,stay,stay,stay,False,True,True,both_TN
de,stecks,stecke es,stecks,stecks,True,False,False,both_wrong
en,stefan,stefan,stefan,stefan,False,True,True,both_TN
de,stehen,stehen,stehen,stehen,False,True,True,both_TN
de,stehn,Stehen,stehn,stehn,True,False,False,both_wrong
de,steht,steht,steht,steht,False,True,True,both_TN
de,stellen,stellen,stellen,stellen,False,True,True,both_TN
de,stellt,stellt,stellt,stellt,False,True,True,both_TN
en,step,step,step,step,False,True,True,both_TN
en,steps,steps,steps,steps,False,True,True,both_TN
de,stets,stets,stets,stets,False,True,True,both_TN
de,steuern,Steuern,steuern,steuern,True,False,False,both_wrong
de,sticht,sticht,sticht,sticht,False,True,True,both_TN
en,sticks,sticks,sticks,sticks,False,True,True,both_TN
en,still,still,still,still,False,True,True,both_TN
de,stimmt,stimmt,stimmt,stimmt,False,True,True,both_TN
en,stock,stock,stock,stock,False,True,True,both_TN
de,stolz,Stolz,stolz,stolz,True,False,False,both_wrong
en,stone,stone,stone,stone,False,True,True,both_TN
en,stoop,stoop,stoop,stoop,False,True,True,both_TN
en,stop,stop,stop,stop,False,True,True,both_TN
en,store,store,store,store,False,True,True,both_TN
en,storm,storm,storm,storm,False,True,True,both_TN
en,story,story,story,story,False,True,True,both_TN
en,strap,strap,strap,strap,False,True,True,both_TN
en,stratospheric,stratospheric,stratospheric,stratospheric,False,True,True,both_TN
de,streichen,streichen,streichen,streichen,False,True,True,both_TN
en,strong,strong,strong,strong,False,True,True,both_TN
en,strudel,strudel,strudel,strudel,False,True,True,both_TN
en,stuck,stuck,stuck,stuck,False,True,True,both_TN
en,studio,studio,studio,studio,False,True,True,both_TN
en,studios,studios,studios,studios,False,True,True,both_TN
en,study,study,study,study,False,True,True,both_TN
en,stuff,stuff,stuff,stuff,False,True,True,both_TN
de,stunde,Stunde,Stunde,stunde,True,True,False,A_only_correct
de,stundenplan,Stundenplan,Stundenplan,Stundenplan,True,True,True,both_correct
en,stunning,stunning,stunning,stunning,False,True,True,both_TN
en,style,style,style,style,False,True,True,both_TN
de,stück,Stück,Stück,stück,True,True,False,A_only_correct
en,subtweeting,subtweeting,subtweeting,subtweeting,False,True,True,both_TN
en,success,success,success,success,False,True,True,both_TN
en,successful,successful,successful,successful,False,True,True,both_TN
en,such,such,such,such,False,True,True,both_TN
en,suckin,sucking,sucking,sucking,True,True,True,both_correct
en,sudah,sudah,sudah,sudah,False,True,True,both_TN
en,suffered,suffered,suffered,suffered,False,True,True,both_TN
en,suga,suga,suga,suga,False,True,True,both_TN
en,sugar,sugar,sugar,sugar,False,True,True,both_TN
en,suho,suho,suho,suho,False,True,True,both_TN
en,suing,suing,suing,suing,False,True,True,both_TN
en,suju,suju,suju,suju,False,True,True,both_TN
en,summation,summation,summation,summation,False,True,True,both_TN
en,summer,summer,summer,summer,False,True,True,both_TN
en,summn,something,something,summen,True,True,False,A_only_correct
en,sunday,sunday,sunday,sunday,False,True,True,both_TN
en,sunday's,sunday's,sunday's,sunday's,False,True,True,both_TN
en,sundul,sundul,sundul,sundul,False,True,True,both_TN
en,sunshelter,sunshelter,sunshelter,sunshelter,False,True,True,both_TN
en,sup,what's up,sup,sup,True,False,False,both_wrong
en,super,super,super,super,False,True,True,both_TN
en,superei,superei,superei,superei,False,True,True,both_TN
de,supereklig,supereklig,supereklig,supereklig,False,True,True,both_TN
en,supply,supply,supply,supply,False,True,True,both_TN
en,support,support,support,support,False,True,True,both_TN
en,sur,sur,sur,sur,False,True,True,both_TN
en,sure,sure,sure,sure,False,True,True,both_TN
en,survivorship,survivorship,survivorship,survivorship,False,True,True,both_TN
en,sus,sus,sus,sus,False,True,True,both_TN
en,svu,svu,svu,svu,False,True,True,both_TN
en,swear,swear,swear,swear,False,True,True,both_TN
en,swearin,swearing,swearing,swearing,True,True,True,both_correct
en,swearing,swearing,swearing,swearing,False,True,True,both_TN
en,sweatin,sweating,sweating,sweating,True,True,True,both_correct
en,sweet,sweet,sweet,sweet,False,True,True,both_TN
en,sweetest,sweetest,sweetest,sweetest,False,True,True,both_TN
en,sweg,sweg,sweg,sweg,False,True,True,both_TN
en,swerving,swerving,swerving,swerving,False,True,True,both_TN
en,swim,swim,swim,swim,False,True,True,both_TN
en,swimming,swimming,swimming,swimming,False,True,True,both_TN
en,swinging,swinging,swinging,swinging,False,True,True,both_TN
en,switc,switch,switc,switch,True,False,True,B_only_correct
en,switch,switch,switch,switch,False,True,True,both_TN
en,swsh,swsh,swsh,swsh,False,True,True,both_TN
en,symphonic,symphonic,symphonic,symphonic,False,True,True,both_TN
en,sync,sync,sync,sync,False,True,True,both_TN
en,syringe,syringe,syringe,syringe,False,True,True,both_TN
de,sänger,Sänger,Sänger,sänger,True,True,False,A_only_correct
de,süss,süss,Süss,süss,False,False,True,B_fixed_FP
de,süüss,süss,Süss,süss,True,False,True,B_only_correct
en,t,t,t,t,False,True,True,both_TN
en,t-mobile,t-mobile,t-mobile,t-mobile,False,True,True,both_TN
en,t6,t6,t6,t6,False,True,True,both_TN
en,t__t,t__t,t__t,t__t,False,True,True,both_TN
en,table,table,table,table,False,True,True,both_TN
en,taemin,taemin,taemin,taemin,False,True,True,both_TN
de,tages,Tages,tages,tages,True,False,False,both_wrong
en,tagged,tagged,tagged,tagged,False,True,True,both_TN
en,taha,taha,taha,taha,False,True,True,both_TN
en,taiwan,taiwan,taiwan,taiwan,False,True,True,both_TN
en,take,take,take,take,False,True,True,both_TN
en,taken,taken,taken,taken,False,True,True,both_TN
en,takes,takes,takes,takes,False,True,True,both_TN
en,taking,taking,taking,taking,False,True,True,both_TN
de,taktiles,taktiles,taktiles,taktiles,False,True,True,both_TN
en,talaga,talaga,talaga,talaga,False,True,True,both_TN
en,talent,talent,talent,talent,False,True,True,both_TN
en,talk,talk,talk,talk,False,True,True,both_TN
en,talkin,talking,talking,talking,True,True,True,both_correct
en,talking,talking,talking,talking,False,True,True,both_TN
en,talkn,talking,talking,talkn,True,True,False,A_only_correct
en,talks,talks,talks,talks,False,True,True,both_TN
en,tamara,tamara,tamara,tamara,False,True,True,both_TN
en,tamed,tamed,tamed,tamed,False,True,True,both_TN
en,tampons,tampons,tampons,tampons,False,True,True,both_TN
en,tango,tango,tango,tango,False,True,True,both_TN
de,tanzt,getanzt,tanzt,tanzt,True,False,False,both_wrong
en,tarra,tarra,tarra,tarra,False,True,True,both_TN
de,tasche,Tasche,Tasche,tasche,True,True,False,A_only_correct
de,tatsächlich,tatsächlich,tatsächlich,tatsächlich,False,True,True,both_TN
en,tatted,tatted,tatted,tatted,False,True,True,both_TN
de,tauchst,tauchst,tauchst,tauchst,False,True,True,both_TN
en,tazz,tazz,tazz,tazz,False,True,True,both_TN
en,tbf,tbf,tbf,tbf,False,True,True,both_TN
en,tbh,tbh,tbh,tbh,False,True,True,both_TN
en,te,te,te,te,False,True,True,both_TN
en,tea,tea,tea,tea,False,True,True,both_TN
en,teach,teach,teach,teach,False,True,True,both_TN
en,team,team,team,team,False,True,True,both_TN
en,team-mates,team-mates,team-mates,team-mates,False,True,True,both_TN
en,teamchill,teamchill,teamchill,teamchill,False,True,True,both_TN
en,teams,teams,teams,teams,False,True,True,both_TN
en,teben,teben,teben,teben,False,True,True,both_TN
en,tech,tech,tech,tech,False,True,True,both_TN
en,tecs,tecs,tecs,tecs,False,True,True,both_TN
en,teddy,teddy,teddy,teddy,False,True,True,both_TN
en,teenage,teenage,teenage,teenage,False,True,True,both_TN
en,teh,teh,teh,teh,False,True,True,both_TN
en,tek,tek,tek,tek,False,True,True,both_TN
en,tell,tell,tell,tell,False,True,True,both_TN
en,tellin,telling,telling,telling,True,True,True,both_correct
en,telling,telling,telling,telling,False,True,True,both_TN
en,tells,tells,tells,tells,False,True,True,both_TN
en,temperature,temperature,temperature,temperature,False,True,True,both_TN
en,ten,ten,ten,ten,False,True,True,both_TN
en,tenerezza,tenerezza,tenerezza,tenerezza,False,True,True,both_TN
en,tent,tent,tent,tent,False,True,True,both_TN
en,ter,ter,ter,ter,False,True,True,both_TN
en,terjemahan,terjemahan,terjemahan,terjemahan,False,True,True,both_TN
en,term,term,term,term,False,True,True,both_TN
en,terserah,terserah,terserah,terserah,False,True,True,both_TN
en,tesco,tesco,tesco,tesco,False,True,True,both_TN
de,testen,testen,testen,testen,False,True,True,both_TN
en,testi,testi,testi,testi,False,True,True,both_TN
en,tetap,tetap,tetap,tetap,False,True,True,both_TN
de,teuere,teuer,teuere,teuere,True,False,False,both_wrong
en,text,text,text,text,False,True,True,both_TN
en,texted,texted,texted,texted,False,True,True,both_TN
en,tf,the fuck,the fuck,tf,True,True,False,A_only_correct
en,tha,the,the,that,True,True,False,A_only_correct
en,thameslink,thameslink,thameslink,thameslink,False,True,True,both_TN
en,than,than,than,than,False,True,True,both_TN
en,thang,thang,thang,thang,False,True,True,both_TN
en,thank,thank,thank,thank,False,True,True,both_TN
en,thanks,thanks,thanks,thanks,False,True,True,both_TN
en,thankyou,thank you,thankyou,thankyou,True,False,False,both_wrong
en,that,that,that,that,False,True,True,both_TN
en,that's,that's,that's,that's,False,True,True,both_TN
en,thats,that's,that's,that's,True,True,True,both_correct
en,the,the,the,the,False,True,True,both_TN
en,theeeekeofofwn,theeeekeofofwn,theeeekeofofwn,theekeofofwn,False,True,False,B_new_FP
en,their,their,their,their,False,True,True,both_TN
en,theirselves,themselves,theirselves,theirselves,True,False,False,both_wrong
en,them,them,them,them,False,True,True,both_TN
en,then,then,then,then,False,True,True,both_TN
en,theoretical,theoretical,theoretical,theoretical,False,True,True,both_TN
en,there,there,there,there,False,True,True,both_TN
en,there's,there's,there's,there's,False,True,True,both_TN
en,theres,there's,there's,there's,True,True,True,both_correct
en,these,these,these,these,False,True,True,both_TN
en,they,they,they,they,False,True,True,both_TN
en,they're,they're,they're,they're,False,True,True,both_TN
en,theyre,they're,they're,they're,True,True,True,both_correct
en,thin,thin,thin,think,False,True,False,B_new_FP
en,thing,thing,thing,thing,False,True,True,both_TN
en,things,things,things,things,False,True,True,both_TN
en,think,think,think,think,False,True,True,both_TN
en,thinkin,thinking,thinking,thinking,True,True,True,both_correct
en,thinking,thinking,thinking,thinking,False,True,True,both_TN
en,third,third,third,third,False,True,True,both_TN
en,thirsty,thirsty,thirsty,thirsty,False,True,True,both_TN
en,this,this,this,this,False,True,True,both_TN
en,tho,though,though,though,True,True,True,both_correct
en,those,those,those,those,False,True,True,both_TN
en,thot,thot,thot,thot,False,True,True,both_TN
en,thotler,thotler,thotler,thotler,False,True,True,both_TN
en,thots,thots,thots,thots,False,True,True,both_TN
en,thou,though,though,though,True,True,True,both_correct
en,though,though,though,though,False,True,True,both_TN
en,thought,thought,thought,thought,False,True,True,both_TN
en,three,three,three,three,False,True,True,both_TN
en,through,through,through,through,False,True,True,both_TN
en,throught,through,throught,throught,True,False,False,both_wrong
en,thrusting,thrusting,thrusting,thrusting,False,True,True,both_TN
en,tht,that,that,the,True,True,False,A_only_correct
en,thug,thug,thug,thug,False,True,True,both_TN
en,thunderbird,thunderbird,Thunderbird,thunderbird,False,False,True,B_fixed_FP
en,thx,thanks,thanks,thx,True,True,False,A_only_correct
en,ticket,ticket,ticket,ticket,False,True,True,both_TN
en,ticketless,ticketless,ticketless,ticketless,False,True,True,both_TN
en,tickt,ticket,tickt,tickt,True,False,False,both_wrong
en,ties,ties,ties,ties,False,True,True,both_TN
en,timberlake,timberlake,timberlake,timberlake,False,True,True,both_TN
en,time,time,time,time,False,True,True,both_TN
en,timur,timur,timur,timur,False,True,True,both_TN
en,tinz,tinz,tinz,tinz,False,True,True,both_TN
en,tips,tips,tips,tips,False,True,True,both_TN
en,tipsy,tipsy,tipsy,tipsy,False,True,True,both_TN
en,tired,tired,tired,tired,False,True,True,both_TN
en,titan,titan,titan,titan,False,True,True,both_TN
de,titten,Titten,titten,titten,True,False,False,both_wrong
en,tix,tickets,ticket,tix,True,False,False,both_wrong
en,tm,tm,tm,tm,False,True,True,both_TN
en,tmh,tmh,tmh,tmh,False,True,True,both_TN
en,tmr,tomorrow,tmr,tmr,True,False,False,both_wrong
en,to,to,to,to,False,True,True,both_TN
en,toast,toast,toast,toast,False,True,True,both_TN
en,today,today,today,today,False,True,True,both_TN
en,toe,toe,toe,toe,False,True,True,both_TN
en,together,together,together,together,False,True,True,both_TN
de,toll,toll,toll,toll,False,True,True,both_TN
de,tollen,tollen,tollen,tollen,False,True,True,both_TN
en,tommy,tommy,Tommy,tommy,False,False,True,B_fixed_FP
en,tomorrow,tomorrow,tomorrow,tomorrow,False,True,True,both_TN
en,ton,ton,ton,ton,False,True,True,both_TN
en,tonight,tonight,tonight,tonight,False,True,True,both_TN
en,tony,tony,tony,tony,False,True,True,both_TN
en,tonyselznick,tonyselznick,tonyselznick,tonyselznick,False,True,True,both_TN
en,too,too,too,too,False,True,True,both_TN
en,took,took,took,took,False,True,True,both_TN
en,top,top,top,top,False,True,True,both_TN
en,toribash,toribash,toribash,toribash,False,True,True,both_TN
en,total,total,total,total,False,True,True,both_TN
en,tottenham,tottenham,Tottenham,tottenham,False,False,True,B_fixed_FP
en,touch,touch,touch,touch,False,True,True,both_TN
en,tour,tour,tour,tour,False,True,True,both_TN
en,toure,toure,toure,toure,False,True,True,both_TN
en,towards,towards,towards,towards,False,True,True,both_TN
en,townvilla,townvilla,townvilla,townvilla,False,True,True,both_TN
de,tracklist,Tracklist,tracklist,tracklist,True,False,False,both_wrong
en,trader,trader,trader,trader,False,True,True,both_TN
de,traf,traf,traf,traf,False,True,True,both_TN
en,traffic,traffic,traffic,traffic,False,True,True,both_TN
de,trag,trage,trag,trag,True,False,False,both_wrong
de,trage,trage,trage,trage,False,True,True,both_TN
de,tragen,tragen,tragen,tragen,False,True,True,both_TN
de,trank,Trank,trank,trank,True,False,False,both_wrong
en,trans,trans,trans,trans,False,True,True,both_TN
de,transphobe,transphobe,transphobe,transphobe,False,True,True,both_TN
en,transplantation,transplantation,transplantation,transplantation,False,True,True,both_TN
en,trash,trash,trash,trash,False,True,True,both_TN
de,traurig,traurig,traurig,traurig,False,True,True,both_TN
en,treatment,treatment,treatment,treatment,False,True,True,both_TN
en,trend,trend,trend,trend,False,True,True,both_TN
en,trending,trending,trending,trending,False,True,True,both_TN
en,trey,trey,trey,trey,False,True,True,both_TN
en,tri,tri,tri,tri,False,True,True,both_TN
en,trick,trick,trick,trick,False,True,True,both_TN
de,triffst,triffst,triffst,triffst,False,True,True,both_TN
en,trifling,trifling,trifling,trifling,False,True,True,both_TN
de,trinke,trinke,trinke,trinke,False,True,True,both_TN
en,triplets,triplets,triplets,triplets,False,True,True,both_TN
en,trippin,tripping,tripping,tripping,True,True,True,both_correct
en,trocar,trocar,trocar,trocar,False,True,True,both_TN
de,trotz,trotz,trotz,trotz,False,True,True,both_TN
en,true,true,true,true,False,True,True,both_TN
en,trust,trust,trust,trust,False,True,True,both_TN
en,try,try,try,try,False,True,True,both_TN
en,trying,trying,trying,trying,False,True,True,both_TN
en,tryn,trying,trying,trying,True,True,True,both_correct
en,tryna,trying to,trying to,trying to,True,True,True,both_correct
en,trynna,trying to,trying to,trying to,True,True,True,both_correct
de,träumen,träumen,träumen,träumen,False,True,True,both_TN
de,tschüss,Tschüss,Tschüss,tschüss,True,True,False,A_only_correct
en,tsugumi,tsugumi,tsugumi,tsugumi,False,True,True,both_TN
en,tsx,tsx,tsx,tsx,False,True,True,both_TN
en,tuaw,tuaw,tuaw,tuaw,False,True,True,both_TN
en,tulog,tulog,tulog,tulog,False,True,True,both_TN
de,tun,tun,tun,tun,False,True,True,both_TN
en,tunein,tunein,tunein,tunein,False,True,True,both_TN
en,tur,tur,tur,tur,False,True,True,both_TN
en,turkey,turkey,turkey,turkey,False,True,True,both_TN
en,turnt,turned,turnt,turnt,True,False,False,both_wrong
en,turnup,turn up,turnup,turnup,True,False,False,both_wrong
de,tut,tut,tut,tut,False,True,True,both_TN
de,tv,tv,tv,tv,False,True,True,both_TN
en,tvj,tvj,tvj,tvj,False,True,True,both_TN
en,tweet,tweet,tweet,tweet,False,True,True,both_TN
en,tweeting,tweeting,tweeting,tweeting,False,True,True,both_TN
de,tweetklau,Tweetklau,Tweetklau,tweetklau,True,True,False,A_only_correct
en,tweets,tweets,tweets,tweets,False,True,True,both_TN
en,twitter,twitter,twitter,twitter,False,True,True,both_TN
de,twittert,twittert,twittert,twittert,False,True,True,both_TN
en,two,two,two,two,False,True,True,both_TN
en,ty,thank you,ty,ty,True,False,False,both_wrong
en,tyaa,tyaa,tyaa,tyaa,False,True,True,both_TN
de,typ,Typ,typ,typ,True,False,False,both_wrong
en,type,type,type,type,False,True,True,both_TN
en,typing,typing,typing,typing,False,True,True,both_TN
de,tztztz,tztztz,tztztz,tztztz,False,True,True,both_TN
en,u,you,you,you,True,True,True,both_correct
en,u-18,u-18,u-18,u-18,False,True,True,both_TN
en,ua,ua,ua,ua,False,True,True,both_TN
en,uan,uan,uan,uan,False,True,True,both_TN
de,uch,auch,uch,uch,True,False,False,both_wrong
en,ucr,ucr,ucr,ucr,False,True,True,both_TN
en,udah,udah,udah,udah,False,True,True,both_TN
en,udi-modem,udi-modem,udi-modem,udi-modem,False,True,True,both_TN
en,udit,udit,udit,udit,False,True,True,both_TN
en,ug,ug,ug,ug,False,True,True,both_TN
en,uggh,uggh,uggh,uggh,False,True,True,both_TN
en,ugh,ugh,ugh,ugh,False,True,True,both_TN
en,ughh,ughh,ughh,ughh,False,True,True,both_TN
en,ugly,ugly,ugly,ugly,False,True,True,both_TN
en,uhmmm,uhmmm,uhmmm,uhmmm,False,True,True,both_TN
en,uk,uk,uk,uk,False,True,True,both_TN
en,uk/ip,uk/ip,uk/ip,uk/ip,False,True,True,both_TN
en,ukip,ukip,ukip,ukip,False,True,True,both_TN
en,ul,ul,ul,ul,False,True,True,both_TN
en,ull,you will,ull,ull,True,False,False,both_wrong
en,ultimate,ultimate,ultimate,ultimate,False,True,True,both_TN
en,ultra,ultra,ultra,ultra,False,True,True,both_TN
de,um,um,um,um,False,True,True,both_TN
de,umarmung,Umarmung,Umarmung,umarmung,True,True,False,A_only_correct
en,ume,ume,ume,ume,False,True,True,both_TN
en,ump,ump,ump,ump,False,True,True,both_TN
en,una,una,una,una,False,True,True,both_TN
en,unable,unable,unable,unable,False,True,True,both_TN
en,unappreciated,unappreciated,unappreciated,unappreciated,False,True,True,both_TN
de,unausgearbeitetes,unausgearbeitetes,unausgearbeitetes,unausgearbeitetes,False,True,True,both_TN
en,unbelievable,unbelievable,unbelievable,unbelievable,False,True,True,both_TN
en,uncle,uncle,uncle,uncle,False,True,True,both_TN
de,und,und,und,und,False,True,True,both_TN
de,unddasamfrühenmorgen,und das am frühen Morgen,Unddasamfrühenmorgen,unddasamfrühenmorgen,True,False,False,both_wrong
en,under,under,under,under,False,True,True,both_TN
en,underwear,underwear,underwear,underwear,False,True,True,both_TN
en,undo,undo,undo,undo,False,True,True,both_TN
en,unfollow,unfollow,unfollow,unfollow,False,True,True,both_TN
en,unfollowers,unfollowers,unfollowers,unfollowers,False,True,True,both_TN
de,unheimlicher,unheimlicher,unheimlicher,unheimlicher,False,True,True,both_TN
en,union,union,union,union,False,True,True,both_TN
en,unit,unit,unit,unit,False,True,True,both_TN
en,university,university,university,university,False,True,True,both_TN
en,unless,unless,unless,unless,False,True,True,both_TN
en,unlimited,unlimited,unlimited,unlimited,False,True,True,both_TN
en,unnie,unnie,unnie,unnie,False,True,True,both_TN
de,unnötiger,unnötiger,unnötiger,unnötiger,False,True,True,both_TN
de,uns,uns,uns,uns,False,True,True,both_TN
de,unser,unser,unser,unser,False,True,True,both_TN
de,unsere,unsere,unsere,unsere,False,True,True,both_TN
de,unserem,unserem,unserem,unserem,False,True,True,both_TN
de,unseren,unseren,unseren,unseren,False,True,True,both_TN
de,unserer,unserer,unserer,unserer,False,True,True,both_TN
de,unseres,unseres,unseres,unseres,False,True,True,both_TN
en,unshaven,unshaven,unshaven,unshaven,False,True,True,both_TN
de,unten,unten,unten,unten,False,True,True,both_TN
de,unter,unter,unter,unter,False,True,True,both_TN
en,until,until,until,until,False,True,True,both_TN
en,untuk,untuk,untuk,untuk,False,True,True,both_TN
en,uofl,uofl,uofl,uofl,False,True,True,both_TN
en,up,up,up,up,False,True,True,both_TN
en,update,update,update,update,False,True,True,both_TN
en,upload,upload,upload,upload,False,True,True,both_TN
en,uploads,uploads,uploads,uploads,False,True,True,both_TN
en,upto,up to,upto,upto,True,False,False,both_wrong
en,ur,your,your,your,True,True,True,both_correct
en,urself,yourself,yourself,yourself,True,True,True,both_correct
de,urteilen,urteilen,urteilen,urteilen,False,True,True,both_TN
en,us,us,us,us,False,True,True,both_TN
en,usa,usa,usa,usa,False,True,True,both_TN
en,use,use,use,use,False,True,True,both_TN
en,used,used,used,used,False,True,True,both_TN
de,usere,unserer,usere,usere,True,False,False,both_wrong
en,using,using,using,using,False,True,True,both_TN
de,uspresste,auspresste,uspresste,uspresste,True,False,False,both_wrong
de,usw.,usw.,usw.,usw.,False,True,True,both_TN
en,utk,utk,utk,utk,False,True,True,both_TN
en,utok,utok,utok,utok,False,True,True,both_TN
en,utter,utter,utter,utter,False,True,True,both_TN
en,uuliin,uuliin,uuliin,uliin,False,True,False,B_new_FP
de,uuml,übersichtlich,uml,uml,True,False,False,both_wrong
en,v,very,v,v,True,False,False,both_wrong
en,vag,vagina,vag,vag,True,False,False,both_wrong
en,valid,valid,valid,valid,False,True,True,both_TN
en,vas,was,vas,vas,True,False,False,both_wrong
en,vcs,vcs,vcs,vcs,False,True,True,both_TN
en,vegetarian,vegetarian,vegetarian,vegetarian,False,True,True,both_TN
en,venga,venga,venga,venga,False,True,True,both_TN
en,ventes,ventes,ventes,ventes,False,True,True,both_TN
de,verbeiten,verbreiten,verbeiten,verbeiten,True,False,False,both_wrong
de,verbinden,verbinden,verbinden,verbinden,False,True,True,both_TN
de,verdient,Verdient,verdient,verdient,True,False,False,both_wrong
de,veremezsinnkii,Veremezsinnkii,Veremezsinnkii,veremezsinnki,True,True,False,A_only_correct
de,verfallen,verfallen,verfallen,verfallen,False,True,True,both_TN
de,verfolge,verfolge,verfolge,verfolge,False,True,True,both_TN
de,vergessen,vergessen,vergessen,vergessen,False,True,True,both_TN
de,vergossen,vergossen,vergossen,vergossen,False,True,True,both_TN
de,verkraften,verkraften,verkraften,verkraften,False,True,True,both_TN
de,verliert,verliert,verliert,verliert,False,True,True,both_TN
de,verpetzen,verpetzen,verpetzen,verpetzen,False,True,True,both_TN
de,verraten,verraten,verraten,verraten,False,True,True,both_TN
de,verschiebt,verschiebt,verschiebt,verschiebt,False,True,True,both_TN
en,version,version,version,version,False,True,True,both_TN
de,versklavte,Versklavte,versklavte,versklavte,True,False,False,both_wrong
de,verspätung,Verspätung,verspätung,Verspätung,True,False,True,B_only_correct
de,verstehen,verstehen,verstehen,verstehen,False,True,True,both_TN
de,versuchs,versuche es,versuchs,versuchs,True,False,False,both_wrong
en,versus,versus,versus,versus,False,True,True,both_TN
de,vertieft,vertieft,vertieft,vertieft,False,True,True,both_TN
en,very,very,very,very,False,True,True,both_TN
de,verziert,verziert,verziert,verziert,False,True,True,both_TN
de,veröffentlichen,veröffentlichen,veröffentlichen,veröffentlichen,False,True,True,both_TN
de,vi,vieler,viel,vi,True,False,False,both_wrong
en,via,via,via,via,False,True,True,both_TN
en,viafo_share_twitter,viafo_share_twitter,viafo_share_twitter,viafo_share_twitter,False,True,True,both_TN
en,vid,video,video,video,True,True,True,both_correct
en,video,video,video,video,False,True,True,both_TN
de,viel,viel,viel,viel,False,True,True,both_TN
de,viele,viele,viele,viele,False,True,True,both_TN
de,vielleicht,vielleicht,vielleicht,vielleicht,False,True,True,both_TN
en,vinegar,vinegar,vinegar,vinegar,False,True,True,both_TN
de,vip,VIP,vip,vip,True,False,False,both_wrong
en,viru,virus,viru,viru,True,False,False,both_wrong
en,visit,visit,visit,visit,False,True,True,both_TN
en,viv,viv,viv,viv,False,True,True,both_TN
de,vl,vielleicht,vielleicht,vl,True,True,False,A_only_correct
de,vll,Vielleicht,vielleicht,vll,True,False,False,both_wrong
de,vllt,vielleicht,vielleicht,vllt,True,True,False,A_only_correct
de,vo,vor,von,vo,True,False,False,both_wrong
de,voll,voll,voll,voll,False,True,True,both_TN
de,von,von,von,von,False,True,True,both_TN
de,vor,vor,vor,vor,False,True,True,both_TN
de,vorbei,vorbei,vorbei,vorbei,False,True,True,both_TN
de,vorgefunden,vorgefunden,vorgefunden,vorgefunden,False,True,True,both_TN
de,vorgestellt,vorgestellt,vorgestellt,vorgestellt,False,True,True,both_TN
de,vorher,vorher,vorher,vorher,False,True,True,both_TN
de,vorne,vorne,vorne,vorne,False,True,True,both_TN
de,vorwerfen,vorwerfen,vorwerfen,vorwerfen,False,True,True,both_TN
en,vote,vote,vote,vote,False,True,True,both_TN
en,votes,votes,votes,votes,False,True,True,both_TN
en,vous,vous,vous,vous,False,True,True,both_TN
en,vowel]ge,vowel]ge,vowel]ge,vowel]ge,False,True,True,both_TN
en,vowel]l[any,vowel]l[any,vowel]l[any,vowel]l[any,False,True,True,both_TN
en,voy,boy,voy,voy,True,False,False,both_wrong
ko,vs,vs,vs,vs,False,True,True,both_TN
en,vsg,vsg,vsg,vsg,False,True,True,both_TN
en,vuldemurt,vuldemurt,vuldemurt,vuldemurt,False,True,True,both_TN
en,vvvvvvvv,vvvvvvvv,vvvvvvvv,vvvvvvvvvvvvvvvvvvvvvvvvvvvvvvvv,False,True,False,B_new_FP
de,völkische,völkische,Völkische,völkische,False,False,True,B_fixed_FP
de,völlig,völlig,völlig,völlig,False,True,True,both_TN
en,w,with,w,w,True,False,False,both_wrong
en,w/,w/,w/,w/,False,True,True,both_TN
de,wa,Was,wa,wa,True,False,False,both_wrong
de,wach,wach,wach,wach,False,True,True,both_TN
en,wad,wad,wad,wad,False,True,True,both_TN
en,wada,water,wada,wada,True,False,False,both_wrong
en,wade,wade,wade,wade,False,True,True,both_TN
en,wag,wag,wag,wag,False,True,True,both_TN
en,wait,wait,wait,wait,False,True,True,both_TN
en,waitin,waiting,waiting,waiting,True,True,True,both_correct
en,wake,wake,wake,wake,False,True,True,both_TN
en,walk,walk,walk,walk,False,True,True,both_TN
en,walk-off,walk-off,walk-off,walk-off,False,True,True,both_TN
en,walker,walker,walker,walker,False,True,True,both_TN
en,wall,wall,wall,wall,False,True,True,both_TN
en,wallpaper,wallpaper,wallpaper,wallpaper,False,True,True,both_TN
en,walsh,walsh,walsh,walsh,False,True,True,both_TN
en,walz,walz,walz,walz,False,True,True,both_TN
de,wann,wann,want,wann,False,False,True,B_fixed_FP
en,wanna,want to,want to,wanna,True,True,False,A_only_correct
en,want,want,want,want,False,True,True,both_TN
en,wanted,wanted,wanted,wanted,False,True,True,both_TN
en,wants,wants,wants,wants,False,True,True,both_TN
en,war,war,war,war,False,True,True,both_TN
en,wara,wara,wara,wara,False,True,True,both_TN
de,waren,waren,waren,waren,False,True,True,both_TN
en,warm,warm,warm,warm,False,True,True,both_TN
en,warns,warns,warns,warns,False,True,True,both_TN
de,wars,war es,war es,wars,True,True,False,A_only_correct
de,warte,warte,warte,warte,False,True,True,both_TN
de,warten,warten,warten,warten,False,True,True,both_TN
de,warum,warum,Warum,warum,False,False,True,B_fixed_FP
en,was,was,was,was,False,True,True,both_TN
de,wasn,was denn,wasn,wasn,True,False,False,both_wrong
en,wasnt,wasn't,wasn't,wasn't,True,True,True,both_correct
en,wassup,what's up,wassup,wassup,True,False,False,both_wrong
en,wat,what,what,wat,True,True,False,A_only_correct
en,watch,watch,watch,watch,False,True,True,both_TN
en,watchin,watching,watching,watching,True,True,True,both_correct
en,watching,watching,watching,watching,False,True,True,both_TN
en,wateva,whatever,wateva,wateva,True,False,False,both_wrong
en,watford,watford,watford,watford,False,True,True,both_TN
en,wats,what's,wats,wats,True,False,False,both_wrong
en,way,way,way,way,False,True,True,both_TN
en,wayeee,wayeee,waye,wayee,False,False,False,both_FP
en,wayne,wayne,wayne,wayne,False,True,True,both_TN
en,waynerooney,waynerooney,waynerooney,waynerooney,False,True,True,both_TN
en,wcd,wcd,wcd,wcd,False,True,True,both_TN
en,we,we,we,we,False,True,True,both_TN
en,we'll,we'll,we'll,we'll,False,True,True,both_TN
en,we're,we're,we're,we're,False,True,True,both_TN
en,wearr,wear,wearr,wear,True,False,True,B_only_correct
en,wears,wears,wears,wears,False,True,True,both_TN
en,weather,weather,weather,weather,False,True,True,both_TN
en,web,web,web,web,False,True,True,both_TN
en,webpage,webpage,webpage,webpage,False,True,True,both_TN
de,weck,wecke,weck,Weck,True,False,False,both_wrong
en,wedding,wedding,wedding,wedding,False,True,True,both_TN
en,weed,weed,weed,weed,False,True,True,both_TN
en,week,week,week,week,False,True,True,both_TN
en,weekend,weekend,weekend,weekend,False,True,True,both_TN
en,weeknd,weeknd,weeknd,weeknd,False,True,True,both_TN
en,weequahic,weequahic,weequahic,weequahic,False,True,True,both_TN
de,weg,weg,weg,weg,False,True,True,both_TN
de,wegen,wegen,wegen,wegen,False,True,True,both_TN
en,weights,weights,weights,weights,False,True,True,both_TN
de,weihnachten,Weihnachten,Weihnachten,weihnachten,True,True,False,A_only_correct
de,weihnachtlich,weihnachtlich,Weihnachtlich,weihnachtlich,False,False,True,B_fixed_FP
de,weil,weil,weil,weil,False,True,True,both_TN
de,weile,Weile,weile,weile,True,False,False,both_wrong
de,weinen,weinen,weinen,weinen,False,True,True,both_TN
de,weis,weiss,weiss,weis,True,True,False,A_only_correct
de,weiss,weiss,weiss,weiss,False,True,True,both_TN
de,weissen,weissen,weissen,weissen,False,True,True,both_TN
de,weit,weit,weit,weit,False,True,True,both_TN
de,weiter,weiter,weiter,weiter,False,True,True,both_TN
de,weiteren,weiteren,weiteren,weiteren,False,True,True,both_TN
de,weitestgehend,weitestgehend,weitestgehend,weitestgehend,False,True,True,both_TN
en,welbz,welbz,welbz,welbz,False,True,True,both_TN
de,welchem,welchem,welchem,welchem,False,True,True,both_TN
de,welcher,welcher,welcher,welcher,False,True,True,both_TN
en,welcome,welcome,welcome,welcome,False,True,True,both_TN
en,well,well,well,well,False,True,True,both_TN
de,weltweit,weltweit,Weltweit,weltweit,False,False,True,B_fixed_FP
en,wena,wena,wena,wena,False,True,True,both_TN
en,wenger,wenger,wenger,wenger,False,True,True,both_TN
de,wenig,wenig,wenig,wenig,False,True,True,both_TN
de,wenn,wenn,wenn,wenn,False,True,True,both_TN
en,went,went,went,went,False,True,True,both_TN
de,wer,wer,wer,wer,False,True,True,both_TN
de,werbung,Werbung,Werbung,Werbung,True,True,True,both_correct
de,werd,werde,werde,werde,True,True,True,both_correct
de,werden,werden,werden,werden,False,True,True,both_TN
en,were,were,were,were,False,True,True,both_TN
de,werte,werte,werte,werte,False,True,True,both_TN
en,wesley's,wesley's,wesley's,wesley's,False,True,True,both_TN
en,westbrook,westbrook,westbrook,westbrook,False,True,True,both_TN
en,western,western,western,western,False,True,True,both_TN
de,wetten,Wetten,Wetten,wetten,True,True,False,A_only_correct
de,wettendass,"Wetten, dass","Wetten, dass",Wettendass,True,True,False,A_only_correct
de,wetter,Wetter,Wetter,wetter,True,True,False,A_only_correct
en,wezird,wezird,wezird,wezird,False,True,True,both_TN
en,what,what,what,what,False,True,True,both_TN
en,whatchu,what you,what you,what hu,True,True,False,A_only_correct
en,whatdoiwear,what do i wear,what doing wear,whatdoiwear,True,False,False,both_wrong
en,whatever,whatever,whatever,whatever,False,True,True,both_TN
en,when,when,when,when,False,True,True,both_TN
en,whenever,whenever,whenever,whenever,False,True,True,both_TN
en,where,where,where,where,False,True,True,both_TN
en,which,which,which,which,False,True,True,both_TN
en,while,while,while,while,False,True,True,both_TN
en,whip,whip,whip,whip,False,True,True,both_TN
en,whisky,whiskey,whisky,whisky,True,False,False,both_wrong
en,white,white,white,white,False,True,True,both_TN
en,who,who,who,who,False,True,True,both_TN
en,who's,who's,who's,who's,False,True,True,both_TN
en,whoever,whoever,whoever,whoever,False,True,True,both_TN
en,whole,whole,whole,whole,False,True,True,both_TN
en,whos,who's,who's,whos,True,True,False,A_only_correct
en,whr,where,whare,whr,True,False,False,both_wrong
en,wht,what,what,wht,True,True,False,A_only_correct
en,why,why,why,why,False,True,True,both_TN
de,wi,wir,wi,wi,True,False,False,both_wrong
en,wid,with,with,wide,True,True,False,A_only_correct
de,wie,wie,wie,wie,False,True,True,both_TN
de,wiede,wieder,wieder,wiede,True,True,False,A_only_correct
de,wieder,wieder,wieder,wieder,False,True,True,both_TN
de,wieso,wieso,wieso,wieso,False,True,True,both_TN
en,wifed,wifed,wifed,wifed,False,True,True,both_TN
de,wiie,wie,wie,wiie,True,True,False,A_only_correct
en,wild,wild,wild,wild,False,True,True,both_TN
en,wildfires,wildfires,wildfires,wildfires,False,True,True,both_TN
en,wilding,wilding,wilding,wilding,False,True,True,both_TN
en,wiley,wiley,wiley,wiley,False,True,True,both_TN
en,will,will,will,will,False,True,True,both_TN
de,willkommn,Willkommen,Willkommn,willkommn,True,False,False,both_wrong
de,willst,willst,willst,willst,False,True,True,both_TN
en,wilshire,wilshire,wilshire,wilshire,False,True,True,both_TN
en,win,win,win,win,False,True,True,both_TN
en,winamp,winamp,winamp,winamp,False,True,True,both_TN
en,wind,wind,wind,wind,False,True,True,both_TN
en,windspeed,windspeed,windspeed,windspeed,False,True,True,both_TN
en,wine,wine,wine,wine,False,True,True,both_TN
en,wings,wings,wings,wings,False,True,True,both_TN
en,winning,winning,winning,winning,False,True,True,both_TN
de,wir,wir,wir,wir,False,True,True,both_TN
de,wird,wird,wird,wird,False,True,True,both_TN
de,wirds,wird es,wird es,wirds,True,True,False,A_only_correct
en,wireless,wireless,wireless,wireless,False,True,True,both_TN
en,wish,wish,wish,wish,False,True,True,both_TN
de,wissen,wissen,wissen,wissen,False,True,True,both_TN
en,wit,with,with,with,True,True,True,both_correct
en,witch,witch,witch,witch,False,True,True,both_TN
en,witchu,with you,witchu,witchu,True,False,False,both_wrong
ja,with,with,with,with,False,True,True,both_TN
en,without,without,without,without,False,True,True,both_TN
en,wizkid,wizkid,wizkid,wizkid,False,True,True,both_TN
en,wkeend,weekend,wkeend,wkeend,True,False,False,both_wrong
en,wkwk,wkwk,wkwk,wkwk,False,True,True,both_TN
en,wkwkwkwkwk,wkwkwkwkwk,wkwkwkwkwk,wkwkwkwkwk,False,True,True,both_TN
en,wma,wma,wma,wma,False,True,True,both_TN
de,wo,wo,wo,wo,False,True,True,both_TN
de,woche,Woche,woche,woche,True,False,False,both_wrong
de,wohl,wohl,wohl,wohl,False,True,True,both_TN
de,wohn,wohne,wohn,wohn,True,False,False,both_wrong
de,wohooo,Wohooo,wohooo,woho,True,False,False,both_wrong
en,woke,woke,woke,woke,False,True,True,both_TN
de,wollen,wollen,wollen,wollen,False,True,True,both_TN
de,wollte,wollte,wollte,wollte,False,True,True,both_TN
en,won,won,won,won,False,True,True,both_TN
en,won't,won't,won't,won't,False,True,True,both_TN
en,wonder,wonder,wonder,wonder,False,True,True,both_TN
en,wondering,wondering,wondering,wondering,False,True,True,both_TN
en,wont,wont,won't,won't,False,False,False,both_FP
en,woodley,woodley,woodley,woodley,False,True,True,both_TN
en,wooohoo,wooohoo,wooohoo,woohoo,False,True,False,B_new_FP
en,word,word,word,word,False,True,True,both_TN
en,words,words,words,words,False,True,True,both_TN
en,work,work,work,work,False,True,True,both_TN
en,workforce,workforce,workforce,workforce,False,True,True,both_TN
en,working,working,working,working,False,True,True,both_TN
en,world,world,world,world,False,True,True,both_TN
en,worldwide,worldwide,worldwide,worldwide,False,True,True,both_TN
en,worries,worries,worries,worries,False,True,True,both_TN
en,worse,worse,worse,worse,False,True,True,both_TN
en,worst,worst,worst,worst,False,True,True,both_TN
en,wort,wort,wort,wort,False,True,True,both_TN
en,worte,worte,worte,worte,False,True,True,both_TN
en,worth,worth,worth,worth,False,True,True,both_TN
en,would,would,would,would,False,True,True,both_TN
en,woulda,would have,would have,would be,True,True,False,A_only_correct
en,wow,wow,wow,wow,False,True,True,both_TN
en,wozniacki,wozniacki,wozniacki,wozniacki,False,True,True,both_TN
de,wrhaben,Wir haben,wrhaben,wrhaben,True,False,False,both_wrong
en,writin,writing,writing,writing,True,True,True,both_correct
en,writing,writing,writing,writing,False,True,True,both_TN
en,wrked,worked,woked,wrked,True,False,False,both_wrong
en,wrong,wrong,wrong,wrong,False,True,True,both_TN
en,wtf,wtf,wtf,wtf,False,True,True,both_TN
en,wuddup,what's up,what's up,wuddup,True,True,False,A_only_correct
de,wuensche,wünsche,Wünsche,wünsche,True,False,True,B_only_correct
de,wunder,Wundere,wunder,wunder,True,False,False,both_wrong
de,wunderschönes,wunderschönes,Wunderschönes,Wunderschönes,False,False,False,both_FP
de,wurde,wurde,wurde,wurde,False,True,True,both_TN
en,wut,what,what,wut,True,True,False,A_only_correct
en,wwa,wwa,wwa,wwa,False,True,True,both_TN
ja,www,www,www,www,False,True,True,both_TN
en,wx,wx,wx,wx,False,True,True,both_TN
de,während,während,während,während,False,True,True,both_TN
de,wär,wäre,wäre,wäre,True,True,True,both_correct
de,wäre,wäre,wäre,wäre,False,True,True,both_TN
de,wärs,wäre es,wäre es,wäres,True,True,False,A_only_correct
de,wünsch,Wünsche,wünsch,wünsch,True,False,False,both_wrong
de,wünscht,wünscht,wünscht,wünscht,False,True,True,both_TN
de,würd,würde,würde,würde,True,True,True,both_correct
de,würde,würde,würde,würde,False,True,True,both_TN
en,x,x,x,x,False,True,True,both_TN
en,x2,x2,x2,x2,False,True,True,both_TN
de,x3,x3,x3,x3,False,True,True,both_TN
en,x35,x35,x35,x35,False,True,True,both_TN
en,x40,x40,x40,x40,False,True,True,both_TN
en,x5,x5,x5,x5,False,True,True,both_TN
en,x8,x8,x8,x8,False,True,True,both_TN
de,xTheSolution,xTheSolution,xTheSolution,TheSolution,False,True,False,B_new_FP
de,xTheSulution,xTheSolution,xTheSulution,TheSulution,True,False,False,both_wrong
en,xabi,xabi,xabi,xabi,False,True,True,both_TN
en,xanax,xanax,xanax,xanax,False,True,True,both_TN
en,xaragdax,xaragdax,xaragdax,xaragdax,False,True,True,both_TN
de,xaviernaidoo,Xavier Naidoo,xaviernaidoo,xaviernaidoo,True,False,False,both_wrong
en,xd,xd,xd,xd,False,True,True,both_TN
en,xezee,xezee,xezee,xezee,False,True,True,both_TN
en,xiumin,xiumin,xiumin,xiumin,False,True,True,both_TN
en,xl,xl,xl,xl,False,True,True,both_TN
en,xmen,xmen,xmen,xmen,False,True,True,both_TN
en,xo,xo,xo,xo,False,True,True,both_TN
en,xoxo,xoxo,xoxo,xoxo,False,True,True,both_TN
en,xoxoxxo,xoxoxxo,xoxoxxo,xoxoxxo,False,True,True,both_TN
de,xx,xx,xx,xx,False,True,True,both_TN
en,xxc,xxc,xxc,xxc,False,True,True,both_TN
en,y,y,y,you,False,True,False,B_new_FP
en,y'all,y'all,y'all,y'all,False,True,True,both_TN
en,ya,ya,you,you,False,False,False,both_FP
en,yaa,yaa,yaa,yaa,False,True,True,both_TN
en,yaaass,yaaass,you,yass,False,False,False,both_FP
en,yah,you,yah,yah,True,False,False,both_wrong
en,yahi,yahi,yahi,yahi,False,True,True,both_TN
en,yaklo,yaklo,yaklo,yaklo,False,True,True,both_TN
en,yall,y'all,y'all,yall,True,True,False,A_only_correct
en,yalla,yalla,y'alla,yalla,False,False,True,B_fixed_FP
en,yao,yao,yao,yao,False,True,True,both_TN
en,yaw,yaw,yaw,yaw,False,True,True,both_TN
en,yay,yay,yay,yay,False,True,True,both_TN
en,yaya,yaya,yaya,yaya,False,True,True,both_TN
en,ye,ye,ye,ye,False,True,True,both_TN
en,yea,you,yeah,yeah,True,False,False,both_wrong
en,yeah,yeah,yeah,yeah,False,True,True,both_TN
en,year,year,year,year,False,True,True,both_TN
en,years,years,years,years,False,True,True,both_TN
en,yeeer,yeeer,yeer,yeer,False,False,False,both_FP
en,yeh,yeah,yeh,yeh,True,False,False,both_wrong
en,yellowcard,yellow card,yellowcard,yellowcard,True,False,False,both_wrong
en,yeoja,yeoja,yeoja,yeoja,False,True,True,both_TN
en,yes,yes,yes,yes,False,True,True,both_TN
en,yessss,yes,yes,yessss,True,True,False,A_only_correct
en,yet,yet,yet,yet,False,True,True,both_TN
en,yg,yg,yg,yg,False,True,True,both_TN
en,yh,yh,yh,yh,False,True,True,both_TN
en,yhu,you,yhu,yhu,True,False,False,both_wrong
en,yin,yin,yin,yin,False,True,True,both_TN
en,ym,my,ym,you,True,False,False,both_wrong
en,yo,your,you,you,True,False,False,both_wrong
en,yoh,yoh,yoh,yoh,False,True,True,both_TN
en,yosh,yosh,yosh,yosh,False,True,True,both_TN
en,you,you,you,you,False,True,True,both_TN
en,you'll,you'll,you'll,you'll,False,True,True,both_TN
en,you're,you're,you're,you're,False,True,True,both_TN
en,youll,you'll,youll,you'll,True,False,True,B_only_correct
en,young,young,young,young,False,True,True,both_TN
en,youngin,youngin,youngin,younging,False,True,False,B_new_FP
en,your,your,your,your,False,True,True,both_TN
en,youre,you're,youre,youre,True,False,False,both_wrong
en,yours,yours,yours,yours,False,True,True,both_TN
en,youtbe,youtube,youtbe,youthbe,True,False,False,both_wrong
de,youtube,Youtube,youtube,youtube,True,False,False,both_wrong
de,youtuberin,youtuberin,youtuberin,youtuberin,False,True,True,both_TN
en,yovani,yovani,yovani,yovani,False,True,True,both_TN
en,yu,you,you,you,True,True,True,both_correct
en,yuh,you,you,you,True,True,True,both_correct
en,yun,yun,yun,yun,False,True,True,both_TN
en,yung,yung,yung,yung,False,True,True,both_TN
en,yuri,yuri,yuri,yuri,False,True,True,both_TN
en,yute,yute,yute,yute,False,True,True,both_TN
en,z,z,z,z,False,True,True,both_TN
en,za,that,za,za,True,False,False,both_wrong
en,zac,zac,zac,zac,False,True,True,both_TN
en,zardari,zardari,zardari,zardari,False,True,True,both_TN
de,zaubern,zaubern,zaubern,zaubern,False,True,True,both_TN
en,zayn,zayn,zayn,zayn,False,True,True,both_TN
en,zee,zee,zee,zee,False,True,True,both_TN
en,zegama,zegama,zegama,zegama,False,True,True,both_TN
de,zeit,Zeit,zeit,zeit,True,False,False,both_wrong
en,zelo,zelo,zelo,zelo,False,True,True,both_TN
de,zeugs,Zeug,zeugs,zeugs,True,False,False,both_wrong
de,zieht,zieht,zieht,zieht,False,True,True,both_TN
de,zimmer,zimmer,zimmer,zimmer,False,True,True,both_TN
de,zitiert,zitiert,zitiert,zitiert,False,True,True,both_TN
en,zogsoj,zogsoj,zogsoj,zogsoj,False,True,True,both_TN
en,zomwe,zomwe,zomwe,zomwe,False,True,True,both_TN
en,zouis,zouis,zouis,zouis,False,True,True,both_TN
de,zu,zu,zu,zu,False,True,True,both_TN
en,zuccarello,zuccarello,zuccarello,zuccarello,False,True,True,both_TN
de,zuende,zu Ende,zünde,zünde,True,False,False,both_wrong
de,zuerst,zuerst,zuerst,zuerst,False,True,True,both_TN
de,zugelegt,zugelegt,zu gelegt,zugelegt,False,False,True,B_fixed_FP
de,zugunsten,zugunsten,zu Gunsten,zugunsten,False,False,True,B_fixed_FP
de,zuhause,zu Hause,zu Hause,zuhause,True,True,False,A_only_correct
de,zum,zum,zum,zum,False,True,True,both_TN
de,zuper,super,zuper,zuper,True,False,False,both_wrong
de,zur,zurzeit,zur,zur,True,False,False,both_wrong
de,zuu,zu,zu,zu,True,True,True,both_correct
de,zwar,zwar,zwar,zwar,False,True,True,both_TN
de,zwei,zwei,zwei,zwei,False,True,True,both_TN
de,zwischen,zwischen,zwischen,zwischen,False,True,True,both_TN
de,zyn,zyn,zyn,zyn,False,True,True,both_TN
de,zytig,Zeitung,zytig,zytig,True,False,False,both_wrong
en,zzzz,zzzz,zzzz,zzzz,False,True,True,both_TN
en,zzzzz,zzzzz,zzzzz,zzzzz,False,True,True,both_TN
en,{},{},{},{},False,True,True,both_TN
en,|,|,|,|,False,True,True,both_TN
de,|||,|||,|||,|||,False,True,True,both_TN
en,~,~,~,~,False,True,True,both_TN
de,Ära,Ära,Ära,Ära,False,True,True,both_TN
de,Über,Über,Über,Über,False,True,True,both_TN
de,Übrigen™,Übrigen™,Übrigen™,Übrigen™,False,True,True,both_TN
de,äusserliche,äusserliche,äusserliche,äusserliche,False,True,True,both_TN
de,öbersetzt,übersetzt,öbersetzt,öbersetzt,True,False,False,both_wrong
de,öffentlich,öffentlich,öffentlich,öffentlich,False,True,True,both_TN
de,öfter,öfter,öfter,öfter,False,True,True,both_TN
de,übelst,übelst,übelst,übelst,False,True,True,both_TN
de,über,über,über,über,False,True,True,both_TN
de,überemotional,überemotional,überemotional,überemotional,False,True,True,both_TN
de,überhaupt,überhaupt,überhaupt,überhaupt,False,True,True,both_TN
de,überlastet,überlastet,überlastet,überlastet,False,True,True,both_TN
de,überleg,überlege,überleg,überleg,True,False,False,both_wrong
de,überlegt,überlegt,überlegt,überlegt,False,True,True,both_TN
de,übernachtet,übernachtet,übernachtet,übernachtet,False,True,True,both_TN
de,übersehen,übersehen,übersehen,übersehen,False,True,True,both_TN
de,übersetz,Übersetz,übersetz,übersetz,True,False,False,both_wrong
de,übertragenen,übertragenen,übertragenen,übertragenen,False,True,True,both_TN
de,übrigens,übrigens,übrigens,übrigens,False,True,True,both_TN
de,İch,Ich,İch,İch,True,False,False,both_wrong
ja,…,… 。,… 。,… 。,True,True,True,both_correct
ja,→,。,→,→,True,False,False,both_wrong
ja,☆,☆,☆,☆,False,True,True,both_TN
de,♥,♥,♥,♥,False,True,True,both_TN
ja,♪,♪,♪,♪,False,True,True,both_TN
ja,、,、,、,、,False,True,True,both_TN
ja,。,。,。,。,False,True,True,both_TN
ja,〇〇,〇〇,〇〇,〇〇,False,True,True,both_TN
ja,「,「,「,「,False,True,True,both_TN
ja,」,」,」,」,False,True,True,both_TN
ja,『,『,『,『,False,True,True,both_TN
ja,』,』,』,』,False,True,True,both_TN
ja,〜,,,〜,True,True,False,A_only_correct
ja,ぁるのになぁって,と,あるのにな,ぁるのになぁと,True,False,False,both_wrong
ja,あ,あ,あ,あ,False,True,True,both_TN
ja,あぁ,ああ,ああ,あぁ,True,True,False,A_only_correct
ja,ああ,ああ,ああ,ああ,False,True,True,both_TN
ja,ああああ,ああ,あああ,ああああ,True,False,False,both_wrong
ja,あいみょん,あいみょん,あいみょん,あいみょん,False,True,True,both_TN
ja,あけましておめでとうございます,あけましておめでとうございます,あけましておめでとう,あけましておめでとう,False,False,False,both_FP
ja,あたたか,あたたか,あたたか,あたたか,False,True,True,both_TN
ja,あたり,あたり,あたり,あたり,False,True,True,both_TN
ja,あっ,あっ,あっ,あっ,False,True,True,both_TN
ja,あったかいんだから,あったかい の だ から,あったかいんだから,あったかいんだから,True,False,False,both_wrong
ja,あと,あと,あと,あと,False,True,True,both_TN
ja,あなた,あなた,あなた,あなた,False,True,True,both_TN
ja,あなたにあげる,あなたにあげる,あなたにあげる,あなたにあげる,False,True,True,both_TN
ja,あの,あの,あの,あの,False,True,True,both_TN
ja,あまり,あまり,あまり,あまり,False,True,True,both_TN
ja,あり,あり,あり,あり,False,True,True,both_TN
ja,ありがたい,ありがたい,ありがたい,ありがたい,False,True,True,both_TN
ja,ありがたみ,ありがたみ,ありがたみ,ありがたみ,False,True,True,both_TN
ja,ありがとう,ありがとう,ありがとう,ありがとう,False,True,True,both_TN
ja,ありません,ありません,ありません,ありません,False,True,True,both_TN
ja,ある,ある,ある,ある,False,True,True,both_TN
ja,ある程度,ある程度,ある程度,ある程度,False,True,True,both_TN
ja,あれ,あれ,あれ,あれ,False,True,True,both_TN
ja,あんまり,あまり,あまり,あんまり,True,True,False,A_only_correct
ja,あー,,ああ,ある,True,False,False,both_wrong
ja,い,い,い,い,False,True,True,both_TN
ja,いい,いい,いい,いい,False,True,True,both_TN
ja,いいね,いいね,いいね,いいね,False,True,True,both_TN
ja,いいんじゃない,いい の で は ない,いいんじゃない,いいんじゃない,True,False,False,both_wrong
ja,いう,いう,いう,いう,False,True,True,both_TN
ja,いえ,いえ,いえ,いえ,False,True,True,both_TN
ja,いか,いか,いか,いか,False,True,True,both_TN
ja,いかに,いかに,いかに,いかに,False,True,True,both_TN
ja,いき,いき,いき,いき,False,True,True,both_TN
ja,いく,いく,いく,いく,False,True,True,both_TN
ja,いくら,いくら,いくら,いくら,False,True,True,both_TN
ja,いくらでも,いくらでも,いくらでも,いくらでも,False,True,True,both_TN
ja,いけ,いけ,いけ,いけ,False,True,True,both_TN
ja,いける,いける,いける,いける,False,True,True,both_TN
ja,いこ,いこ,いこ,いこ,False,True,True,both_TN
ja,いただける,いただける,いただける,いただける,False,True,True,both_TN
ja,いちいち,いちいち,いちいち,いちいち,False,True,True,both_TN
ja,いちおう,いちおう,いちおう,いちおう,False,True,True,both_TN
ja,いっ,いっ,いっ,いっ,False,True,True,both_TN
ja,いって,いっ て,いって,いう,True,False,False,both_wrong
ja,いつ,いつ,いつ,いつ,False,True,True,both_TN
ja,いつの間に,いつの間に,いつの間に,いつの間に,False,True,True,both_TN
ja,いつも,いつも,いつも,いつも,False,True,True,both_TN
ja,いひ,いひ,いひ,いひ,False,True,True,both_TN
ja,いまさら,いまさら,いまさら,いまさら,False,True,True,both_TN
ja,いや,いや,いや,いや,False,True,True,both_TN
ja,いやあ,いや,いやあ,いやあ,True,False,False,both_wrong
ja,いやいや,いやいや,いやいや,いやいや,False,True,True,both_TN
ja,いる,いる,いる,いる,False,True,True,both_TN
ja,いろいろ,いろいろ,いろいろ,いろいろ,False,True,True,both_TN
ja,いわゆる,いわゆる,いわゆる,いわゆる,False,True,True,both_TN
ja,う,う,う,う,False,True,True,both_TN
ja,う〜〜〜〜,ううん,う。,う〜〜〜,True,False,False,both_wrong
ja,うえ,うえ,うえ,うえ,False,True,True,both_TN
ja,うさぎ,うさぎ,うさぎ,うさぎ,False,True,True,both_TN
ja,うち,うち,うち,うち,False,True,True,both_TN
ja,うまく,うまく,うまく,うまく,False,True,True,both_TN
ja,うーむ,ううん,ううん,うむ,True,True,False,A_only_correct
ja,うーん,ううん,ううん,うん,True,True,False,A_only_correct
ja,え,え,え,え,False,True,True,both_TN
ja,えー,ええ,え,える,True,False,False,both_wrong
ja,お,お,お,お,False,True,True,both_TN
ja,おい,おい,おい,おい,False,True,True,both_TN
ja,おかげ,おかげ,おかげ,おかげ,False,True,True,both_TN
ja,おかしく,おかしく,おかしく,おかしく,False,True,True,both_TN
ja,おかず,おかず,おかず,おかず,False,True,True,both_TN
ja,おき,おき,おき,おき,False,True,True,both_TN
ja,おしり,おしり,おしり,おしり,False,True,True,both_TN
ja,おじいちゃん,おじいちゃん,おじいちゃん,おじいちゃん,False,True,True,both_TN
ja,おすすめ,おすすめ,おすすめ,おすすめ,False,True,True,both_TN
ja,おっ,居,おっ,おっ,True,False,False,both_wrong
ja,おめでとう,おめでとう,おめでとう,おめでとう,False,True,True,both_TN
ja,おもちゃ,おもちゃ,おもちゃ,おもちゃ,False,True,True,both_TN
ja,おや,おや,おや,おや,False,True,True,both_TN
ja,おり,おり,おり,おり,False,True,True,both_TN
ja,おれ,おれ,おれ,おれ,False,True,True,both_TN
ja,お久しぶり,お久しぶり,お久しぶり,お久しぶり,False,True,True,both_TN
ja,お互い,お互い,お互い,お互い,False,True,True,both_TN
ja,お仕事,お仕事,お仕事,お仕事,False,True,True,both_TN
ja,お出かけ,お出かけ,お出かけ,お出かけ,False,True,True,both_TN
ja,お前,お前,お前,お前,False,True,True,both_TN
ja,お姉様,お姉様,お姉様,お姉様,False,True,True,both_TN
ja,お疲れ様,お疲れ様,お疲れ様,お疲れ様,False,True,True,both_TN
ja,お祝い,お祝い,お祝い,お祝い,False,True,True,both_TN
ja,お腹,お腹,お腹,お腹,False,True,True,both_TN
ja,お茶,お茶,お茶,お茶,False,True,True,both_TN
ja,お誕生日おめでとう,お誕生日おめでとう,お誕生日おめでとう,お誕生日おめでとう,False,True,True,both_TN
ja,お金,お金,お金,お金,False,True,True,both_TN
ja,お金持ち,お金持ち,お金持ち,お金持ち,False,True,True,both_TN
ja,お願い,お願い,お願い,お願い,False,True,True,both_TN
ja,か,か,か,か,False,True,True,both_TN
ja,かい,かい,かい,かい,False,True,True,both_TN
ja,かく,かく,かく,かく,False,True,True,both_TN
ja,かけ,かけ,かけ,かけ,False,True,True,both_TN
ja,かける,かける,かける,かける,False,True,True,both_TN
ja,かっこ,格好,格好,かっこ,True,True,False,A_only_correct
ja,かつ,かつ,かつ,かつ,False,True,True,both_TN
ja,かなり,かなり,かなり,かなり,False,True,True,both_TN
ja,かまきり,かまきり,かまきり,かまきり,False,True,True,both_TN
ja,かも,かも,かも,かも,False,True,True,both_TN
ja,から,から,から,から,False,True,True,both_TN
ja,からには,からには,からには,からには,False,True,True,both_TN
ja,かわり,かわり,かわり,かわり,False,True,True,both_TN
ja,が,が,が,が,False,True,True,both_TN
ja,がち,がち,がち,がち,False,True,True,both_TN
ja,がっ,がっ,がっ,がっ,False,True,True,both_TN
ja,がっつり,がっつり,がっつり,がっつり,False,True,True,both_TN
ja,がる,がる,がる,がる,False,True,True,both_TN
ja,き,き,き,き,False,True,True,both_TN
ja,きた,きた,きた,きた,False,True,True,both_TN
ja,きちんと,きちんと,きちんと,きちんと,False,True,True,both_TN
ja,きっ,きっ,きっ,きっ,False,True,True,both_TN
ja,きっと,きっと,きっと,きっと,False,True,True,both_TN
ja,きつい,きつい,きつい,きつい,False,True,True,both_TN
ja,きつね色,きつね色,きつね色,きつね色,False,True,True,both_TN
ja,きらい,きらい,きらい,きらい,False,True,True,both_TN
ja,く,く,く,く,False,True,True,both_TN
ja,くくり,くくり,くくり,くくり,False,True,True,both_TN
ja,ください,ください 。,ください,ください,True,False,False,both_wrong
ja,くっ,食っ,くっ,くっ,True,False,False,both_wrong
ja,くつ,,くつ,くつ,True,False,False,both_wrong
ja,くない,くない,くない,くない,False,True,True,both_TN
ja,くらい,くらい,くらい,くらい,False,True,True,both_TN
ja,くる,くる,くる,くる,False,True,True,both_TN
ja,くれ,くれ,くれ,くれ,False,True,True,both_TN
ja,くれる,くれる,くれる,くれる,False,True,True,both_TN
ja,くー,,くあ,くぼ,True,False,False,both_wrong
ja,ぐちゃぐちゃ,ぐちゃぐちゃ,ぐちゃぐちゃ,ぐちゃぐちゃ,False,True,True,both_TN
ja,ぐるぐる,ぐるぐる,ぐるぐる,ぐるぐる,False,True,True,both_TN
ja,けっきょ,けっきょ,けっきょ,けっきょ,False,True,True,both_TN
ja,けっこう,けっこう,けっこう,けっこう,False,True,True,both_TN
ja,けど,が,が,けど,True,True,False,A_only_correct
ja,こう,こう,こう,こう,False,True,True,both_TN
ja,こういう,こういう,こういう,こういう,False,True,True,both_TN
ja,こうして,こうして,こうして,こうして,False,True,True,both_TN
ja,ここ,ここ,ここ,ここ,False,True,True,both_TN
ja,こそ,こそ,こそ,こそ,False,True,True,both_TN
ja,こち,こち,こち,こち,False,True,True,both_TN
ja,こちら,こちら,こちら,こちら,False,True,True,both_TN
ja,こと,こと,こと,こと,False,True,True,both_TN
ja,この,この,この,この,False,True,True,both_TN
ja,この辺,この辺,この辺,この辺,False,True,True,both_TN
ja,こもっ,こもっ,こもっ,こもっ,False,True,True,both_TN
ja,これ,これ,これ,これ,False,True,True,both_TN
ja,これから,これから,これから,これから,False,True,True,both_TN
ja,これだけ,これだけ,これだけ,これだけ,False,True,True,both_TN
ja,ころ,ころ,ころ,ころ,False,True,True,both_TN
ja,こんな,こんな,こんな,こんな,False,True,True,both_TN
ja,こんなに,こんなに,こんなに,こんなに,False,True,True,both_TN
ja,こ取り,こ取り,こ取り,こ取り,False,True,True,both_TN
ja,ご,ご,ご,ご,False,True,True,both_TN
ja,ござい,ござい,ござい,ござい,False,True,True,both_TN
ja,ごっこ,ごっこ,ごっこ,ごっこ,False,True,True,both_TN
ja,ごっちゃ,ごっちゃ,ごっちゃ,ごっちゃ,False,True,True,both_TN
ja,ご時世,ご時世,ご時世,ご時世,False,True,True,both_TN
ja,ご飯,ご飯,ご飯,ご飯,False,True,True,both_TN
ja,さ,さ,さ,さ,False,True,True,both_TN
ja,さすが,さすが,さすが,さすが,False,True,True,both_TN
ja,さっき,さっき,さっき,さっき,False,True,True,both_TN
ja,さっさと,さっさと,さっさと,さっさと,False,True,True,both_TN
ja,さて,さて,さて,さて,False,True,True,both_TN
ja,さん,さん,さん,さん,False,True,True,both_TN
ja,ざっくり,ざっくり,ざっくり,ざっくり,False,True,True,both_TN
ja,ざる,ざる,ざる,ざる,False,True,True,both_TN
ja,し,し,し,し,False,True,True,both_TN
ja,しか,しか,しか,しか,False,True,True,both_TN
ja,しかし,しかし,しかし,しかし,False,True,True,both_TN
ja,しかも,しかも,しかも,しかも,False,True,True,both_TN
ja,しっかり,しっかり,しっかり,しっかり,False,True,True,both_TN
ja,しない,しない,しない,しない,False,True,True,both_TN
ja,しばらく,しばらく,しばらく,しばらく,False,True,True,both_TN
ja,しまい,しまい,しまい,しまい,False,True,True,both_TN
ja,しまう,しまう,しまう,しまう,False,True,True,both_TN
ja,しまっ,しまっ,しまっ,しまっ,False,True,True,both_TN
ja,しよ,しよ,しよ,しよ,False,True,True,both_TN
ja,しよう,しよう,しよう,しよう,False,True,True,both_TN
ja,しれ,しれ,しれ,しれ,False,True,True,both_TN
ja,しんせい,しんせい,しんせい,しんせい,False,True,True,both_TN
ja,しんどい,しんどい,しんどい,しんどい,False,True,True,both_TN
ja,しんどく,しんどく,しんどく,しんどく,False,True,True,both_TN
ja,じっくり,じっくり,じっくり,じっくり,False,True,True,both_TN
ja,じゃ,で は,で は,で は,True,True,True,both_correct
ja,す,す,す,す,False,True,True,both_TN
ja,すい,すみません,すい,すい,True,False,False,both_wrong
ja,すぎ,すぎ,すぎ,すぎ,False,True,True,both_TN
ja,すぎる,すぎる,すぎる,すぎる,False,True,True,both_TN
ja,すぐ,すぐ,すぐ,すぐ,False,True,True,both_TN
ja,すげ,凄く,すげ,すげ,True,False,False,both_wrong
ja,すでに,すでに,すでに,すでに,False,True,True,both_TN
ja,すべて,すべて,すべて,すべて,False,True,True,both_TN
ja,すら,すら,すら,すら,False,True,True,both_TN
ja,する,する,する,する,False,True,True,both_TN
ja,ず,ず,ず,ず,False,True,True,both_TN
ja,ずっと,ずっと,ずっと,ずっと,False,True,True,both_TN
ja,ずつ,ずつ,ずつ,ずつ,False,True,True,both_TN
ja,ずーっと,ずっと,ずーっと,ずーっと,True,False,False,both_wrong
ja,せ,せ,せ,せ,False,True,True,both_TN
ja,せい,せい,せい,せい,False,True,True,both_TN
ja,せっかく,せっかく,せっかく,せっかく,False,True,True,both_TN
ja,せる,せる,せる,せる,False,True,True,both_TN
ja,ぜんぜん,ぜんぜん,ぜんぜん,ぜんぜん,False,True,True,both_TN
ja,ぜんぶ,ぜんぶ,ぜんぶ,ぜんぶ,False,True,True,both_TN
ja,そ,そう,そう,そ,True,True,False,A_only_correct
ja,そう,そう,そう,そう,False,True,True,both_TN
ja,そういう,そういう,そういう,そういう,False,True,True,both_TN
ja,そういや,そう いえ ば,そういや,そういや,True,False,False,both_wrong
ja,そうすると,そうすると,そうすると,そうすると,False,True,True,both_TN
ja,そこ,そこ,そこ,そこ,False,True,True,both_TN
ja,そして,そして,そして,そして,False,True,True,both_TN
ja,その,その,その,その,False,True,True,both_TN
ja,そのため,そのため,そのため,そのため,False,True,True,both_TN
ja,そのまま,そのまま,そのまま,そのまま,False,True,True,both_TN
ja,そもそも,そもそも,そもそも,そもそも,False,True,True,both_TN
ja,そら,そら,そら,そら,False,True,True,both_TN
ja,それ,それ,それ,それ,False,True,True,both_TN
ja,それだけ,それだけ,それだけ,それだけ,False,True,True,both_TN
ja,それで,それで,それで,それで,False,True,True,both_TN
ja,それなのに,それなのに,それなのに,それなのに,False,True,True,both_TN
ja,そろそろ,そろそろ,そろそろ,そろそろ,False,True,True,both_TN
ja,そんな,そんな,そんな,そんな,False,True,True,both_TN
ja,そんなに,そんなに,そんなに,そんなに,False,True,True,both_TN
ja,ぞ,ぞ,ぞ,ぞ,False,True,True,both_TN
ja,た,た,た,た,False,True,True,both_TN
ja,たい,たい,たい,たい,False,True,True,both_TN
ja,たく,たく,たく,たく,False,True,True,both_TN
ja,たくさん,たくさん,たくさん,たくさん,False,True,True,both_TN
ja,たしかに,たしかに,たしかに,たしかに,False,True,True,both_TN
ja,たた,たた,たた,たた,False,True,True,both_TN
ja,ただ,ただ,ただ,ただ,False,True,True,both_TN
ja,たち,たち,たち,たち,False,True,True,both_TN
ja,たって,い た と,たって,たという,True,False,False,both_wrong
ja,たとえば,たとえば,たとえば,たとえば,False,True,True,both_TN
ja,たどっ,たどっ,たどっ,たどっ,False,True,True,both_TN
ja,たび,たび,たび,たび,False,True,True,both_TN
ja,たぶん,たぶん,たぶん,たぶん,False,True,True,both_TN
ja,たま,たま,たま,たま,False,True,True,both_TN
ja,たまたま,たまたま,たまたま,たまたま,False,True,True,both_TN
ja,たまに,たまに,たまに,たまに,False,True,True,both_TN
ja,ため,ため,ため,ため,False,True,True,both_TN
ja,たら,たら,たら,たら,False,True,True,both_TN
ja,たり,たり,たり,たり,False,True,True,both_TN
ja,だ,だ,だ,だ,False,True,True,both_TN
ja,だいたい,だいたい,だいたい,だいたい,False,True,True,both_TN
ja,だいぶ,だいぶ,だいぶ,だいぶ,False,True,True,both_TN
ja,だから,だから,だから,だから,False,True,True,both_TN
ja,だけ,だけ,だけ,だけ,False,True,True,both_TN
ja,だっ,だっ,だっ,だっ,False,True,True,both_TN
ja,だって,だって,だって,だって,False,True,True,both_TN
ja,だまし,だまし,だまし,だまし,False,True,True,both_TN
ja,だり,だり,だり,だり,False,True,True,both_TN
ja,だろ,だろ,だろ,だろ,False,True,True,both_TN
ja,ちなみに,ちなみに,ちなみに,ちなみに,False,True,True,both_TN
ja,ちゃ,て,て しまっ,ちゃ,True,False,False,both_wrong
ja,ちゃんと,ちゃんと,ちゃんと,ちゃんと,False,True,True,both_TN
ja,ちょっと,ちょっと,ちょっと,ちょっと,False,True,True,both_TN
ja,ちらほら,ちらほら,ちらほら,ちらほら,False,True,True,both_TN
ja,っ,,っ,っ,True,False,False,both_wrong
ja,っけ,っけ,っけ,っけ,False,True,True,both_TN
ja,ったく,,ったく,ったく,True,False,False,both_wrong
ja,って,は,と,と,True,False,False,both_wrong
ja,っていう,という,という,という,True,True,True,both_correct
ja,っぽい,の よう な,という,っぽい,True,False,False,both_wrong
ja,つい,つい,つい,つい,False,True,True,both_TN
ja,ついに,ついに,ついに,ついに,False,True,True,both_TN
ja,つく,つく,つく,つく,False,True,True,both_TN
ja,つけ,つけ,つけ,つけ,False,True,True,both_TN
ja,つけたり,つけたり,つけたり,つけたり,False,True,True,both_TN
ja,つつ,つつ,つつ,つつ,False,True,True,both_TN
ja,つまり,つまり,つまり,つまり,False,True,True,both_TN
ja,つもり,つもり,つもり,つもり,False,True,True,both_TN
ja,づけ,づけ,づけ,づけ,False,True,True,both_TN
ja,て,て,て,て,False,True,True,both_TN
ja,ていいん,い て いい の,て いいん,て いいん,True,False,False,both_wrong
ja,てぇ,たい,て,て いう,True,False,False,both_wrong
ja,てした,し て い た,てした,て した,True,False,False,both_wrong
ja,てる,て いる,て いる,て いる,True,True,True,both_correct
ja,てれ,て いれ,て いれ,て いれ,True,True,True,both_correct
ja,で,で,で,で,False,True,True,both_TN
ja,でき,でき,でき,でき,False,True,True,both_TN
ja,できる,できる,できる,できる,False,True,True,both_TN
ja,でし,でし,でし,でし,False,True,True,both_TN
ja,でしょ,でしょ,でしょ,でしょ,False,True,True,both_TN
ja,です,です,です,です,False,True,True,both_TN
ja,では,では,では,では,False,True,True,both_TN
ja,でも,でも,でも,でも,False,True,True,both_TN
ja,でる,で,で いる,でる,True,False,False,both_wrong
ja,でーん,デンマーク,です,です,True,False,False,both_wrong
ja,と,と,と,と,False,True,True,both_TN
ja,という,という,という,という,False,True,True,both_TN
ja,といった,といった,といった,といった,False,True,True,both_TN
ja,とか,とか,とか,とか,False,True,True,both_TN
ja,とき,とき,とき,とき,False,True,True,both_TN
ja,とこ,所,ところ,とこ,True,False,False,both_wrong
ja,ところ,ところ,ところ,ところ,False,True,True,both_TN
ja,として,として,として,として,False,True,True,both_TN
ja,とても,とても,とても,とても,False,True,True,both_TN
ja,とにかく,とにかく,とにかく,とにかく,False,True,True,both_TN
ja,とはいえ,とはいえ,とはいえ,とはいえ,False,True,True,both_TN
ja,とら,とら,て いら,とら,False,False,True,B_fixed_FP
ja,とりあえず,とりあえず,とりあえず,とりあえず,False,True,True,both_TN
ja,とー,と,という,とぼ,True,False,False,both_wrong
ja,どう,どう,どう,どう,False,True,True,both_TN
ja,どうせ,どうせ,どうせ,どうせ,False,True,True,both_TN
ja,どうでしょう,どうでしょう,どうでしょう,どうでしょう,False,True,True,both_TN
ja,どうにか,どうにか,どうにか,どうにか,False,True,True,both_TN
ja,どうぶつの森,どうぶつの森,どうぶつの森,どうぶつの森,False,True,True,both_TN
ja,どこ,どこ,どこ,どこ,False,True,True,both_TN
ja,どこか,どこか,どこか,どこか,False,True,True,both_TN
ja,どころか,どころか,どころか,どころか,False,True,True,both_TN
ja,どちら,どちら,どちら,どちら,False,True,True,both_TN
ja,どなた,どなた,どなた,どなた,False,True,True,both_TN
ja,どの,どの,どの,どの,False,True,True,both_TN
ja,どれ,どれ,どれ,どれ,False,True,True,both_TN
ja,どんな,どんな,どんな,どんな,False,True,True,both_TN
ja,どー,どうしても,どう,どっ,True,False,False,both_wrong
ja,な,な,な,な,False,True,True,both_TN
ja,なぁ,な,な,なぁ,True,True,False,A_only_correct
ja,なあ,な,な,なあ,True,True,False,A_only_correct
ja,ない,ない,ない,ない,False,True,True,both_TN
ja,なお,なお,なお,なお,False,True,True,both_TN
ja,なかっ,なかっ,なかっ,なかっ,False,True,True,both_TN
ja,なかなか,なかなか,なかなか,なかなか,False,True,True,both_TN
ja,ながら,ながら,ながら,ながら,False,True,True,both_TN
ja,なきゃ,なけれ ば,なけれ ば,なきゃ,True,True,False,A_only_correct
ja,なく,なく,なく,なく,False,True,True,both_TN
ja,なくなる,なくなる,なくなる,なくなる,False,True,True,both_TN
ja,なけれ,なけれ,なけれ,なけれ,False,True,True,both_TN
ja,なさい,なさい 。,なさい,なさい,True,False,False,both_wrong
ja,なし,なし,なし,なし,False,True,True,both_TN
ja,なぜ,なぜ,なぜ,なぜ,False,True,True,both_TN
ja,なぜなぜ分析,なぜなぜ分析,なぜなぜ分析,なぜなぜ分析,False,True,True,both_TN
ja,なっ,なっ,なっ,なっ,False,True,True,both_TN
ja,なっちゃん,なっちゃん,なっちゃん,なっちゃん,False,True,True,both_TN
ja,など,など,など,など,False,True,True,both_TN
ja,なのは,なのは,なのは,なのは,False,True,True,both_TN
ja,なら,なら,なら,なら,False,True,True,both_TN
ja,なり,なり,なり,なり,False,True,True,both_TN
ja,なる,なる,なる,なる,False,True,True,both_TN
ja,なれ,なれ,なれ,なれ,False,True,True,both_TN
ja,なん,なに,なん,なん,True,False,False,both_wrong
ja,なんだか,なんだか,なんだか,なんだか,False,True,True,both_TN
ja,なんて,なんて,なんて,なんて,False,True,True,both_TN
ja,なんと,なんと,なんと,なんと,False,True,True,both_TN
ja,なんとか,なんとか,なんとか,なんとか,False,True,True,both_TN
ja,なんとなく,なんとなく,なんとなく,なんとなく,False,True,True,both_TN
ja,なんにも,何 も,なんにも,なんにも,True,False,False,both_wrong
ja,なー,な,ね,ない,True,False,False,both_wrong
ja,なーーー,ね,なーーー,なーー,True,False,False,both_wrong
ja,に,に,に,に,False,True,True,both_TN
ja,において,において,において,において,False,True,True,both_TN
ja,にじみ出,にじみ出,にじみ出,にじみ出,False,True,True,both_TN
ja,について,について,について,について,False,True,True,both_TN
ja,にて,にて,にて,にて,False,True,True,both_TN
ja,にとって,にとって,にとって,にとって,False,True,True,both_TN
ja,にも,にも,にも,にも,False,True,True,both_TN
ja,にゃあ,にゃあ,にゃあ,にゃあ,False,True,True,both_TN
ja,によって,によって,によって,によって,False,True,True,both_TN
ja,による,によります,による,による,True,False,False,both_wrong
ja,に対して,に対して,に対して,に対して,False,True,True,both_TN
ja,に物,に物,に物,に物,False,True,True,both_TN
ja,に関する,に関する,に関する,に関する,False,True,True,both_TN
ja,ぬ,ない,ぬ,ぬ,True,False,False,both_wrong
ja,ぬか漬け,ぬか漬け,ぬか漬け,ぬか漬け,False,True,True,both_TN
ja,ね,ね,ね,ね,False,True,True,both_TN
ja,ねぇ,ない,ね,ねぇ,True,False,False,both_wrong
ja,ねえ,ね,ね,ねえ,True,True,False,A_only_correct
ja,ねーる,寝る,ね,ねる,True,False,False,both_wrong
ja,の,の,の,の,False,True,True,both_TN
ja,ので,ので,ので,ので,False,True,True,both_TN
ja,のに,のに,のに,のに,False,True,True,both_TN
ja,のんびり,のんびり,のんびり,のんびり,False,True,True,both_TN
ja,は,は,は,は,False,True,True,both_TN
ja,はいい,はいい,はいい,はいい,False,True,True,both_TN
ja,はず,はず,はず,はず,False,True,True,both_TN
ja,ば,ば,ば,ば,False,True,True,both_TN
ja,ばい,ない,ばい,ばい,True,False,False,both_wrong
ja,ばかり,ばかり,ばかり,ばかり,False,True,True,both_TN
ja,ばっち,ばっち,ばちゃくちゃ,ばっち,False,False,True,B_fixed_FP
ja,ばっちいいいいいいいい,ばっちい,ばっちいいいいいいい,ばっちいいいいいいい,True,False,False,both_wrong
ja,ひえ,ひえ,ひえ,ひえ,False,True,True,both_TN
ja,ひしひし,ひしひし,ひしひし,ひしひし,False,True,True,both_TN
ja,ひたすら,ひたすら,ひたすら,ひたすら,False,True,True,both_TN
ja,ひとつ,ひとつ,ひとつ,ひとつ,False,True,True,both_TN
ja,ひやっと,ひやっと,ひやっと,ひやっと,False,True,True,both_TN
ja,ふぁ,ふぁ,ふあ,ふぁ,False,False,True,B_fixed_FP
ja,ふくらはぎ,ふくらはぎ,ふくらはぎ,ふくらはぎ,False,True,True,both_TN
ja,ふと,ふと,ふと,ふと,False,True,True,both_TN
ja,ぶり,ぶり,ぶり,ぶり,False,True,True,both_TN
ja,へ,へ 。,へ,へ,True,False,False,both_wrong
ja,へえ,へえ,へえ,へえ,False,True,True,both_TN
ja,へー,へえ,へっ,へい,True,False,False,both_wrong
ja,ほしい,ほしい,ほしい,ほしい,False,True,True,both_TN
ja,ほじくら,ほじくら,ほじくら,ほじくら,False,True,True,both_TN
ja,ほとんど,ほとんど,ほとんど,ほとんど,False,True,True,both_TN
ja,ほど,ほど,ほど,ほど,False,True,True,both_TN
ja,ほぼ,ほぼ,ほぼ,ほぼ,False,True,True,both_TN
ja,ぼ,ぼ,ぼ,ぼ,False,True,True,both_TN
ja,ま,,ます,ま,True,False,False,both_wrong
ja,まぁ,まあ,まあ,まぁ,True,True,False,A_only_correct
ja,まあ,まあ,まあ,まあ,False,True,True,both_TN
ja,まいにちスペイン語,まいにちスペイン語,まいにちスペイン語,まいにちスペイン語,False,True,True,both_TN
ja,まくる,まくる,まくる,まくる,False,True,True,both_TN
ja,まさか,まさか,まさか,まさか,False,True,True,both_TN
ja,まさに,まさに,まさに,まさに,False,True,True,both_TN
ja,まし,まし,まし,まし,False,True,True,both_TN
ja,ましてや,ましてや,ましてや,ましてや,False,True,True,both_TN
ja,ましょ,ましょ,ましょ,ましょ,False,True,True,both_TN
ja,ます,ます,ます,ます,False,True,True,both_TN
ja,まず,まず,まず,まず,False,True,True,both_TN
ja,まずは,まずは,まずは,まずは,False,True,True,both_TN
ja,ませ,ませ,ませ,ませ,False,True,True,both_TN
ja,まだ,まだ,まだ,まだ,False,True,True,both_TN
ja,まだまだ,まだまだ,まだまだ,まだまだ,False,True,True,both_TN
ja,まったく,まったく,まったく,まったく,False,True,True,both_TN
ja,まつれ,まつれ,まつれ,まつれ,False,True,True,both_TN
ja,まで,まで,まで,まで,False,True,True,both_TN
ja,まとまっ,まとまっ,まとまっ,まとまっ,False,True,True,both_TN
ja,まとめ,まとめ,まとめ,まとめ,False,True,True,both_TN
ja,まとめ記事,まとめ記事,まとめ記事,まとめ記事,False,True,True,both_TN
ja,まま,まま,まま,まま,False,True,True,both_TN
ja,ままならない,ままならない,ままならない,ままならない,False,True,True,both_TN
ja,まるっ,まるっ,まるっ,まるっ,False,True,True,both_TN
ja,み,み,み,み,False,True,True,both_TN
ja,みたい,みたい,みたい,みたい,False,True,True,both_TN
ja,みる,みる,みる,みる,False,True,True,both_TN
ja,みんな,みんな,みんな,みんな,False,True,True,both_TN
ja,み本,み本,み本,み本,False,True,True,both_TN
ja,む,,む,む,True,False,False,both_wrong
ja,むしろ,むしろ,むしろ,むしろ,False,True,True,both_TN
ja,めちゃくちゃ,めちゃくちゃ,めちゃくちゃ,めちゃくちゃ,False,True,True,both_TN
ja,めまい,めまい,めまい,めまい,False,True,True,both_TN
ja,も,も,も,も,False,True,True,both_TN
ja,もう,もう,もう,もう,False,True,True,both_TN
ja,もう少し,もう少し,もう少し,もう少し,False,True,True,both_TN
ja,もし,もし,もし,もし,False,True,True,both_TN
ja,もしかして,もしかして,もしかして,もしかして,False,True,True,both_TN
ja,もち,もち,もち,もち,False,True,True,both_TN
ja,もちろん,もちろん,もちろん,もちろん,False,True,True,both_TN
ja,もっ,もっ,もっ,もっ,False,True,True,both_TN
ja,もっと,もっと,もっと,もっと,False,True,True,both_TN
ja,もっぱら,もっぱら,もっぱら,もっぱら,False,True,True,both_TN
ja,もの,もの,もの,もの,False,True,True,both_TN
ja,もらう,もらう,もらう,もらう,False,True,True,both_TN
ja,もらえ,もらえ,もらえ,もらえ,False,True,True,both_TN
ja,もらえる,もらえる,もらえる,もらえる,False,True,True,both_TN
ja,もらお,もらお,もらお,もらお,False,True,True,both_TN
ja,もらっ,もらっ,もらっ,もらっ,False,True,True,both_TN
ja,もん,もの,もの,もの,True,True,True,both_correct
ja,もー,もう,もう,もっ,True,True,False,A_only_correct
ja,や,や,です,や,False,False,True,B_fixed_FP
ja,やけに,やけに,やけに,やけに,False,True,True,both_TN
ja,やす,やす,やす,やす,False,True,True,both_TN
ja,やっ,やっ,やっ,やっ,False,True,True,both_TN
ja,やっぱり,やはり,やはり,やはり,True,True,True,both_correct
ja,やつ,やつ,やつ,やつ,False,True,True,both_TN
ja,やはり,やはり,やはり,やはり,False,True,True,both_TN
ja,やめ,やめ,やめ,やめ,False,True,True,both_TN
ja,やら,やら,やら,やら,False,True,True,both_TN
ja,やり,やり,やり,やり,False,True,True,both_TN
ja,やり方,やり方,やり方,やり方,False,True,True,both_TN
ja,やる,やる,やる,やる,False,True,True,both_TN
ja,やる気,やる気,やる気,やる気,False,True,True,both_TN
ja,やれ,やれ,やれ,やれ,False,True,True,both_TN
ja,やれる,やれる,やれる,やれる,False,True,True,both_TN
ja,ゆっくり,ゆっくり,ゆっくり,ゆっくり,False,True,True,both_TN
ja,よ,よ,よ,よ,False,True,True,both_TN
ja,よう,よう,よう,よう,False,True,True,both_TN
ja,ようこそ,ようこそ,ようこそ,ようこそ,False,True,True,both_TN
ja,ようやく,ようやく,ようやく,ようやく,False,True,True,both_TN
ja,よく,よく,よく,よく,False,True,True,both_TN
ja,より,より,より,より,False,True,True,both_TN
ja,よろしくお願いします,よろしくお願いします,よろしくお願いします,よろしくお願いします,False,True,True,both_TN
ja,られ,られ,られ,られ,False,True,True,both_TN
ja,り,り,り,り,False,True,True,both_TN
ja,るる,ます,るる,るる,True,False,False,both_wrong
ja,れ,れ,れ,れ,False,True,True,both_TN
ja,れる,れる,れる,れる,False,True,True,both_TN
ja,れれ,れれ,れれ,れれ,False,True,True,both_TN
ja,わ,,わ,わ,True,False,False,both_wrong
ja,わあ,わあ,わあ,わあ,False,True,True,both_TN
ja,わかり,わかり,わかり,わかり,False,True,True,both_TN
ja,わかる,わかる,わかる,わかる,False,True,True,both_TN
ja,わが,が,わが,わが,True,False,False,both_wrong
ja,わがまま,わがまま,わがまま,わがまま,False,True,True,both_TN
ja,わけ,わけ,わけ,わけ,False,True,True,both_TN
ja,わたし,私,わたし,わたし,True,False,False,both_wrong
ja,を,を,を,を,False,True,True,both_TN
ja,ん,の,の,の,True,True,True,both_correct
ja,アイコン,アイコン,アイコン,アイコン,False,True,True,both_TN
ja,アウト,アウト,アウト,アウト,False,True,True,both_TN
ja,アカ,アカウント,アカ,アカ,True,False,False,both_wrong
ja,アナ,アナ,アナルアナルアナルア,アナ,False,False,True,B_fixed_FP
ja,アナと雪の女王2,アナと雪の女王2,アナと雪の女王2,アナと雪の女王2,False,True,True,both_TN
ja,アニメ,アニメ,アニメ,アニメ,False,True,True,both_TN
ja,アプリ,アプリ,アプリ,アプリ,False,True,True,both_TN
ja,アボカド,アボカド,アボカド,アボカド,False,True,True,both_TN
ja,アライ,アライ,アライ,アライ,False,True,True,both_TN
ja,アルカトラズ,アルカトラズ島,アルカトラズ,アルカトラズ,True,False,False,both_wrong
ja,アレ,あれ,アレ,アレ,True,False,False,both_wrong
ja,イケメンイケメン,イケメン と イケメン,イケメンイケメン,イケメンイケメン,True,False,False,both_wrong
ja,イッツ・ア・スモールワールド,イッツ・ア・スモールワールド,イッツ・ア・スモール,イッツ・ア・スモール,False,False,False,both_FP
ja,イノシシ,イノシシ,イノシシ,イノシシ,False,True,True,both_TN
ja,イベント,イベント,イベント,イベント,False,True,True,both_TN
ja,イヤホン,イヤホン,イヤホン,イヤホン,False,True,True,both_TN
ja,インタビュー,インタビュー,インタビュー,インタビュー,False,True,True,both_TN
ja,インターネット,インターネット,インターネット,インターネット,False,True,True,both_TN
ja,インフルエンザ,インフルエンザ,インフルエンザ,インフルエンザ,False,True,True,both_TN
ja,インプット,インプット,インプット,インプット,False,True,True,both_TN
ja,ウィード,ウィード,ウィード,ウィード,False,True,True,both_TN
ja,ウイルス,,ウイルス,ウイルス,True,False,False,both_wrong
ja,ウェポンストーリー,ウェポンストーリー,ウェポンストーリー,ウェポンストーリー,False,True,True,both_TN
ja,ウケ,評判 が,ウケット,ウケ,True,False,False,both_wrong
ja,ウザイ,ウザイ,ウザイ,ウザイ,False,True,True,both_TN
ja,ェ・・・,… 。,ェ・・・,ェ・・・,True,False,False,both_wrong
ja,エシャペ,エシャペ 。,エシャペ,エシャペ,True,False,False,both_wrong
ja,エッセイ,エッセイ,エッセイ,エッセイ,False,True,True,both_TN
ja,エピソード,エピソード,エピソード,エピソード,False,True,True,both_TN
ja,エメ,エメ,エメライル,エメ,False,False,True,B_fixed_FP
ja,エルサ,エルサ,エルサ,エルサ,False,True,True,both_TN
ja,エルサレム,エルサレム,エルサレム,エルサレム,False,True,True,both_TN
ja,オオサンショウウオ,オオサンショウウオ,オオサンショウウオ,オオサンショウウオ,False,True,True,both_TN
ja,オディール,オディール,オディール,オディール,False,True,True,both_TN
ja,オデット,オデット,オデット,オデット,False,True,True,both_TN
ja,オフ,オフ,オフ,オフ,False,True,True,both_TN
ja,オフィス,オフィス,オフィス,オフィス,False,True,True,both_TN
ja,オフィーリア,オフィーリア,オフィーリア,オフィーリア,False,True,True,both_TN
ja,オリーブオイル,オリーブオイル,オリーブオイル,オリーブオイル,False,True,True,both_TN
ja,オレンジ,オレンジ,オレンジ,オレンジ,False,True,True,both_TN
ja,オン,オン,オン,オン,False,True,True,both_TN
ja,オンデマンド,オンデマンド,オンデマンド,オンデマンド,False,True,True,both_TN
ja,オンライン,オンライン,オンライン,オンライン,False,True,True,both_TN
ja,オンラインサロン,オンラインサロン,オンラインサロン,オンラインサロン,False,True,True,both_TN
ja,オールイン,オールイン,オールイン,オールイン,False,True,True,both_TN
ja,カウンター,カウンター,カウンター,カウンター,False,True,True,both_TN
ja,カッコ,格好いい,カッコ,カッコ,True,False,False,both_wrong
ja,カネ,金木研,カネ,カネ,True,False,False,both_wrong
ja,カメラマン,カメラマン,カメラマン,カメラマン,False,True,True,both_TN
ja,カレー,カレー,カレー,カレー,False,True,True,both_TN
ja,カーテンコール,カーテンコール,カーテンコール,カーテンコール,False,True,True,both_TN
ja,カーディガン,カーディガン,カーディガン,カーディガン,False,True,True,both_TN
ja,カード,カード,カード,カード,False,True,True,both_TN
ja,ガレットデロワ,ガレット・デ・ロワ 。,ガレットデロワ,ガレットデロワ,True,False,False,both_wrong
ja,キモツイート,キモい ツイート,キモツイート,キモツイート,True,False,False,both_wrong
ja,キャス,ツイキャス,キャスプレ,キャス,True,False,False,both_wrong
ja,キャッツ,キャッツ,キャッツ,キャッツ,False,True,True,both_TN
ja,キャパ,キャパシティ,キャパクラ,キャパ,True,False,False,both_wrong
ja,キャパオーバー,キャパシティ オーバー,キャパオーバー,キャパオーバー,True,False,False,both_wrong
ja,キャピュレット,キャピュレット,キャピュレット,キャピュレット,False,True,True,both_TN
ja,キャベジン,キャベジン,キャベジン,キャベジン,False,True,True,both_TN
ja,キリスト教,キリスト教,キリスト教,キリスト教,False,True,True,both_TN
ja,キーボード,キーボード,キーボード,キーボード,False,True,True,both_TN
ja,キ君,君,キ君,キ君,True,False,False,both_wrong
ja,ギャグ,ギャグ,ギャグ,ギャグ,False,True,True,both_TN
ja,ギルド,ギルド,ギルド,ギルド,False,True,True,both_TN
ja,クオリティ,クオリティ,クオリティ,クオリティ,False,True,True,both_TN
ja,クソ,クソ,クソ,クソ,False,True,True,both_TN
ja,クラウドソーシング,クラウドソーシング,クラウドソーシング,クラウドソーシング,False,True,True,both_TN
ja,クラクション,クラクション,クラクション,クラクション,False,True,True,both_TN
ja,クリア,クリア,クリア,クリア,False,True,True,both_TN
ja,クリック,クリック,クリック,クリック,False,True,True,both_TN
ja,ゲロ,ゲロ,ゲロ,ゲロ,False,True,True,both_TN
ja,ゲーム,ゲーム,ゲーム,ゲーム,False,True,True,both_TN
ja,ココ・シャネル,ココ・シャネル,ココ・シャネル,ココ・シャネル,False,True,True,both_TN
ja,コスプレ,コスプレ,コスプレ,コスプレ,False,True,True,both_TN
ja,コツコツ,コツコツ,コツコツ,コツコツ,False,True,True,both_TN
ja,コペンハーゲン,コペンハーゲン,コペンハーゲン,コペンハーゲン,False,True,True,both_TN
ja,コミュニケーション,コミュニケーション,コミュニケーション,コミュニケーション,False,True,True,both_TN
ja,コミュニティ,コミュニティ,コミュニティ,コミュニティ,False,True,True,both_TN
ja,コメダ,コメダ珈琲店,コメダ,コメダ,True,False,False,both_wrong
ja,コメント,コメント,コメント,コメント,False,True,True,both_TN
ja,コラム,コラム,コラム,コラム,False,True,True,both_TN
ja,コロナ,コロナ,新型コロナウイルス感,コロナ,False,False,True,B_fixed_FP
ja,コロナウィルス,新型コロナウイルス感染症,新型コロナウィルス感,コロナウィルス,True,False,False,both_wrong
ja,コンセプト,コンセプト,コンセプト,コンセプト,False,True,True,both_TN
ja,コンテニューコイン,コンティニュー コイン,コンテニューコイン,コンテニューコイン,True,False,False,both_wrong
ja,コンテンツ,コンテンツ,コンテンツ,コンテンツ,False,True,True,both_TN
ja,コンディション,コンディション,コンディション,コンディション,False,True,True,both_TN
ja,コーヒー,コーヒー,コーヒー,コーヒー,False,True,True,both_TN
ja,コーラ,コーラ,コーラ,コーラ,False,True,True,both_TN
ja,コールドブリュー,コールドブリュー,コールドブリュー,コールドブリュー,False,True,True,both_TN
ja,サイケ,サイケデリック,サイケ,サイケ,True,False,False,both_wrong
ja,サイケデリックス,サイケデリックス,サイケデリックス,サイケデリックス,False,True,True,both_TN
ja,サイト,サイト,サイト,サイト,False,True,True,both_TN
ja,サスペンダー,サスペンダー,サスペンダー,サスペンダー,False,True,True,both_TN
ja,サブカル,サブカルチャー,サブカル,サブカル,True,False,False,both_wrong
ja,サボっ,サボっ,サボっ,サボっ,False,True,True,both_TN
ja,サマーウォーズ,サマーウォーズ,サマーウォーズ,サマーウォーズ,False,True,True,both_TN
ja,サンフランシスコ,サンフランシスコ,サンフランシスコ,サンフランシスコ,False,True,True,both_TN
ja,サークル,サークル,サークル,サークル,False,True,True,both_TN
ja,ザック,ザック,ザック,ザック,False,True,True,both_TN
ja,ザ・コア,ザ・コア,ザ・コア,ザ・コア,False,True,True,both_TN
ja,シナモンロール,シナモンロール,シナモンロール,シナモンロール,False,True,True,both_TN
ja,シャネル,シャネル,シャネル,シャネル,False,True,True,both_TN
ja,ショートケーキ,ショートケーキ,ショートケーキ,ショートケーキ,False,True,True,both_TN
ja,シングル,シングル,シングル,シングル,False,True,True,both_TN
ja,シーン,シーン,シーン,シーン,False,True,True,both_TN
ja,ジブリ,ジブリ,ジブリ,ジブリ,False,True,True,both_TN
ja,ジュースキント,パトリック・ジュースキント,ジュースキント,ジュースキント,True,False,False,both_wrong
ja,ジョーカー,ジョーカー,ジョーカー,ジョーカー,False,True,True,both_TN
ja,スキ,スキ,スキ,スキ,False,True,True,both_TN
ja,スキップ,スキップ,スキップ,スキップ,False,True,True,both_TN
ja,スクショ,スクリーンショット,スクショ,スクショ,True,False,False,both_wrong
ja,スタイル,スタイル,スタイル,スタイル,False,True,True,both_TN
ja,スターバックス,スターバックス,スターバックス,スターバックス,False,True,True,both_TN
ja,ストレス,ストレス,ストレス,ストレス,False,True,True,both_TN
ja,ストーリー,ストーリー,ストーリー,ストーリー,False,True,True,both_TN
ja,スパチャ,スーパーチャット,スパチャ,スパチャ,True,False,False,both_wrong
ja,スピ,スピリチュアル な,スピード,スピートレールートレ,True,False,False,both_wrong
ja,スペイン,スペイン,スペイン,スペイン,False,True,True,both_TN
ja,スペイン語,スペイン語,スペイン語,スペイン語,False,True,True,both_TN
ja,スペース,スペース,スペース,スペース,False,True,True,both_TN
ja,スポーツ,スポーツ,スポーツ,スポーツ,False,True,True,both_TN
ja,スマホ,スマートフォン,スマートフォン,スマホ,True,True,False,A_only_correct
ja,スリー,スリー,スリー,スリー,False,True,True,both_TN
ja,スーパー,スーパー,スーパー,スーパー,False,True,True,both_TN
ja,セオリー,セオリー,セオリー,セオリー,False,True,True,both_TN
ja,セリフ,セリフ,セリフ,セリフ,False,True,True,both_TN
ja,ゼウベ,ゼウベ,ゼウベ,ゼウベ,False,True,True,both_TN
ja,ゼミ,ゼミ,ゼミ,ゼミ,False,True,True,both_TN
ja,ゼロ,ゼロ,ゼロ,ゼロ,False,True,True,both_TN
ja,ゼロ・グラビティ,ゼロ・グラビティ,ゼロ・グラビティ,ゼロ・グラビティ,False,True,True,both_TN
ja,ソラリス,ソラリス,ソラリス,ソラリス,False,True,True,both_TN
ja,ソルティライチ,ソルティライチ,ソルティライチ,ソルティライチ,False,True,True,both_TN
ja,ソース,ソース,ソース,ソース,False,True,True,both_TN
ja,タイトル,タイトル,タイトル,タイトル,False,True,True,both_TN
ja,タイプ,タイプ,タイプ,タイプ,False,True,True,both_TN
ja,タクシー代,タクシー代,タクシー代,タクシー代,False,True,True,both_TN
ja,タスク,タスク,タスク,タスク,False,True,True,both_TN
ja,タスクマネージャー,タスクマネージャー,タスクマネージャー,タスクマネージャー,False,True,True,both_TN
ja,タバコ,タバコ,タバコ,タバコ,False,True,True,both_TN
ja,ターン,ターン,ターン,ターン,False,True,True,both_TN
ja,ダボダボ,ダボダボ,ダボダボ,ダボダボ,False,True,True,both_TN
ja,ダメ,ダメ,ダメ,ダメ,False,True,True,both_TN
ja,ダラダラ,ダラダラ,ダラダラ,ダラダラ,False,True,True,both_TN
ja,チップ,チップ,チップ,チップ,False,True,True,both_TN
ja,チャレンジ,チャレンジ し ます,チャレンジ,チャレンジ,True,False,False,both_wrong
ja,チョコ,チョコレート,チョコ,チョコ,True,False,False,both_wrong
ja,チラチラ,チラチラ,チラチラ,チラチラ,False,True,True,both_TN
ja,ッ,ッ,,っ,False,False,False,both_FP
ja,ツイート,ツイート,ツイート,ツイート,False,True,True,both_TN
ja,テラさん,テラさん,テラさん,テラさん,False,True,True,both_TN
ja,テレビ,テレビ,テレビ,テレビ,False,True,True,both_TN
ja,テーマ,テーマ,テーマ,テーマ,False,True,True,both_TN
ja,ディカプリオ,レオナルド・ディカプリオ,ディカプリオ,ディカプリオ,True,False,False,both_wrong
ja,デザイン,デザイン,デザイン,デザイン,False,True,True,both_TN
ja,デスク,デスク,デスク,デスク,False,True,True,both_TN
ja,トラブル,トラブル,トラブル,トラブル,False,True,True,both_TN
ja,トン,トン,トン,トン,False,True,True,both_TN
ja,ドキュメント72時間,ドキュメント72時間,ドキュメント72時間,ドキュメント72時間,False,True,True,both_TN
ja,ドメインパワー,ドメインパワー,ドメインパワー,ドメインパワー,False,True,True,both_TN
ja,ドラッグオンドラグーン3,ドラッグオンドラグーン3,ドラッグオンドラグー,ドラッグオンドラグー,False,False,False,both_FP
ja,ドロップ,ドロップ,ドロップ,ドロップ,False,True,True,both_TN
ja,ドローン,ドローン,ドローン,ドローン,False,True,True,both_TN
ja,ナイトロ,ナイトロ,ナイトロ,ナイトロ,False,True,True,both_TN
ja,ニート,ニート 。,ニート,ニート,True,False,False,both_wrong
ja,ネコ,ネコ,ネコ,ネコ,False,True,True,both_TN
ja,ネット,ネット,ネット,ネット,False,True,True,both_TN
ja,ネプリ,ネットプリント,ネプリ,ネプリ,True,False,False,both_wrong
ja,ノウハウ,ノウハウ,ノウハウ,ノウハウ,False,True,True,both_TN
ja,ノルウェー,ノルウェー,ノルウェー,ノルウェー,False,True,True,both_TN
ja,ノート,ノート,ノート,ノート,False,True,True,both_TN
ja,ハッピー,ハッピー,ハッピー,ハッピー,False,True,True,both_TN
ja,ハマっ,ハマっ,ハマっ,ハマっ,False,True,True,both_TN
ja,ハマる,ハマる,ハマる,ハマる,False,True,True,both_TN
ja,ハリネズミ,ハリネズミ,ハリネズミ,ハリネズミ,False,True,True,both_TN
ja,ハローワーク,ハローワーク,ハローワーク,ハローワーク,False,True,True,both_TN
ja,ハンサム,ハンサム,ハンサム,ハンサム,False,True,True,both_TN
ja,ハンドルネーム,ハンドルネーム,ハンドルネーム,ハンドルネーム,False,True,True,both_TN
ja,ハードル,ハードル,ハードル,ハードル,False,True,True,both_TN
ja,バイバイ,バイバイ,バイバイ,バイバイ,False,True,True,both_TN
ja,バキバキ,バキバキ,バキバキ,バキバキ,False,True,True,both_TN
ja,バス,バス,バス,バス,False,True,True,both_TN
ja,バズ,バズ,バズ,バズ,False,True,True,both_TN
ja,バタバタ,バタバタ,バタバタ,バタバタ,False,True,True,both_TN
ja,バター,バター,バター,バター,False,True,True,both_TN
ja,バチッと,バチッと,バチッと,バチッと,False,True,True,both_TN
ja,バックミラー,バックミラー,バックミラー,バックミラー,False,True,True,both_TN
ja,バトル,バトル,バトル,バトル,False,True,True,both_TN
ja,バナナ,バナナ,バナナ,バナナ,False,True,True,both_TN
ja,バリバリ,バリバリ,バリバリ,バリバリ,False,True,True,both_TN
ja,バレエカンパニー,バレエカンパニー,バレエカンパニー,バレエカンパニー,False,True,True,both_TN
ja,パイナップル,パイナップル,パイナップル,パイナップル,False,True,True,both_TN
ja,パチンコ,パチンコ,パチンコ,パチンコ,False,True,True,both_TN
ja,パフォーマンス,パフォーマンス,パフォーマンス,パフォーマンス,False,True,True,both_TN
ja,パリ,パリ,パリ,パリ,False,True,True,both_TN
ja,パワーポイント,パワーポイント,パワーポイント,パワーポイント,False,True,True,both_TN
ja,パンパン,パンパン,パンパン,パンパン,False,True,True,both_TN
ja,パーカー,パーカー,パーカー,パーカー,False,True,True,both_TN
ja,ヒント,ヒント,ヒント,ヒント,False,True,True,both_TN
ja,ビクビク,ビクビク,ビクビク,ビクビク,False,True,True,both_TN
ja,ピカチュウ,ピカチュウ,ピカチュウ,ピカチュウ,False,True,True,both_TN
ja,フォロバ,フォロー バック,フォロバ,フォロバ,True,False,False,both_wrong
ja,フォロワー,フォロワー,フォロワー,フォロワー,False,True,True,both_TN
ja,フォロー,フォロー,フォロー,フォロー,False,True,True,both_TN
ja,フォールド,フォールド,フォールド,フォールド,False,True,True,both_TN
ja,フラッシュ,フラッシュ,フラッシュ,フラッシュ,False,True,True,both_TN
ja,フリック,フリック,フリック,フリック,False,True,True,both_TN
ja,フリー,フリー,フリー,フリー,False,True,True,both_TN
ja,フルハウス,フルハウス,フルハウス,フルハウス,False,True,True,both_TN
ja,フルーツグラノーラ,フルーツグラノーラ,フルーツグラノーラ,フルーツグラノーラ,False,True,True,both_TN
ja,ブドウ,ブドウ,ブドウ,ブドウ,False,True,True,both_TN
ja,ブラフ,ブラフ,ブラフ,ブラフ,False,True,True,both_TN
ja,ブランコ,ブランコ,ブランコ,ブランコ,False,True,True,both_TN
ja,ブランド,ブランド,ブランド,ブランド,False,True,True,both_TN
ja,ブログ,ブログ,ブログ,ブログ,False,True,True,both_TN
ja,ブロン,ブロン,ブロン,ブロン,False,True,True,both_TN
ja,プラス,プラス,プラス,プラス,False,True,True,both_TN
ja,プレゼンテーション,プレゼンテーション,プレゼンテーション,プレゼンテーション,False,True,True,both_TN
ja,プレッシャー,プレッシャー,プレッシャー,プレッシャー,False,True,True,both_TN
ja,プロ,プロ,プロ,プロ,False,True,True,both_TN
ja,プロセス,プロセス,プロセス,プロセス,False,True,True,both_TN
ja,ヘッダー,ヘッダー,ヘッダー,ヘッダー,False,True,True,both_TN
ja,ヘルシンキ,ヘルシンキ ・ ヴァンター,ヘルシンキ,ヘルシンキ,True,False,False,both_wrong
ja,ベクトル,ベクトル,ベクトル,ベクトル,False,True,True,both_TN
ja,ベジェ曲線,ベジェ曲線,ベジェ曲線,ベジェ曲線,False,True,True,both_TN
ja,ペラペラ,ペラペラ,ペラペラ,ペラペラ,False,True,True,both_TN
ja,ペルソナ,ペルソナ,ペルソナ,ペルソナ,False,True,True,both_TN
ja,ページ,ページ,ページ,ページ,False,True,True,both_TN
ja,ペース,ペース,ペース,ペース,False,True,True,both_TN
ja,ボール,ボール,ボール,ボール,False,True,True,both_TN
ja,ポイント,ポイント,ポイント,ポイント,False,True,True,both_TN
ja,ポエム,ポエム,ポエム,ポエム,False,True,True,both_TN
ja,ポテトサラダ,ポテトサラダ,ポテトサラダ,ポテトサラダ,False,True,True,both_TN
ja,ポリコレ,ポリティカル・コレクトネス,ポリコレ,ポリコレ,True,False,False,both_wrong
ja,ポンコツ,ポンコツ,ポンコツ,ポンコツ,False,True,True,both_TN
ja,ポーカー,ポーカー,ポーカー,ポーカー,False,True,True,both_TN
ja,マイセン,マイセン,マイセン,マイセン,False,True,True,both_TN
ja,マイナス,マイナス,マイナス,マイナス,False,True,True,both_TN
ja,マウント,マウント,マウント,マウント,False,True,True,both_TN
ja,マガジン,マガジン,マガジン,マガジン,False,True,True,both_TN
ja,マヨネーズ,マヨネーズ,マヨネーズ,マヨネーズ,False,True,True,both_TN
ja,ミ,ミ,ミ,ミ,False,True,True,both_TN
ja,ミュート,ミュート,ミュート,ミュート,False,True,True,both_TN
ja,ミーティング,ミーティング,ミーティング,ミーティング,False,True,True,both_TN
ja,ムラ,ムラ,ムラ,ムラ,False,True,True,both_TN
ja,ムンク,ムンク,ムンク,ムンク,False,True,True,both_TN
ja,メガ,メガ,メガ,メガ,False,True,True,both_TN
ja,メッセージ,メッセージ,メッセージ,メッセージ,False,True,True,both_TN
ja,メモリ,メモリ,メモリ,メモリ,False,True,True,both_TN
ja,メロン,メロン,メロン,メロン,False,True,True,both_TN
ja,メンタル,メンタル,メンタル,メンタル,False,True,True,both_TN
ja,メンタルクリニック,メンタルクリニック,メンタルクリニック,メンタルクリニック,False,True,True,both_TN
ja,メール,メール,メール,メール,False,True,True,both_TN
ja,モチベーション,モチベーション,モチベーション,モチベーション,False,True,True,both_TN
ja,モヤモヤ,モヤモヤ,モヤモヤ,モヤモヤ,False,True,True,both_TN
ja,ヤバ,ヤバ,ヤバ,ヤバ,False,True,True,both_TN
ja,ヤバい,ヤバい,ヤバい,ヤバい,False,True,True,both_TN
ja,ヨーグルト,ヨーグルト,ヨーグルト,ヨーグルト,False,True,True,both_TN
ja,ライオン,ライオン,ライオン,ライオン,False,True,True,both_TN
ja,ライティング,ライティング,ライティング,ライティング,False,True,True,both_TN
ja,ライフログ,ライフログ,ライフログ,ライフログ,False,True,True,both_TN
ja,リアル,リアル,リアル,リアル,False,True,True,both_TN
ja,リクルート,リクルート,リクルート,リクルート,False,True,True,both_TN
ja,リスト,リスト,リスト,リスト,False,True,True,both_TN
ja,リフレッシュ,リフレッシュ,リフレッシュ,リフレッシュ,False,True,True,both_TN
ja,レイズ,レイズ,レイズ,レイズ,False,True,True,both_TN
ja,レベル,レベル,レベル,レベル,False,True,True,both_TN
ja,レポート,レポート,レポート,レポート,False,True,True,both_TN
ja,ロケット花火,ロケット花火,ロケット花火,ロケット花火,False,True,True,both_TN
ja,ロミオ,ロミオ,ロミオ,ロミオ,False,True,True,both_TN
ja,ローマ人,ローマ人,ローマ人,ローマ人,False,True,True,both_TN
ja,ロールプレイ,ロールプレイ,ロールプレイ,ロールプレイ,False,True,True,both_TN
ja,ワ,わあ,ワ,ワ,True,False,False,both_wrong
ja,ワクワク,ワクワク,ワクワク,ワクワク,False,True,True,both_TN
ja,ワン,ワン,ワン,ワン,False,True,True,both_TN
ja,ヴァンター,ヴァンター,ヴァンター,ヴァンター,False,True,True,both_TN
ja,ヶ月,ヶ月,ヶ月,ヶ月,False,True,True,both_TN
ja,・,・,,・,False,False,True,B_fixed_FP
ja,ー,,,ー,True,True,False,A_only_correct
ja,ーシノアリスー,ーシノアリスー,ーシノアリスー,ーシノアリスー,False,True,True,both_TN
ja,ーーーー,,ーーーー,ーーー,True,False,False,both_wrong
ko,ㄹㅇ,진짜,진짜,진짜,True,True,True,both_correct
ko,ㅁㅊ놈이네,사람이네,이런이네,노이네,True,False,False,both_wrong
ko,ㅂㅅ들,바보들,이런들,년들,True,False,False,both_wrong
ko,ㅅㄲ가,친구가,이런가,이어가,True,False,False,both_wrong
ko,ㅅㅂ,이런,이런,시년,True,True,False,A_only_correct
ko,ㅆㅅㅌㅊ,매우좋다,이런 이런,이지이,True,False,False,both_wrong
ko,ㅇ,ㅇ,ㅇ,ㅇ,False,True,True,both_TN
ko,ㅇㅇ,응,ㅇㅇ,ㅇㅇ,True,False,False,both_wrong
ko,ㅇㅋ,알겠어,ㅇㅋ,ㅇㅋ,True,False,False,both_wrong
ko,ㅈㄴ,매우,이런,지만,True,False,False,both_wrong
ko,ㅈㄴㅋㄱ,매우ㅋㄱ,이런 이런,지네,True,False,False,both_wrong
ko,ㅈㄹ이고,일이고,이고,지이고,True,False,False,both_wrong
ko,ㅋㅋ,ㅋㅋ,ㅋㅋ,ㅋㅋ,False,True,True,both_TN
ko,ㅋㅋㅄ,ㅋㅋ바보,ㅋㅋㅄ,ㅋㅋㅄ,True,False,False,both_wrong
ko,ㅋㅋㅋ,ㅋㅋㅋ,ㅋㅋㅋ,ㅋㅋㅋ,False,True,True,both_TN
ko,ㅋㅋㅋㅋ,ㅋㅋㅋㅋ,ㅋㅋㅋㅋ,ㅋㅋㅋㅋ,False,True,True,both_TN
ko,ㅋㅋㅋㅋㅋ,ㅋㅋㅋㅋㅋ,ㅋㅋㅋㅋㅋ,ㅋㅋㅋㅋㅋ,False,True,True,both_TN
ko,ㅋㅋㅋㅋㅋㅋ,ㅋㅋㅋㅋㅋㅋ,ㅋㅋㅋㅋㅋㅋ,ㅋㅋㅋㅋㅋㅋㅋ,False,True,False,B_new_FP
ko,ㅋㅋㅋㅋㅋㅋㅋㅋ,ㅋㅋㅋㅋㅋㅋㅋㅋ,ㅋㅋㅋㅋㅋㅋㅋㅋ,ㅋㅋㅋㅋㅋㅋㅋㅋㅋㅋ,False,True,False,B_new_FP
ko,ㅋㅋㅋㅋㅋㅋㅋㅋㅋㅋ,ㅋㅋㅋㅋㅋㅋㅋㅋㅋㅋ,ㅋㅋㅋㅋㅋㅋㅋㅋㅋㅋ,ㅋㅋㅋㅋㅋㅋㅋㅋㅋㅋ,False,True,True,both_TN
ko,ㅋㅋㅋㅋㅋㅋㅋㅋㅋㅋㅋㅋㅋ,ㅋㅋㅋㅋㅋㅋㅋㅋㅋㅋㅋㅋㅋ,ㅋㅋㅋㅋㅋㅋㅋㅋㅋㅋ,ㅋㅋㅋㅋㅋㅋㅋㅋㅋㅋ,False,False,False,both_FP
ko,ㅋㅋㅋㅋㅋㅋㅋㅋㅋㅋㅋㅋㅋㅋㅋㅋ,ㅋㅋㅋㅋㅋㅋㅋㅋㅋㅋㅋㅋㅋㅋㅋㅋ,ㅋㅋㅋㅋㅋㅋㅋㅋㅋㅋ,ㅋㅋㅋㅋㅋㅋㅋㅋㅋㅋ,False,False,False,both_FP
ko,ㅋㅋㅋㅋㅋㅋㅋㅋㅋㅋㅋㅋㅋㅋㅋㅋㅋ,ㅋㅋㅋㅋㅋㅋㅋㅋㅋㅋㅋㅋㅋㅋㅋㅋㅋ,ㅋㅋㅋㅋㅋㅋㅋㅋㅋㅋ,ㅋㅋㅋㅋㅋㅋㅋㅋㅋㅋ,False,False,False,both_FP
ko,ㅋㅋㅋㅋㅋㅋㅋㅋㅋㅋㅋㅋㅋㅋㅋㅋㅋㅋㅋㅋ,ㅋㅋㅋㅋㅋㅋㅋㅋㅋㅋㅋㅋㅋㅋㅋㅋㅋㅋㅋㅋ,ㅋㅋㅋㅋㅋㅋㅋㅋㅋㅋ,ㅋㅋㅋㅋㅋㅋㅋㅋㅋㅋ,False,False,False,both_FP
ko,ㅋㅋㅋㅋㅋㅋㅋㅋㅋㅋㅋㅋㅋㅋㅋㅋㅋㅋㅋㅋㅋㅋㅋㅋㅋㅋㅋㅋㅋㅋㅋ,ㅋㅋㅋㅋㅋㅋㅋㅋㅋㅋㅋㅋㅋㅋㅋㅋㅋㅋㅋㅋㅋㅋㅋㅋㅋㅋㅋㅋㅋㅋㅋ,ㅋㅋㅋㅋㅋㅋㅋㅋㅋㅋ,ㅋㅋㅋㅋㅋㅋㅋㅋㅋㅋ,False,False,False,both_FP
ko,ㅎㅎ,ㅎㅎ,ㅎㅎ,ㅎㅎ,False,True,True,both_TN
ko,ㅎㅎㅎ,ㅎㅎㅎ,ㅎㅎㅎ,ㅎㅎㅎ,False,True,True,both_TN
ko,ㅡㅡ,ㅡㅡ,ㅡㅡ,셜,False,True,False,B_new_FP
ja,一,一,一,一,False,True,True,both_TN
ja,一つ,一つ,一つ,一つ,False,True,True,both_TN
ja,一つ一つ,一つ一つ,一つ一つ,一つ一つ,False,True,True,both_TN
ja,一人,一人,一人,一人,False,True,True,both_TN
ja,一周忌,一周忌,一周忌,一周忌,False,True,True,both_TN
ja,一方的,一方的,一方的,一方的,False,True,True,both_TN
ja,一族,一族,一族,一族,False,True,True,both_TN
ja,一日,一日,一日,一日,False,True,True,both_TN
ja,一日中,一日中,一日中,一日中,False,True,True,both_TN
ja,一時,一時,一時,一時,False,True,True,both_TN
ja,一時的,一時的,一時的,一時的,False,True,True,both_TN
ja,一気に,一気に,一気に,一気に,False,True,True,both_TN
ja,一理,一理,一理,一理,False,True,True,both_TN
ja,一番,一番,一番,一番,False,True,True,both_TN
ja,一緒,一緒,一緒,一緒,False,True,True,both_TN
ja,一緒に,一緒に,一緒に,一緒に,False,True,True,both_TN
ja,一般人,一般人,一般人,一般人,False,True,True,both_TN
ja,一般的,一般的,一般的,一般的,False,True,True,both_TN
ja,一見,一見,一見,一見,False,True,True,both_TN
ja,七つの大罪,七つの大罪,七つの大罪,七つの大罪,False,True,True,both_TN
ja,万,万,万,万,False,True,True,both_TN
ja,万全,万全,万全,万全,False,True,True,both_TN
ja,三,三,三,三,False,True,True,both_TN
ja,上,上,上,上,False,True,True,both_TN
ja,上がり,上がり,上がり,上がり,False,True,True,both_TN
ja,上げ,上げ,上げ,上げ,False,True,True,both_TN
ja,上げる,上げる,上げる,上げる,False,True,True,both_TN
ja,上位,上位,上位,上位,False,True,True,both_TN
ja,上手,上手,上手,上手,False,True,True,both_TN
ja,上手く,上手く,上手く,上手く,False,True,True,both_TN
ja,上映,上映,上映,上映,False,True,True,both_TN
ja,上流,上流,上流,上流,False,True,True,both_TN
ja,下,下,下,下,False,True,True,both_TN
ja,下がっ,下がっ,下がっ,下がっ,False,True,True,both_TN
ja,下がる,下がり,下がる,下がる,True,False,False,both_wrong
ja,下っ,下っ,下っ,下っ,False,True,True,both_TN
ja,下手くそ,下手くそ,下手くそ,下手くそ,False,True,True,both_TN
ja,下校,下校,下校,下校,False,True,True,both_TN
ja,不可抗力,不可抗力,不可抗力,不可抗力,False,True,True,both_TN
ja,不可能,不可能,不可能,不可能,False,True,True,both_TN
ja,不思議,不思議,不思議,不思議,False,True,True,both_TN
ja,不自由,不自由,不自由,不自由,False,True,True,both_TN
ja,不適合,不適合,不適合,不適合,False,True,True,both_TN
ja,世の中,世の中,世の中,世の中,False,True,True,both_TN
ja,世界,世界,世界,世界,False,True,True,both_TN
ja,世界史,世界史,世界史,世界史,False,True,True,both_TN
ja,世間,世間,世間,世間,False,True,True,both_TN
ja,世間体,世間体,世間体,世間体,False,True,True,both_TN
ja,両手,両手,両手,両手,False,True,True,both_TN
ja,中,中,中,中,False,True,True,both_TN
ja,中小企業,中小企業,中小企業,中小企業,False,True,True,both_TN
ja,中心,中心,中心,中心,False,True,True,both_TN
ja,中薬,中薬,中薬,中薬,False,True,True,both_TN
ja,中高,中学校 や 高校,中高,中高,True,False,False,both_wrong
ja,中高生,中学生 、 高校生,中高生,中高生,True,False,False,both_wrong
ja,丸投げ,丸投げ,丸投げ,丸投げ,False,True,True,both_TN
ja,主,主,主,主,False,True,True,both_TN
ja,主力,主力,主力,主力,False,True,True,both_TN
ja,主流,主流,主流,主流,False,True,True,both_TN
ja,主義,主義,主義,主義,False,True,True,both_TN
ja,久々,久々,久々,久々,False,True,True,both_TN
ja,久保田,久保田,久保田,久保田,False,True,True,both_TN
ja,乗っ,乗っ,乗っ,乗っ,False,True,True,both_TN
ja,乗ら,乗ら,乗ら,乗ら,False,True,True,both_TN
ja,九月,九月,九月,九月,False,True,True,both_TN
ja,予定,予定,予定,予定,False,True,True,both_TN
ja,事,事,事,事,False,True,True,both_TN
ja,事前,事前,事前,事前,False,True,True,both_TN
ja,事実上,事実上,事実上,事実上,False,True,True,both_TN
ja,事業,事業,事業,事業,False,True,True,both_TN
ja,交わす,交わす,交わす,交わす,False,True,True,both_TN
ja,交戦,交戦,交戦,交戦,False,True,True,both_TN
ja,交換,交換,交換,交換,False,True,True,both_TN
ja,交通費,交通費,交通費,交通費,False,True,True,both_TN
ja,京,京,京,京,False,True,True,both_TN
ja,京大,京都,京大,京大,True,False,False,both_wrong
ja,京言葉,京言葉,京言葉,京言葉,False,True,True,both_TN
ja,人,人,人,人,False,True,True,both_TN
ja,人たち,人たち,人たち,人たち,False,True,True,both_TN
ja,人員,人員,人員,人員,False,True,True,both_TN
ja,人柄,人柄,人柄,人柄,False,True,True,both_TN
ja,人様,人様,人様,人様,False,True,True,both_TN
ja,人気,人気,人気,人気,False,True,True,both_TN
ja,人生,人生,人生,人生,False,True,True,both_TN
ja,人里,人里,人里,人里,False,True,True,both_TN
ja,人間,人間,人間,人間,False,True,True,both_TN
ja,人間関係,人間関係,人間関係,人間関係,False,True,True,both_TN
ja,今,今,今,今,False,True,True,both_TN
ja,今すぐ,今すぐ,今すぐ,今すぐ,False,True,True,both_TN
ja,今回,今回,今回,今回,False,True,True,both_TN
ja,今夜,今夜,今夜,今夜,False,True,True,both_TN
ja,今年,今年,今年,今年,False,True,True,both_TN
ja,今度,今度,今度,今度,False,True,True,both_TN
ja,今日,今日,今日,今日,False,True,True,both_TN
ja,今日この頃,今日この頃,今日この頃,今日この頃,False,True,True,both_TN
ja,今日は雨,今日は雨,今日は雨,今日は雨,False,True,True,both_TN
ja,今更,今更,今更,今更,False,True,True,both_TN
ja,今朝,今朝,今朝,今朝,False,True,True,both_TN
ja,今週,今週,今週,今週,False,True,True,both_TN
ja,仕事,仕事,仕事,仕事,False,True,True,both_TN
ja,仕掛け,仕掛け,仕掛け,仕掛け,False,True,True,both_TN
ja,仕方,仕方,仕方,仕方,False,True,True,both_TN
ja,仕方がない,仕方がない,仕方がない,仕方がない,False,True,True,both_TN
ja,他,他,他,他,False,True,True,both_TN
ja,他人,他人,他人,他人,False,True,True,both_TN
ja,付き合っ,付き合っ,付き合っ,付き合っ,False,True,True,both_TN
ja,以上,以上,以上,以上,False,True,True,both_TN
ja,以外,以外,以外,以外,False,True,True,both_TN
ja,以来,以来,以来,以来,False,True,True,both_TN
ja,任せ,任せ,任せ,任せ,False,True,True,both_TN
ja,伊坂幸太郎,伊坂幸太郎,伊坂幸太郎,伊坂幸太郎,False,True,True,both_TN
ja,休み,休み,休み,休み,False,True,True,both_TN
ja,休ん,休ん,休ん,休ん,False,True,True,both_TN
ja,休息,休息,休息,休息,False,True,True,both_TN
ja,休日,休日,休日,休日,False,True,True,both_TN
ja,休業,休業,休業,休業,False,True,True,both_TN
ja,休職,休職,休職,休職,False,True,True,both_TN
ja,会っ,会っ,会っ,会っ,False,True,True,both_TN
ja,会社,会社,会社,会社,False,True,True,both_TN
ja,会社員,会社員,会社員,会社員,False,True,True,both_TN
ja,伝記,伝記,伝記,伝記,False,True,True,both_TN
ja,伸ばし,延ばし,伸ばし,伸ばし,True,False,False,both_wrong
ja,伸び,延び,伸び,伸び,True,False,False,both_wrong
ja,位置付け,位置付け,位置付け,位置付け,False,True,True,both_TN
ja,低脂肪乳,低脂肪乳,低脂肪乳,低脂肪乳,False,True,True,both_TN
ja,住ん,住ん,住ん,住ん,False,True,True,both_TN
ja,体調,体調,体調,体調,False,True,True,both_TN
ja,何,何,何,何,False,True,True,both_TN
ja,何かしら,何かしら,何かしら,何かしら,False,True,True,both_TN
ja,何と,何と,何と,何と,False,True,True,both_TN
ja,何にも,何にも,何にも,何にも,False,True,True,both_TN
ja,何より,何より,何より,何より,False,True,True,both_TN
ja,何回,何回,何回,何回,False,True,True,both_TN
ja,余白,余白,余白,余白,False,True,True,both_TN
ja,余裕,余裕,余裕,余裕,False,True,True,both_TN
ja,作っ,作っ,作っ,作っ,False,True,True,both_TN
ja,作ら,作ら,作ら,作ら,False,True,True,both_TN
ja,作る,作る,作る,作る,False,True,True,both_TN
ja,作ろ,作ろ,作ろ,作ろ,False,True,True,both_TN
ja,作品,作品,作品,作品,False,True,True,both_TN
ja,作業,作業,作業,作業,False,True,True,both_TN
ja,作物,作物,作物,作物,False,True,True,both_TN
ja,使いもの,使いもの,使いもの,使いもの,False,True,True,both_TN
ja,使い分け,使い分け,使い分け,使い分け,False,True,True,both_TN
ja,使い方,使い方,使い方,使い方,False,True,True,both_TN
ja,使える,使える,使える,使える,False,True,True,both_TN
ja,侍,侍,侍,侍,False,True,True,both_TN
ja,価値,価値,価値,価値,False,True,True,both_TN
ja,信じ,信じ,信じ,信じ,False,True,True,both_TN
ja,信頼,信頼,信頼,信頼,False,True,True,both_TN
ja,俺,俺,俺,俺,False,True,True,both_TN
ja,個,個,個,個,False,True,True,both_TN
ja,個人,個人,個人,個人,False,True,True,both_TN
ja,個人事業主,個人事業主,個人事業主,個人事業主,False,True,True,both_TN
ja,個別,個別,個別,個別,False,True,True,both_TN
ja,倒れ,倒れ,倒れ,倒れ,False,True,True,both_TN
ja,倒れ込み,倒れ込み,倒れ込み,倒れ込み,False,True,True,both_TN
ja,偉,偉,偉,偉,False,True,True,both_TN
ja,偉い,偉い,偉い,偉い,False,True,True,both_TN
ja,停止,停止,停止,停止,False,True,True,both_TN
ja,側,側,側,側,False,True,True,both_TN
ja,偽っ,偽っ,偽っ,偽っ,False,True,True,both_TN
ja,傷つか,傷つか,傷つか,傷つか,False,True,True,both_TN
ja,働か,働か,働か,働か,False,True,True,both_TN
ja,働き,働き,働き,働き,False,True,True,both_TN
ja,働く,働く,働く,働く,False,True,True,both_TN
ja,僕,僕,僕,僕,False,True,True,both_TN
ja,億,億,億,億,False,True,True,both_TN
ja,優しい,優しい,優しい,優しい,False,True,True,both_TN
ja,優先,優先 し て,優先,優先,True,False,False,both_wrong
ja,元,元,元,元,False,True,True,both_TN
ja,元気,元気,元気,元気,False,True,True,both_TN
ja,兄弟,兄弟,兄弟,兄弟,False,True,True,both_TN
ja,兆し,兆し,兆し,兆し,False,True,True,both_TN
ja,先生,先生,先生,先生,False,True,True,both_TN
ja,先輩,先輩,先輩,先輩,False,True,True,both_TN
ja,光,光,光,光,False,True,True,both_TN
ja,入っ,入っ,入っ,入っ,False,True,True,both_TN
ja,入り,入り,入り,入り,False,True,True,both_TN
ja,入る,入る,入る,入る,False,True,True,both_TN
ja,入れ,入れ,入れ,入れ,False,True,True,both_TN
ja,入れる,入れる,入れる,入れる,False,True,True,both_TN
ja,入力,入力,入力,入力,False,True,True,both_TN
ja,全っ,まったく,全っ,全っ,True,False,False,both_wrong
ja,全て,全て,全て,全て,False,True,True,both_TN
ja,全体,全体,全体,全体,False,True,True,both_TN
ja,全力,全力,全力,全力,False,True,True,both_TN
ja,全国,全国,全国,全国,False,True,True,both_TN
ja,全然,全然,全然,全然,False,True,True,both_TN
ja,全般,全般,全般,全般,False,True,True,both_TN
ja,八方塞がり,八方塞がり,八方塞がり,八方塞がり,False,True,True,both_TN
ja,公演,公演,公演,公演,False,True,True,both_TN
ja,内向,内向,内向,内向,False,True,True,both_TN
ja,再生,再生,再生,再生,False,True,True,both_TN
ja,冗長,冗長,冗長,冗長,False,True,True,both_TN
ja,写真,写真,写真,写真,False,True,True,both_TN
ja,冠詞,冠詞,冠詞,冠詞,False,True,True,both_TN
ja,冬,冬,冬,冬,False,True,True,both_TN
ja,凄い,凄い,凄い,凄い,False,True,True,both_TN
ja,凝っ,凝っ,凝っ,凝っ,False,True,True,both_TN
ja,出,出,出,出,False,True,True,both_TN
ja,出し,出し,出し,出し,False,True,True,both_TN
ja,出して,出し て い,出して,出して,True,False,False,both_wrong
ja,出て,出て,出て,出て,False,True,True,both_TN
ja,出会っ,出会っ,出会っ,出会っ,False,True,True,both_TN
ja,出力,出力,出力,出力,False,True,True,both_TN
ja,出来,出来,出来,出来,False,True,True,both_TN
ja,出来れ,出来れ,出来れ,出来れ,False,True,True,both_TN
ja,分,分,分,分,False,True,True,both_TN
ja,分かっ,分かっ,分かっ,分かっ,False,True,True,both_TN
ja,分から,分から,分から,分から,False,True,True,both_TN
ja,分かり,分かり,分かり,分かり,False,True,True,both_TN
ja,分野,分野,分野,分野,False,True,True,both_TN
ja,切ない,切ない,切ない,切ない,False,True,True,both_TN
ja,切り取っ,切り取っ,切り取っ,切り取っ,False,True,True,both_TN
ja,切符,切符,切符,切符,False,True,True,both_TN
ja,初め,初め,初め,初め,False,True,True,both_TN
ja,初めて,初めて,初めて,初めて,False,True,True,both_TN
ja,初回,初回,初回,初回,False,True,True,both_TN
ja,別,別,別,別,False,True,True,both_TN
ja,到着,到着,到着,到着,False,True,True,both_TN
ja,削除,削除,削除,削除,False,True,True,both_TN
ja,前,前,前,前,False,True,True,both_TN
ja,前向き,前向き,前向き,前向き,False,True,True,both_TN
ja,副業,副業,副業,副業,False,True,True,both_TN
ja,割と,割と,割と,割と,False,True,True,both_TN
ja,割り切っ,割り切っ,割り切っ,割り切っ,False,True,True,both_TN
ja,力,力,力,力,False,True,True,both_TN
ja,加入,加入,加入,加入,False,True,True,both_TN
ja,加点,加点,加点,加点,False,True,True,both_TN
ja,勉強,勉強,勉強,勉強,False,True,True,both_TN
ja,動い,動い,動い,動い,False,True,True,both_TN
ja,動悸,動悸,動悸,動悸,False,True,True,both_TN
ja,動物,動物,動物,動物,False,True,True,both_TN
ja,動画,動画,動画,動画,False,True,True,both_TN
ja,勝っ,勝っ,勝っ,勝っ,False,True,True,both_TN
ja,勝てる,勝て,勝てる,勝てる,True,False,False,both_wrong
ja,勝利,勝利,勝利,勝利,False,True,True,both_TN
ja,勝手,勝手,勝手,勝手,False,True,True,both_TN
ja,勝負事,勝負事,勝負事,勝負事,False,True,True,both_TN
ja,募集,募集,募集,募集,False,True,True,both_TN
ja,化,化,化,化,False,True,True,both_TN
ja,北欧,北欧,北欧,北欧,False,True,True,both_TN
ja,午前中,午前中,午前中,午前中,False,True,True,both_TN
ja,卓,卓,卓,卓,False,True,True,both_TN
ja,単純,単純,単純,単純,False,True,True,both_TN
ja,印,印,印,印,False,True,True,both_TN
ja,印象,印象,印象,印象,False,True,True,both_TN
ja,即興,即興,即興,即興,False,True,True,both_TN
ja,原因,原因,原因,原因,False,True,True,both_TN
ja,参り,参り,参り,参り,False,True,True,both_TN
ja,友人,友人,友人,友人,False,True,True,both_TN
ja,友達,友達,友達,友達,False,True,True,both_TN
ja,反応,反応,反応,反応,False,True,True,both_TN
ja,反映,反映,反映,反映,False,True,True,both_TN
ja,取っ,取っ,取っ,取っ,False,True,True,both_TN
ja,取り組み,取り組み,取り組み,取り組み,False,True,True,both_TN
ja,取る,取る,取る,取る,False,True,True,both_TN
ja,受かり,受かり,受かり,受かり,False,True,True,both_TN
ja,受け,受け,受け,受け,False,True,True,both_TN
ja,受け入れ,受け入れ,受け入れ,受け入れ,False,True,True,both_TN
ja,受け止め,受け止める,受け止め,受け止め,True,False,False,both_wrong
ja,受容,受容,受容,受容,False,True,True,both_TN
ja,口,口,口,口,False,True,True,both_TN
ja,古文,古文,古文,古文,False,True,True,both_TN
ja,叩か,叩か,叩か,叩か,False,True,True,both_TN
ja,可愛,可愛,可愛,可愛,False,True,True,both_TN
ja,可愛い,可愛い,可愛い,可愛い,False,True,True,both_TN
ja,可愛かっ,可愛かっ,可愛かっ,可愛かっ,False,True,True,both_TN
ja,台,台,台,台,False,True,True,both_TN
ja,右折,右折,右折,右折,False,True,True,both_TN
ja,右腕,右腕,右腕,右腕,False,True,True,both_TN
ja,右足,右足,右足,右足,False,True,True,both_TN
ja,号,号,号,号,False,True,True,both_TN
ja,合い,合い,合い,合い,False,True,True,both_TN
ja,合っ,合っ,合っ,合っ,False,True,True,both_TN
ja,合わせ,合わせ,合わせ,合わせ,False,True,True,both_TN
ja,合体,合体,合体,合体,False,True,True,both_TN
ja,同じ,同じ,同じ,同じ,False,True,True,both_TN
ja,同期,同期,同期,同期,False,True,True,both_TN
ja,名,名,名,名,False,True,True,both_TN
ja,名乗り,名乗り,名乗り,名乗り,False,True,True,both_TN
ja,名前,名前,名前,名前,False,True,True,both_TN
ja,名古屋,名古屋,名古屋,名古屋,False,True,True,both_TN
ja,名言集,名言集,名言集,名言集,False,True,True,both_TN
ja,吐い,吐い,吐い,吐い,False,True,True,both_TN
ja,吐き,吐き,吐き,吐き,False,True,True,both_TN
ja,吐き出す,吐き出す,吐き出す,吐き出す,False,True,True,both_TN
ja,向い,向い,向い,向い,False,True,True,both_TN
ja,向か,向か,向か,向か,False,True,True,both_TN
ja,向け,向け,向け,向け,False,True,True,both_TN
ja,向こう,向こう,向こう,向こう,False,True,True,both_TN
ja,君,君,君,君,False,True,True,both_TN
ja,否定,否定,否定,否定,False,True,True,both_TN
ja,含め,含め,含め,含め,False,True,True,both_TN
ja,吸っ,吸っ,吸っ,吸っ,False,True,True,both_TN
ja,周り,周り,周り,周り,False,True,True,both_TN
ja,周辺,周辺,周辺,周辺,False,True,True,both_TN
ja,味,味,味,味,False,True,True,both_TN
ja,味の素,味の素,味の素,味の素,False,True,True,both_TN
ja,呼ぶ,呼ぶ,呼ぶ,呼ぶ,False,True,True,both_TN
ja,呼ん,呼ん,呼ん,呼ん,False,True,True,both_TN
ja,和歌山市民図書館,和歌山市民図書館,和歌山市民図書館,和歌山市民図書館,False,True,True,both_TN
ja,和歌山県民,和歌山県民,和歌山県民,和歌山県民,False,True,True,both_TN
ja,品,品,品,品,False,True,True,both_TN
ja,商品名,商品名,商品名,商品名,False,True,True,both_TN
ja,商売,商売,商売,商売,False,True,True,both_TN
ja,喜ば,喜ば,喜ば,喜ば,False,True,True,both_TN
ja,喧嘩,喧嘩,喧嘩,喧嘩,False,True,True,both_TN
ja,噛ま,噛ま,噛ま,噛ま,False,True,True,both_TN
ja,回,回,回,回,False,True,True,both_TN
ja,回っ,回っ,回っ,回っ,False,True,True,both_TN
ja,回る,回る,回る,回る,False,True,True,both_TN
ja,回復,回復,回復,回復,False,True,True,both_TN
ja,図,図,図,図,False,True,True,both_TN
ja,固まっ,固まっ,固まっ,固まっ,False,True,True,both_TN
ja,国保,国民健康保険,国保,国保,True,False,False,both_wrong
ja,国内,国内,国内,国内,False,True,True,both_TN
ja,国際空港,国際空港,国際空港,国際空港,False,True,True,both_TN
ja,土地,土地,土地,土地,False,True,True,both_TN
ja,土日,土曜日 と 日曜日,土曜日,土日,True,False,False,both_wrong
ja,在宅ワーク,在宅ワーク,在宅ワーク,在宅ワーク,False,True,True,both_TN
ja,地,地,地,地,False,True,True,both_TN
ja,地下,地下,地下,地下,False,True,True,both_TN
ja,地元,地元,地元,地元,False,True,True,both_TN
ja,地獄温泉,地獄温泉,地獄温泉,地獄温泉,False,True,True,both_TN
ja,型,型,型,型,False,True,True,both_TN
ja,埋まっ,埋まっ,埋まっ,埋まっ,False,True,True,both_TN
ja,城,城,城,城,False,True,True,both_TN
ja,執行猶予,執行猶予,執行猶予,執行猶予,False,True,True,both_TN
ja,基づき,基づき,基づき,基づき,False,True,True,both_TN
ja,基本,基本,基本,基本,False,True,True,both_TN
ja,基本的,基本的,基本的,基本的,False,True,True,both_TN
ja,基礎,基礎,基礎,基礎,False,True,True,both_TN
ja,堅く,硬く,堅く,堅く,True,False,False,both_wrong
ja,報いん,報いん,報いん,報いん,False,True,True,both_TN
ja,場,場,場,場,False,True,True,both_TN
ja,場合,場合,場合,場合,False,True,True,both_TN
ja,場所,場所,場所,場所,False,True,True,both_TN
ja,塊,塊,塊,塊,False,True,True,both_TN
ja,塩胡椒,塩胡椒,塩胡椒,塩胡椒,False,True,True,both_TN
ja,増え,増え,増え,増え,False,True,True,both_TN
ja,声,声,声,声,False,True,True,both_TN
ja,売っ,売っ,売っ,売っ,False,True,True,both_TN
ja,変,変,変,変,False,True,True,both_TN
ja,変わっ,変わっ,変わっ,変わっ,False,True,True,both_TN
ja,変わり,変わり,変わり,変わり,False,True,True,both_TN
ja,変化,変化,変化,変化,False,True,True,both_TN
ja,夏,夏,夏,夏,False,True,True,both_TN
ja,夏への扉,夏への扉,夏への扉,夏への扉,False,True,True,both_TN
ja,外,外,外,外,False,True,True,both_TN
ja,外れ,外れ,外れ,外れ,False,True,True,both_TN
ja,多,多,多,多,False,True,True,both_TN
ja,多い,多い,多い,多い,False,True,True,both_TN
ja,多く,多く,多く,多く,False,True,True,both_TN
ja,多め,多め,多め,多め,False,True,True,both_TN
ja,多分,多分,多分,多分,False,True,True,both_TN
ja,夜,夜,夜,夜,False,True,True,both_TN
ja,夜中,夜中,夜中,夜中,False,True,True,both_TN
ja,夜更かし,夜更かし,夜更かし,夜更かし,False,True,True,both_TN
ja,夜風,夜風,夜風,夜風,False,True,True,both_TN
ja,夢,夢,夢,夢,False,True,True,both_TN
ja,夢に,夢に,夢に,夢に,False,True,True,both_TN
ja,大した,大した,大した,大した,False,True,True,both_TN
ja,大丈夫,大丈夫,大丈夫,大丈夫,False,True,True,both_TN
ja,大事,大事,大事,大事,False,True,True,both_TN
ja,大人,大人,大人,大人,False,True,True,both_TN
ja,大叔父,大叔父,大叔父,大叔父,False,True,True,both_TN
ja,大喜利,大喜利,大喜利,大喜利,False,True,True,both_TN
ja,大好き,大好き,大好き,大好き,False,True,True,both_TN
ja,大学,大学,大学,大学,False,True,True,both_TN
ja,大抵,大抵,大抵,大抵,False,True,True,both_TN
ja,大爆笑,大爆笑,大爆笑,大爆笑,False,True,True,both_TN
ja,大発見,大発見,大発見,大発見,False,True,True,both_TN
ja,大魔神,大魔神,大魔神,大魔神,False,True,True,both_TN
ja,天,天,天,天,False,True,True,both_TN
ja,天国,天国,天国,天国,False,True,True,both_TN
ja,太ら,太ら,太ら,太ら,False,True,True,both_TN
ja,太字,太字,太字,太字,False,True,True,both_TN
ja,夫人,夫人,夫人,夫人,False,True,True,both_TN
ja,失格,失格,失格,失格,False,True,True,both_TN
ja,失業率,失業率,失業率,失業率,False,True,True,both_TN
ja,好き,好き,好き,好き,False,True,True,both_TN
ja,好きな人,好きな人,好きな人,好きな人,False,True,True,both_TN
ja,始まり,始まり,始まり,始まり,False,True,True,both_TN
ja,始め,始め,始め,始め,False,True,True,both_TN
ja,姿,姿,姿,姿,False,True,True,both_TN
ja,媒体,媒体,媒体,媒体,False,True,True,both_TN
ja,嫌,嫌,嫌,嫌,False,True,True,both_TN
ja,嫌い,嫌い,嫌い,嫌い,False,True,True,both_TN
ja,嫌わ,嫌わ,嫌わ,嫌わ,False,True,True,both_TN
ja,嬉しい,嬉しい,嬉しい,嬉しい,False,True,True,both_TN
ja,嬉しかっ,嬉しかっ,嬉しかっ,嬉しかっ,False,True,True,both_TN
ja,嬉しく,嬉しく,嬉しく,嬉しく,False,True,True,both_TN
ja,子供,子供,子供,子供,False,True,True,both_TN
ja,子供たち,子供たち,子供たち,子供たち,False,True,True,both_TN
ja,字,字,字,字,False,True,True,both_TN
ja,字面,字面,字面,字面,False,True,True,both_TN
ja,存在,存在,存在,存在,False,True,True,both_TN
ja,存続,存続,存続,存続,False,True,True,both_TN
ja,学ん,学ん,学ん,学ん,False,True,True,both_TN
ja,学校,学校,学校,学校,False,True,True,both_TN
ja,学生,学生,学生,学生,False,True,True,both_TN
ja,学生時代,学生時代,学生時代,学生時代,False,True,True,both_TN
ja,宇宙,宇宙,宇宙,宇宙,False,True,True,both_TN
ja,守ら,守ら,守ら,守ら,False,True,True,both_TN
ja,安全,安全,安全,安全,False,True,True,both_TN
ja,安全性,安全性,安全性,安全性,False,True,True,both_TN
ja,安定,安定,安定,安定,False,True,True,both_TN
ja,完了,完了,完了,完了,False,True,True,both_TN
ja,完全,完全,完全,完全,False,True,True,both_TN
ja,完璧,完璧,完璧,完璧,False,True,True,both_TN
ja,完璧主義,完璧主義,完璧主義,完璧主義,False,True,True,both_TN
ja,定型,定型,定型,定型,False,True,True,both_TN
ja,定期,定期,定期,定期,False,True,True,both_TN
ja,定期券,定期券,定期券,定期券,False,True,True,both_TN
ja,定義,定義,定義,定義,False,True,True,both_TN
ja,実,実,実,実,False,True,True,both_TN
ja,実名,実名,実名,実名,False,True,True,both_TN
ja,実家,実家,実家,実家,False,True,True,both_TN
ja,実況,実況,実況,実況,False,True,True,both_TN
ja,実現,実現,実現,実現,False,True,True,both_TN
ja,家,家,家,家,False,True,True,both_TN
ja,家事,家事,家事,家事,False,True,True,both_TN
ja,家畜,家畜,家畜,家畜,False,True,True,both_TN
ja,寝,寝,寝,寝,False,True,True,both_TN
ja,寝付け,寝付け,寝付け,寝付け,False,True,True,both_TN
ja,対象,対象,対象,対象,False,True,True,both_TN
ja,封印,封印,封印,封印,False,True,True,both_TN
ja,封鎖,封鎖,封鎖,封鎖,False,True,True,both_TN
ja,小さい,小さい,小さい,小さい,False,True,True,both_TN
ja,小さな世界,小さな世界,小さな世界,小さな世界,False,True,True,both_TN
ja,小学校,小学校,小学校,小学校,False,True,True,both_TN
ja,少し,少し,少し,少し,False,True,True,both_TN
ja,少ない,少ない,少ない,少ない,False,True,True,both_TN
ja,少なく,少なく,少なく,少なく,False,True,True,both_TN
ja,少女,少女,少女,少女,False,True,True,both_TN
ja,居,居,居,居,False,True,True,both_TN
ja,居ら,居ら,居ら,居ら,False,True,True,both_TN
ja,居る,居る,居る,居る,False,True,True,both_TN
ja,山奥,山奥,山奥,山奥,False,True,True,both_TN
ja,崩れ落ち,崩れ落ち,崩れ落ち,崩れ落ち,False,True,True,both_TN
ja,川,川,川,川,False,True,True,both_TN
ja,巡らせ,巡らせ,巡らせ,巡らせ,False,True,True,both_TN
ja,工夫,工夫,工夫,工夫,False,True,True,both_TN
ja,左腕,左腕,左腕,左腕,False,True,True,both_TN
ja,左足,左足,左足,左足,False,True,True,both_TN
ja,市駅,市駅,市駅,市駅,False,True,True,both_TN
ja,布教,布教,布教,布教,False,True,True,both_TN
ja,帰っ,帰っ,帰っ,帰っ,False,True,True,both_TN
ja,帰る,帰る,帰る,帰る,False,True,True,both_TN
ja,帰れ,帰れ,帰れ,帰れ,False,True,True,both_TN
ja,常に,常に,常に,常に,False,True,True,both_TN
ja,平和,平和,平和,平和,False,True,True,both_TN
ja,平日,平日,平日,平日,False,True,True,both_TN
ja,平気,平気,平気,平気,False,True,True,both_TN
ja,平行,平行,平行,平行,False,True,True,both_TN
ja,年,年,年,年,False,True,True,both_TN
ja,幸せ,幸せ,幸せ,幸せ,False,True,True,both_TN
ja,広い,広い,広い,広い,False,True,True,both_TN
ja,店員,店員,店員,店員,False,True,True,both_TN
ja,廃盤,廃盤,廃盤,廃盤,False,True,True,both_TN
ja,引き,引き,引き,引き,False,True,True,both_TN
ja,引きこもり,引きこもり,引きこもり,引きこもり,False,True,True,both_TN
ja,引きこもる,引きこもる,引きこもる,引きこもる,False,True,True,both_TN
ja,引き続き,引き続き,引き続き,引き続き,False,True,True,both_TN
ja,引き込ん,引き込ん,引き込ん,引き込ん,False,True,True,both_TN
ja,引用,引用,引用,引用,False,True,True,both_TN
ja,引用元,引用元,引用元,引用元,False,True,True,both_TN
ja,引越し,引越し,引越し,引越し,False,True,True,both_TN
ja,弱い,弱い,弱い,弱い,False,True,True,both_TN
ja,弱かっ,弱かっ,弱かっ,弱かっ,False,True,True,both_TN
ja,張っ,張っ,張っ,張っ,False,True,True,both_TN
ja,強,強,強,強,False,True,True,both_TN
ja,強い,強い,強い,強い,False,True,True,both_TN
ja,強く,強く,強く,強く,False,True,True,both_TN
ja,当たっ,当たっ,当たっ,当たっ,False,True,True,both_TN
ja,当たり前,当たり前,当たり前,当たり前,False,True,True,both_TN
ja,当て,当て,当て,当て,False,True,True,both_TN
ja,形,形,形,形,False,True,True,both_TN
ja,形成,形成,形成,形成,False,True,True,both_TN
ja,役,役,役,役,False,True,True,both_TN
ja,役に立つ,役に立つ,役に立つ,役に立つ,False,True,True,both_TN
ja,待ち,待ち,待ち,待ち,False,True,True,both_TN
ja,待遇,待遇,待遇,待遇,False,True,True,both_TN
ja,後々,後々,後々,後々,False,True,True,both_TN
ja,後ろ,後ろ,後ろ,後ろ,False,True,True,both_TN
ja,得,得,得,得,False,True,True,both_TN
ja,得意,得意,得意,得意,False,True,True,both_TN
ja,復讐,復讐,復讐,復讐,False,True,True,both_TN
ja,復讐するは我にあり,復讐するは我にあり,復讐するは我にあり,復讐するは我にあり,False,True,True,both_TN
ja,微妙,微妙,微妙,微妙,False,True,True,both_TN
ja,徴候,徴候,徴候,徴候,False,True,True,both_TN
ja,心,心,心,心,False,True,True,both_TN
ja,心当たり,心当たり,心当たり,心当たり,False,True,True,both_TN
ja,心理,心理,心理,心理,False,True,True,both_TN
ja,心配,心配,心配,心配,False,True,True,both_TN
ja,必修,必修,必修,必修,False,True,True,both_TN
ja,必要,必要,必要,必要,False,True,True,both_TN
ja,必要性,必要性,必要性,必要性,False,True,True,both_TN
ja,忘れ,忘れ,忘れ,忘れ,False,True,True,both_TN
ja,応え,答え,応え,応え,True,False,False,both_wrong
ja,応援,応援,応援,応援,False,True,True,both_TN
ja,怒,怒,怒,怒,False,True,True,both_TN
ja,怒っ,怒っ,怒っ,怒っ,False,True,True,both_TN
ja,怖い,怖い,怖い,怖い,False,True,True,both_TN
ja,怖かっ,怖かっ,怖かっ,怖かっ,False,True,True,both_TN
ja,怖く,怖く,怖く,怖く,False,True,True,both_TN
ja,思い,思い,思い,思い,False,True,True,both_TN
ja,思い出し,思い出し,思い出し,思い出し,False,True,True,both_TN
ja,思い切っ,思い切っ,思い切っ,思い切っ,False,True,True,both_TN
ja,思う,思う,思う,思う,False,True,True,both_TN
ja,思える,思える,思える,思える,False,True,True,both_TN
ja,思っ,思っ,思っ,思っ,False,True,True,both_TN
ja,思わ,思わ,思わ,思わ,False,True,True,both_TN
ja,思春期,思春期,思春期,思春期,False,True,True,both_TN
ja,思案,思案,思案,思案,False,True,True,both_TN
ja,思考,思考,思考,思考,False,True,True,both_TN
ja,性,性,性,性,False,True,True,both_TN
ja,性格,性格,性格,性格,False,True,True,both_TN
ja,恋,恋,恋,恋,False,True,True,both_TN
ja,恋人,恋人,恋人,恋人,False,True,True,both_TN
ja,恋愛,恋愛,恋愛,恋愛,False,True,True,both_TN
ja,恥ずかしいっ,恥ずかしい,恥ずかしいっ,恥ずかしいっ,True,False,False,both_wrong
ja,息切れ,息切れ,息切れ,息切れ,False,True,True,both_TN
ja,悔しい,悔しい,悔しい,悔しい,False,True,True,both_TN
ja,悩み,悩み,悩み,悩み,False,True,True,both_TN
ja,悩ん,悩ん,悩ん,悩ん,False,True,True,both_TN
ja,悪,,悪,悪,True,False,False,both_wrong
ja,悪い,悪い,悪い,悪い,False,True,True,both_TN
ja,悪かっ,悪かっ,悪かっ,悪かっ,False,True,True,both_TN
ja,悲しい,悲しい,悲しい,悲しい,False,True,True,both_TN
ja,悲しく,悲しく,悲しく,悲しく,False,True,True,both_TN
ja,情報,情報,情報,情報,False,True,True,both_TN
ja,情報源,情報源,情報源,情報源,False,True,True,both_TN
ja,情景,情景,情景,情景,False,True,True,both_TN
ja,想っ,想っ,想っ,想っ,False,True,True,both_TN
ja,想像,想像,想像,想像,False,True,True,both_TN
ja,惹か,惹か,惹か,惹か,False,True,True,both_TN
ja,意味,意味,意味,意味,False,True,True,both_TN
ja,意外と,意外と,意外と,意外と,False,True,True,both_TN
ja,意見,意見,意見,意見,False,True,True,both_TN
ja,愛しい,愛しい,愛しい,愛しい,False,True,True,both_TN
ja,愛する,愛する,愛する,愛する,False,True,True,both_TN
ja,感じ,感じ,感じ,感じ,False,True,True,both_TN
ja,感じる,感じる,感じる,感じる,False,True,True,both_TN
ja,感想,感想,感想,感想,False,True,True,both_TN
ja,感覚,感覚,感覚,感覚,False,True,True,both_TN
ja,慢性,慢性,慢性,慢性,False,True,True,both_TN
ja,憎しみ,憎しみ,憎しみ,憎しみ,False,True,True,both_TN
ja,憎悪,憎悪,憎悪,憎悪,False,True,True,both_TN
ja,懐かしい,懐かしい,懐かしい,懐かしい,False,True,True,both_TN
ja,成分,成分,成分,成分,False,True,True,both_TN
ja,成功,成功,成功,成功,False,True,True,both_TN
ja,我,我,我,我,False,True,True,both_TN
ja,我が,我が,我が,我が,False,True,True,both_TN
ja,我儘,我儘,我儘,我儘,False,True,True,both_TN
ja,我慢,我慢,我慢,我慢,False,True,True,both_TN
ja,戦わ,戦わ,戦わ,戦わ,False,True,True,both_TN
ja,戸惑っ,戸惑っ,戸惑っ,戸惑っ,False,True,True,both_TN
ja,戻ら,戻ら,戻ら,戻ら,False,True,True,both_TN
ja,戻り,戻り,戻り,戻り,False,True,True,both_TN
ja,戻る,戻る,戻る,戻る,False,True,True,both_TN
ja,所存,所存,所存,所存,False,True,True,both_TN
ja,所属,所属,所属,所属,False,True,True,both_TN
ja,所持,所持,所持,所持,False,True,True,both_TN
ja,手,手,手,手,False,True,True,both_TN
ja,手元,手元,手元,手元,False,True,True,both_TN
ja,手前,手前,手前,手前,False,True,True,both_TN
ja,手紙,手紙,手紙,手紙,False,True,True,both_TN
ja,手間,手間,手間,手間,False,True,True,both_TN
ja,打ち合わせ,打ち合わせ,打ち合わせ,打ち合わせ,False,True,True,both_TN
ja,打開,打開,打開,打開,False,True,True,both_TN
ja,扱い,扱い,扱い,扱い,False,True,True,both_TN
ja,抜い,抜い,抜い,抜い,False,True,True,both_TN
ja,抜か,抜か,抜か,抜か,False,True,True,both_TN
ja,抜ける,抜ける,抜ける,抜ける,False,True,True,both_TN
ja,抜群,抜群,抜群,抜群,False,True,True,both_TN
ja,抱え込ん,抱え込ん,抱え込ん,抱え込ん,False,True,True,both_TN
ja,押し付ける,押し付ける,押し付ける,押し付ける,False,True,True,both_TN
ja,拒絶反応,拒絶反応,拒絶反応,拒絶反応,False,True,True,both_TN
ja,拙者,拙者,拙者,拙者,False,True,True,both_TN
ja,拝見,拝見,拝見,拝見,False,True,True,both_TN
ja,持た,持た,持た,持た,False,True,True,both_TN
ja,持ち,持ち,持ち,持ち,False,True,True,both_TN
ja,持ち直し,持ち直し,持ち直し,持ち直し,False,True,True,both_TN
ja,持ち直せ,持ち直せ,持ち直せ,持ち直せ,False,True,True,both_TN
ja,持っ,持っ,持っ,持っ,False,True,True,both_TN
ja,指し,指し,指し,指し,False,True,True,both_TN
ja,指す,指す,指す,指す,False,True,True,both_TN
ja,指輪,指輪,指輪,指輪,False,True,True,both_TN
ja,振り,振り,振り,振り,False,True,True,both_TN
ja,振り返り,振り返り,振り返り,振り返り,False,True,True,both_TN
ja,挿入,挿入,挿入,挿入,False,True,True,both_TN
ja,捉える,捉える,捉える,捉える,False,True,True,both_TN
ja,捻出,捻出,捻出,捻出,False,True,True,both_TN
ja,授業,授業,授業,授業,False,True,True,both_TN
ja,掘っ,掘っ,掘っ,掘っ,False,True,True,both_TN
ja,掛かっ,掛かっ,掛かっ,掛かっ,False,True,True,both_TN
ja,掛け,掛け,掛け,掛け,False,True,True,both_TN
ja,掛けて,掛けて,掛けて,掛けて,False,True,True,both_TN
ja,採用,採用,採用,採用,False,True,True,both_TN
ja,推し,推し な の は,推し,推し,True,False,False,both_wrong
ja,搭乗,搭乗,搭乗,搭乗,False,True,True,both_TN
ja,撃退,撃退,撃退,撃退,False,True,True,both_TN
ja,撮っ,撮っ,撮っ,撮っ,False,True,True,both_TN
ja,撮影,撮影,撮影,撮影,False,True,True,both_TN
ja,支出,支出,支出,支出,False,True,True,both_TN
ja,支払い,支払い,支払い,支払い,False,True,True,both_TN
ja,改めて,改めて,改めて,改めて,False,True,True,both_TN
ja,攻め,攻め,攻め,攻め,False,True,True,both_TN
ja,放置,放置,放置,放置,False,True,True,both_TN
ja,救え,救え,救え,救え,False,True,True,both_TN
ja,救える,救える,救える,救える,False,True,True,both_TN
ja,救わ,救わ,救わ,救わ,False,True,True,both_TN
ja,救急車,救急車,救急車,救急車,False,True,True,both_TN
ja,教え,教え,教え,教え,False,True,True,both_TN
ja,教会,教会,教会,教会,False,True,True,both_TN
ja,教科書,教科書,教科書,教科書,False,True,True,both_TN
ja,教訓,教訓,教訓,教訓,False,True,True,both_TN
ja,散漫,散漫,散漫,散漫,False,True,True,both_TN
ja,散見,散見,散見,散見,False,True,True,both_TN
ja,数,数,数,数,False,True,True,both_TN
ja,数多く,数多く,数多く,数多く,False,True,True,both_TN
ja,数字,数字,数字,数字,False,True,True,both_TN
ja,整理,整理,整理,整理,False,True,True,both_TN
ja,文,文,文,文,False,True,True,both_TN
ja,文字,文字,文字,文字,False,True,True,both_TN
ja,文字通り,文字通り,文字通り,文字通り,False,True,True,both_TN
ja,文学,文学,文学,文学,False,True,True,both_TN
ja,文法,文法,文法,文法,False,True,True,both_TN
ja,文章,文章,文章,文章,False,True,True,both_TN
ja,文章力,文章力,文章力,文章力,False,True,True,both_TN
ja,新型,新型コロナウイルス感染症,新型,新型,True,False,False,both_wrong
ja,新約聖書,新約聖書,新約聖書,新約聖書,False,True,True,both_TN
ja,方,方,方,方,False,True,True,both_TN
ja,方式,方式,方式,方式,False,True,True,both_TN
ja,方法,方法,方法,方法,False,True,True,both_TN
ja,旅,旅,旅,旅,False,True,True,both_TN
ja,日,日,日,日,False,True,True,both_TN
ja,日常,日常,日常,日常,False,True,True,both_TN
ja,日常生活,日常生活,日常生活,日常生活,False,True,True,both_TN
ja,日本一,日本一,日本一,日本一,False,True,True,both_TN
ja,早,早,早,早,False,True,True,both_TN
ja,早い,早い,早い,早い,False,True,True,both_TN
ja,早く,早く,早く,早く,False,True,True,both_TN
ja,早起き,早起き,早起き,早起き,False,True,True,both_TN
ja,明日,明日,明日,明日,False,True,True,both_TN
ja,昔,昔,昔,昔,False,True,True,both_TN
ja,映画,映画,映画,映画,False,True,True,both_TN
ja,映画化,映画化,映画化,映画化,False,True,True,both_TN
ja,昨日,昨日,昨日,昨日,False,True,True,both_TN
ja,昼,昼,昼,昼,False,True,True,both_TN
ja,時,時,時,時,False,True,True,both_TN
ja,時々,時々,時々,時々,False,True,True,both_TN
ja,時代,時代,時代,時代,False,True,True,both_TN
ja,時点,時点,時点,時点,False,True,True,both_TN
ja,時間,時間,時間,時間,False,True,True,both_TN
ja,晩ご飯,晩ご飯,晩ご飯,晩ご飯,False,True,True,both_TN
ja,普段,普段,普段,普段,False,True,True,both_TN
ja,普通,普通,普通,普通,False,True,True,both_TN
ja,普通に,普通に,普通に,普通に,False,True,True,both_TN
ja,暇,暇,暇,暇,False,True,True,both_TN
ja,暑いっ,暑い,暑いっ,暑いっ,True,False,False,both_wrong
ja,曲,曲,曲,曲,False,True,True,both_TN
ja,更新,更新,更新,更新,False,True,True,both_TN
ja,書い,書い,書い,書い,False,True,True,both_TN
ja,書き,書き,書き,書き,False,True,True,both_TN
ja,書き出す,書き出す,書き出す,書き出す,False,True,True,both_TN
ja,書く,書く,書く,書く,False,True,True,both_TN
ja,書ける,書ける,書ける,書ける,False,True,True,both_TN
ja,書籍,書籍,書籍,書籍,False,True,True,both_TN
ja,書評,書評,書評,書評,False,True,True,both_TN
ja,最,最悪,最,最,True,False,False,both_wrong
ja,最後,最後,最後,最後,False,True,True,both_TN
ja,最終回,最終回,最終回,最終回,False,True,True,both_TN
ja,最近,最近,最近,最近,False,True,True,both_TN
ja,最高,最高,最高,最高,False,True,True,both_TN
ja,月曜,月曜日,月曜日,月曜,True,True,False,A_only_correct
ja,有効,有効,有効,有効,False,True,True,both_TN
ja,有名,有名,有名,有名,False,True,True,both_TN
ja,有料,有料,有料,有料,False,True,True,both_TN
ja,服,服,服,服,False,True,True,both_TN
ja,朝,朝,朝,朝,False,True,True,both_TN
ja,朝が,朝が,朝が,朝が,False,True,True,both_TN
ja,朝部,朝部,朝部,朝部,False,True,True,both_TN
ja,朝食,朝食,朝食,朝食,False,True,True,both_TN
ja,期待,期待,期待,期待,False,True,True,both_TN
ja,未来は今,未来は今,未来は今,未来は今,False,True,True,both_TN
ja,未知,未知,未知,未知,False,True,True,both_TN
ja,本,本,本,本,False,True,True,both_TN
ja,本名,本名,本名,本名,False,True,True,both_TN
ja,本当,本当,本当,本当,False,True,True,both_TN
ja,本当に,本当に,本当に,本当に,False,True,True,both_TN
ja,本戦,本戦,本戦,本戦,False,True,True,both_TN
ja,机,机,机,机,False,True,True,both_TN
ja,来,来,来,来,False,True,True,both_TN
ja,来る,来る,来る,来る,False,True,True,both_TN
ja,東京喰種,東京喰種,東京喰種,東京喰種,False,True,True,both_TN
ja,架空,架空,架空,架空,False,True,True,both_TN
ja,柄,柄,柄,柄,False,True,True,both_TN
ja,根回し,根回し,根回し,根回し,False,True,True,both_TN
ja,桁,桁,桁,桁,False,True,True,both_TN
ja,梅雨,梅雨,梅雨,梅雨,False,True,True,both_TN
ja,棚上げ,棚上げ し ます,棚上げ,棚上げ,True,False,False,both_wrong
ja,検索,検索,検索,検索,False,True,True,both_TN
ja,検診,検診,検診,検診,False,True,True,both_TN
ja,業務,業務,業務,業務,False,True,True,both_TN
ja,極力,極力,極力,極力,False,True,True,both_TN
ja,楽,楽,楽,楽,False,True,True,both_TN
ja,楽し,楽し,楽し,楽し,False,True,True,both_TN
ja,楽しい,楽しい,楽しい,楽しい,False,True,True,both_TN
ja,楽しかっ,楽しかっ,楽しかっ,楽しかっ,False,True,True,both_TN
ja,楽しく,楽しく,楽しく,楽しく,False,True,True,both_TN
ja,楽しさ,楽しさ,楽しさ,楽しさ,False,True,True,both_TN
ja,楽しみ,楽しみ,楽しみ,楽しみ,False,True,True,both_TN
ja,楽しむ,楽しむ,楽しむ,楽しむ,False,True,True,both_TN
ja,構想,構想,構想,構想,False,True,True,both_TN
ja,様,様,様,様,False,True,True,both_TN
ja,模索,模索,模索,模索,False,True,True,both_TN
ja,権威,権威,権威,権威,False,True,True,both_TN
ja,機会,機会,機会,機会,False,True,True,both_TN
ja,機内食,機内食,機内食,機内食,False,True,True,both_TN
ja,機材,機材,機材,機材,False,True,True,both_TN
ja,機能,機能,機能,機能,False,True,True,both_TN
ja,次,次,次,次,False,True,True,both_TN
ja,次々,次々,次々,次々,False,True,True,both_TN
ja,欲しい,欲しい,欲しい,欲しい,False,True,True,both_TN
ja,欲求,欲求,欲求,欲求,False,True,True,both_TN
ja,歌,歌,歌,歌,False,True,True,both_TN
ja,歌い手,歌い手,歌い手,歌い手,False,True,True,both_TN
ja,歌う,歌う,歌う,歌う,False,True,True,both_TN
ja,歌っ,歌っ,歌っ,歌っ,False,True,True,both_TN
ja,歌詞,歌詞,歌詞,歌詞,False,True,True,both_TN
ja,止まっ,止まっ,止まっ,止まっ,False,True,True,both_TN
ja,止まら,止まら,止まら,止まら,False,True,True,both_TN
ja,止め,止め,止め,止め,False,True,True,both_TN
ja,正直,正直,正直,正直,False,True,True,both_TN
ja,正確,正確,正確,正確,False,True,True,both_TN
ja,正解,正解,正解,正解,False,True,True,both_TN
ja,歩み寄ら,歩み寄ら,歩み寄ら,歩み寄ら,False,True,True,both_TN
ja,歯,歯,歯,歯,False,True,True,both_TN
ja,歯医者,歯医者,歯医者,歯医者,False,True,True,both_TN
ja,死,死,死,死,False,True,True,both_TN
ja,死さ,死さ,死さ,死さ,False,True,True,both_TN
ja,死に,死に,死に,死に,False,True,True,both_TN
ja,死ぬ,死ぬ,死ぬ,死ぬ,False,True,True,both_TN
ja,残り物,残り物,残り物,残り物,False,True,True,both_TN
ja,残る,残る,残る,残る,False,True,True,both_TN
ja,母,母,母,母,False,True,True,both_TN
ja,母国語,母国語,母国語,母国語,False,True,True,both_TN
ja,毎年,毎年,毎年,毎年,False,True,True,both_TN
ja,毎日,毎日,毎日,毎日,False,True,True,both_TN
ja,比べ,比べ,比べ,比べ,False,True,True,both_TN
ja,気,気,気,気,False,True,True,both_TN
ja,気がつい,気がつい,気がつい,気がつい,False,True,True,both_TN
ja,気づい,気づい,気づい,気づい,False,True,True,both_TN
ja,気づき,気づき,気づき,気づき,False,True,True,both_TN
ja,気分,気分,気分,気分,False,True,True,both_TN
ja,気持ち,気持ち,気持ち,気持ち,False,True,True,both_TN
ja,気持ちいい,気持ちいい,気持ちいい,気持ちいい,False,True,True,both_TN
ja,気遣い,気遣い,気遣い,気遣い,False,True,True,both_TN
ja,水樹奈々,水樹奈々,水樹奈々,水樹奈々,False,True,True,both_TN
ja,求める,求める,求める,求める,False,True,True,both_TN
ja,汗,汗,汗,汗,False,True,True,both_TN
ja,決まっ,決まっ,決まっ,決まっ,False,True,True,both_TN
ja,決まる,決まる,決まる,決まる,False,True,True,both_TN
ja,決め,決め,決め,決め,False,True,True,both_TN
ja,油っこい,油っこい,油っこい,油っこい,False,True,True,both_TN
ja,油断,油断,油断,油断,False,True,True,both_TN
ja,治さ,直さ,治さ,治さ,True,False,False,both_wrong
ja,治し,治し,治し,治し,False,True,True,both_TN
ja,治っ,治っ,治っ,治っ,False,True,True,both_TN
ja,治ら,直ら,治ら,治ら,True,False,False,both_wrong
ja,法事,法事,法事,法事,False,True,True,both_TN
ja,法律上,法律上,法律上,法律上,False,True,True,both_TN
ja,波,波,波,波,False,True,True,both_TN
ja,泣い,泣い,泣い,泣い,False,True,True,both_TN
ja,泣き,泣き,泣き,泣き,False,True,True,both_TN
ja,注意力,注意力,注意力,注意力,False,True,True,both_TN
ja,洋画,洋画,洋画,洋画,False,True,True,both_TN
ja,活か,活か,活か,活か,False,True,True,both_TN
ja,活動,活動,活動,活動,False,True,True,both_TN
ja,活字,活字,活字,活字,False,True,True,both_TN
ja,活性,活性,活性,活性,False,True,True,both_TN
ja,活用,活用,活用,活用,False,True,True,both_TN
ja,流さ,流さ,流さ,流さ,False,True,True,both_TN
ja,流行っ,流行 し,流行っ,流行っ,True,False,False,both_wrong
ja,浮かば,浮かば,浮かば,浮かば,False,True,True,both_TN
ja,浮つか,浮つか,浮つか,浮つか,False,True,True,both_TN
ja,浮つき,浮つき,浮つき,浮つき,False,True,True,both_TN
ja,浮上,浮上,浮上,浮上,False,True,True,both_TN
ja,海,海,海,海,False,True,True,both_TN
ja,海外,海外,海外,海外,False,True,True,both_TN
ja,浸透,浸透,浸透,浸透,False,True,True,both_TN
ja,消え去っ,消え去っ,消え去っ,消え去っ,False,True,True,both_TN
ja,消し,消し,消し,消し,False,True,True,both_TN
ja,消化,消化,消化,消化,False,True,True,both_TN
ja,消耗,消耗 し て い ます,消耗,消耗,True,False,False,both_wrong
ja,消費税,消費税,消費税,消費税,False,True,True,both_TN
ja,涼しいっ,涼しい,涼しいっ,涼しいっ,True,False,False,both_wrong
ja,深夜,深夜,深夜,深夜,False,True,True,both_TN
ja,深層心理,深層心理,深層心理,深層心理,False,True,True,both_TN
ja,深海,深海,深海,深海,False,True,True,both_TN
ja,混ざっ,混ざっ,混ざっ,混ざっ,False,True,True,both_TN
ja,混ぜる,混ぜる,混ぜる,混ぜる,False,True,True,both_TN
ja,済む,済む,済む,済む,False,True,True,both_TN
ja,減っ,減っ,減っ,減っ,False,True,True,both_TN
ja,減る,減る,減る,減る,False,True,True,both_TN
ja,減点,減点,減点,減点,False,True,True,both_TN
ja,渡さ,渡さ,渡さ,渡さ,False,True,True,both_TN
ja,満たさ,満たさ,満たさ,満たさ,False,True,True,both_TN
ja,満タン,満タン,満タン,満タン,False,True,True,both_TN
ja,溜まっ,溜まっ,溜まっ,溜まっ,False,True,True,both_TN
ja,溶かし,溶かし,溶かし,溶かし,False,True,True,both_TN
ja,滅ぼす,滅ぼす,滅ぼす,滅ぼす,False,True,True,both_TN
ja,滑り,滑り,滑り,滑り,False,True,True,both_TN
ja,演出,演出,演出,演出,False,True,True,both_TN
ja,漫画,漫画,漫画,漫画,False,True,True,both_TN
ja,潜,潜,潜,潜,False,True,True,both_TN
ja,激情,激情,激情,激情,False,True,True,both_TN
ja,濁流,濁流,濁流,濁流,False,True,True,both_TN
ja,点,点,点,点,False,True,True,both_TN
ja,無人航空機,無人航空機,無人航空機,無人航空機,False,True,True,both_TN
ja,無人駅,無人駅,無人駅,無人駅,False,True,True,both_TN
ja,無料,無料,無料,無料,False,True,True,both_TN
ja,無理,無理,無理,無理,False,True,True,both_TN
ja,無茶,無茶,無茶,無茶,False,True,True,both_TN
ja,無限,無限,無限,無限,False,True,True,both_TN
ja,無駄,無駄,無駄,無駄,False,True,True,both_TN
ja,焦っ,焦っ,焦っ,焦っ,False,True,True,both_TN
ja,焦ら,焦ら,焦ら,焦ら,False,True,True,both_TN
ja,焼きそば,焼きそば,焼きそば,焼きそば,False,True,True,both_TN
ja,焼肉,焼肉,焼肉,焼肉,False,True,True,both_TN
ja,熱く,熱く,熱く,熱く,False,True,True,both_TN
ja,爆速,爆速,爆速,爆速,False,True,True,both_TN
ja,爽快感,爽快感,爽快感,爽快感,False,True,True,both_TN
ja,片,片足,片,片,True,False,False,both_wrong
ja,片っ端から,片っ端から,片っ端から,片っ端から,False,True,True,both_TN
ja,片手間,片手間,片手間,片手間,False,True,True,both_TN
ja,版,版,版,版,False,True,True,both_TN
ja,牛乳,牛乳,牛乳,牛乳,False,True,True,both_TN
ja,物語,物語,物語,物語,False,True,True,both_TN
ja,特に,特に,特に,特に,False,True,True,both_TN
ja,特別,特別,特別,特別,False,True,True,both_TN
ja,特急,特急,特急,特急,False,True,True,both_TN
ja,特急券,特急券,特急券,特急券,False,True,True,both_TN
ja,特性,特性,特性,特性,False,True,True,both_TN
ja,特集,特集,特集,特集,False,True,True,both_TN
ja,狂っ,狂っ,狂っ,狂っ,False,True,True,both_TN
ja,独り言,独り言,独り言,独り言,False,True,True,both_TN
ja,狭い,狭い,狭い,狭い,False,True,True,both_TN
ja,猛烈,猛烈,猛烈,猛烈,False,True,True,both_TN
ja,猿,猿,猿,猿,False,True,True,both_TN
ja,王子,王子,王子,王子,False,True,True,both_TN
ja,現実,現実,現実,現実,False,True,True,both_TN
ja,現象,現象,現象,現象,False,True,True,both_TN
ja,理解,理解,理解,理解,False,True,True,both_TN
ja,環境,環境,環境,環境,False,True,True,both_TN
ja,生,生,生,生,False,True,True,both_TN
ja,生き,生き,生き,生き,False,True,True,both_TN
ja,生きる,生きる,生きる,生きる,False,True,True,both_TN
ja,生き方,生き方,生き方,生き方,False,True,True,both_TN
ja,生き残っ,生き残っ,生き残っ,生き残っ,False,True,True,both_TN
ja,生き残り,生き残り,生き残り,生き残り,False,True,True,both_TN
ja,生命倫理学,生命倫理学,生命倫理学,生命倫理学,False,True,True,both_TN
ja,生放送,生放送,生放送,生放送,False,True,True,both_TN
ja,生活,生活,生活,生活,False,True,True,both_TN
ja,生理,生理,生理,生理,False,True,True,both_TN
ja,生産性,生産性,生産性,生産性,False,True,True,both_TN
ja,用,用,用,用,False,True,True,both_TN
ja,田舎,田舎,田舎,田舎,False,True,True,both_TN
ja,画像,画像,画像,画像,False,True,True,both_TN
ja,画面,画面,画面,画面,False,True,True,both_TN
ja,留まっ,留まっ,留まっ,留まっ,False,True,True,both_TN
ja,番組,番組,番組,番組,False,True,True,both_TN
ja,疲れ,疲れ,疲れ,疲れ,False,True,True,both_TN
ja,病,病,病,病,False,True,True,both_TN
ja,病棟,病棟,病棟,病棟,False,True,True,both_TN
ja,症状,症状,症状,症状,False,True,True,both_TN
ja,痛い,痛い,痛い,痛い,False,True,True,both_TN
ja,痛く,痛く,痛く,痛く,False,True,True,both_TN
ja,痛めつけ,痛めつけ,痛めつけ,痛めつけ,False,True,True,both_TN
ja,痩せ,痩せ,痩せ,痩せ,False,True,True,both_TN
ja,療養,療養,療養,療養,False,True,True,both_TN
ja,癒し,癒し,癒し,癒し,False,True,True,both_TN
ja,発達障害,発達障害,発達障害,発達障害,False,True,True,both_TN
ja,発音,発音,発音,発音,False,True,True,both_TN
ja,登,登,登,登,False,True,True,both_TN
ja,登場,登場,登場,登場,False,True,True,both_TN
ja,白く,白く,白く,白く,False,True,True,both_TN
ja,白鳥,白鳥,白鳥,白鳥,False,True,True,both_TN
ja,的,的,的,的,False,True,True,both_TN
ja,目,目,目,目,False,True,True,both_TN
ja,目から鱗,目から鱗,目から鱗,目から鱗,False,True,True,both_TN
ja,目指せ,目指せ,目指せ,目指せ,False,True,True,both_TN
ja,目標,目標,目標,目標,False,True,True,both_TN
ja,目玉焼き,目玉焼き,目玉焼き,目玉焼き,False,True,True,both_TN
ja,目的,目的,目的,目的,False,True,True,both_TN
ja,直す,直す,直す,直す,False,True,True,both_TN
ja,相性,相性,相性,相性,False,True,True,both_TN
ja,相手,相手,相手,相手,False,True,True,both_TN
ja,相葉,相葉,相葉,相葉,False,True,True,both_TN
ja,真剣,真剣,真剣,真剣,False,True,True,both_TN
ja,真理,真理,真理,真理,False,True,True,both_TN
ja,真面目,真面目,真面目,真面目,False,True,True,both_TN
ja,眠た,眠た,眠た,眠た,False,True,True,both_TN
ja,眠らせ,眠らせ,眠らせ,眠らせ,False,True,True,both_TN
ja,眠れ,眠れ,眠れ,眠れ,False,True,True,both_TN
ja,眠気,眠気,眠気,眠気,False,True,True,both_TN
ja,着,着,着,着,False,True,True,both_TN
ja,着れ,着れ,着れ,着れ,False,True,True,both_TN
ja,睡眠,睡眠,睡眠,睡眠,False,True,True,both_TN
ja,睨み,睨み,睨み,睨み,False,True,True,both_TN
ja,瞬間,瞬間,瞬間,瞬間,False,True,True,both_TN
ja,知っ,知っ,知っ,知っ,False,True,True,both_TN
ja,知ら,知ら,知ら,知ら,False,True,True,both_TN
ja,知り,知り,知り,知り,False,True,True,both_TN
ja,知り合い,知り合い,知り合い,知り合い,False,True,True,both_TN
ja,知り合っ,知り合っ,知り合っ,知り合っ,False,True,True,both_TN
ja,砂漠,砂漠,砂漠,砂漠,False,True,True,both_TN
ja,研究,研究,研究,研究,False,True,True,both_TN
ja,確か,確か,確か,確か,False,True,True,both_TN
ja,確実,確実,確実,確実,False,True,True,both_TN
ja,確立,確立,確立,確立,False,True,True,both_TN
ja,確認,確認,確認,確認,False,True,True,both_TN
ja,示し,示し,示し,示し,False,True,True,both_TN
ja,示唆,示唆,示唆,示唆,False,True,True,both_TN
ja,社会,社会,社会,社会,False,True,True,both_TN
ja,社会人,社会人,社会人,社会人,False,True,True,both_TN
ja,社内,社内,社内,社内,False,True,True,both_TN
ja,祇園,祇園,祇園,祇園,False,True,True,both_TN
ja,祈る,祈る,祈る,祈る,False,True,True,both_TN
ja,神,神,神,神,False,True,True,both_TN
ja,神妙,神妙,神妙,神妙,False,True,True,both_TN
ja,私,私,私,私,False,True,True,both_TN
ja,私自身,私自身,私自身,私自身,False,True,True,both_TN
ja,秋の鹿は笛に寄る,秋の鹿は笛に寄る,秋の鹿は笛に寄る,秋の鹿は笛に寄る,False,True,True,both_TN
ja,科学,科学,科学,科学,False,True,True,both_TN
ja,稼ぐ,稼ぐ,稼ぐ,稼ぐ,False,True,True,both_TN
ja,稼げ,稼げ,稼げ,稼げ,False,True,True,both_TN
ja,積,積,積,積,False,True,True,both_TN
ja,積み重ね,積み重ね,積み重ね,積み重ね,False,True,True,both_TN
ja,穴,穴,穴,穴,False,True,True,both_TN
ja,空,空,空,空,False,True,True,both_TN
ja,空港,国際空港,空港,空港,True,False,False,both_wrong
ja,突っ込み,突っ込み,突っ込み,突っ込み,False,True,True,both_TN
ja,突っ込ん,突っ込ん,突っ込ん,突っ込ん,False,True,True,both_TN
ja,突発,突発,突発,突発,False,True,True,both_TN
ja,窓,窓,窓,窓,False,True,True,both_TN
ja,章,章,章,章,False,True,True,both_TN
ja,笑,笑,笑,笑,False,True,True,both_TN
ja,笑い話,笑い話,笑い話,笑い話,False,True,True,both_TN
ja,笑っ,笑っ,笑っ,笑っ,False,True,True,both_TN
ja,筆,筆,筆,筆,False,True,True,both_TN
ja,筋肉,筋肉,筋肉,筋肉,False,True,True,both_TN
ja,答え,答え,答え,答え,False,True,True,both_TN
ja,箇所,箇所,箇所,箇所,False,True,True,both_TN
ja,範囲,範囲,範囲,範囲,False,True,True,both_TN
ja,築い,築い,築い,築い,False,True,True,both_TN
ja,簡単,簡単,簡単,簡単,False,True,True,both_TN
ja,米寿,米寿,米寿,米寿,False,True,True,both_TN
ja,精神疾患,精神疾患,精神疾患,精神疾患,False,True,True,both_TN
ja,精神科,精神科,精神科,精神科,False,True,True,both_TN
ja,系,系,系,系,False,True,True,both_TN
ja,納得,納得,納得,納得,False,True,True,both_TN
ja,納期,納期,納期,納期,False,True,True,both_TN
ja,紙,紙,紙,紙,False,True,True,both_TN
ja,素人,素人,素人,素人,False,True,True,both_TN
ja,素敵,素敵,素敵,素敵,False,True,True,both_TN
ja,素敵だな,素敵だな,素敵だな,素敵だな,False,True,True,both_TN
ja,素材,素材,素材,素材,False,True,True,both_TN
ja,素直,素直,素直,素直,False,True,True,both_TN
ja,紹介,紹介,紹介,紹介,False,True,True,both_TN
ja,終わら,終わら,終わら,終わら,False,True,True,both_TN
ja,組ま,組ま,組ま,組ま,False,True,True,both_TN
ja,組織,組織,組織,組織,False,True,True,both_TN
ja,経っ,経っ,経っ,経っ,False,True,True,both_TN
ja,経済,経済,経済,経済,False,True,True,both_TN
ja,経験,経験,経験,経験,False,True,True,both_TN
ja,経験談,経験談,経験談,経験談,False,True,True,both_TN
ja,結婚,結婚,結婚,結婚,False,True,True,both_TN
ja,結局,結局,結局,結局,False,True,True,both_TN
ja,結果,結果,結果,結果,False,True,True,both_TN
ja,結果的,結果的,結果的,結果的,False,True,True,both_TN
ja,結構,結構,結構,結構,False,True,True,both_TN
ja,給ふ,給ふ,給ふ,給ふ,False,True,True,both_TN
ja,統計,統計,統計,統計,False,True,True,both_TN
ja,絵,絵,絵,絵,False,True,True,both_TN
ja,絶,絶,絶,絶,False,True,True,both_TN
ja,絶対,絶対,絶対,絶対,False,True,True,both_TN
ja,絶望,絶望,絶望,絶望,False,True,True,both_TN
ja,継続,継続,継続,継続,False,True,True,both_TN
ja,続き,続き,続き,続き,False,True,True,both_TN
ja,続け,続け,続け,続け,False,True,True,both_TN
ja,綺麗,綺麗,綺麗,綺麗,False,True,True,both_TN
ja,締切,締切,締切,締切,False,True,True,both_TN
ja,編,編,編,編,False,True,True,both_TN
ja,練っ,練っ,練っ,練っ,False,True,True,both_TN
ja,練り,練り,練り,練り,False,True,True,both_TN
ja,罪悪感,罪悪感,罪悪感,罪悪感,False,True,True,both_TN
ja,置き,置き,置き,置き,False,True,True,both_TN
ja,置こ,置こ,置こ,置こ,False,True,True,both_TN
ja,置換,置換 する,置換,置換,True,False,False,both_wrong
ja,美味しい,美味しい,美味しい,美味しい,False,True,True,both_TN
ja,美女,美女,美女,美女,False,True,True,both_TN
ja,美容院,美容院,美容院,美容院,False,True,True,both_TN
ja,美術館,美術館,美術館,美術館,False,True,True,both_TN
ja,習っ,習っ,習っ,習っ,False,True,True,both_TN
ja,考え,考え,考え,考え,False,True,True,both_TN
ja,考える,考える,考える,考える,False,True,True,both_TN
ja,考え方,考え方,考え方,考え方,False,True,True,both_TN
ja,者,者,者,者,False,True,True,both_TN
ja,耐久,耐久,耐久,耐久,False,True,True,both_TN
ja,聖墳墓教会,聖墳墓教会,聖墳墓教会,聖墳墓教会,False,True,True,both_TN
ja,聞い,聞い,聞い,聞い,False,True,True,both_TN
ja,聞か,聞か,聞か,聞か,False,True,True,both_TN
ja,聞き覚え,聞き覚え,聞き覚え,聞き覚え,False,True,True,both_TN
ja,聴い,聴い,聴い,聴い,False,True,True,both_TN
ja,聴く,聴く,聴く,聴く,False,True,True,both_TN
ja,胃が痛い,胃が痛い,胃が痛い,胃が痛い,False,True,True,both_TN
ja,胃痛,胃痛,胃痛,胃痛,False,True,True,both_TN
ja,胡散臭い,胡散臭い,胡散臭い,胡散臭い,False,True,True,both_TN
ja,能力,能力,能力,能力,False,True,True,both_TN
ja,脚,,脚,脚,True,False,False,both_wrong
ja,脱出,脱出,脱出,脱出,False,True,True,both_TN
ja,脱色,脱色,脱色,脱色,False,True,True,both_TN
ja,脳死,脳死,脳死,脳死,False,True,True,both_TN
ja,腑,腑,腑,腑,False,True,True,both_TN
ja,腕,腕,腕,腕,False,True,True,both_TN
ja,腰,腰,腰,腰,False,True,True,both_TN
ja,腹痛,腹痛,腹痛,腹痛,False,True,True,both_TN
ja,膝,膝,膝,膝,False,True,True,both_TN
ja,臓器移植,臓器移植,臓器移植,臓器移植,False,True,True,both_TN
ja,自ら,自ら,自ら,自ら,False,True,True,both_TN
ja,自体,自体,自体,自体,False,True,True,both_TN
ja,自信,自信,自信,自信,False,True,True,both_TN
ja,自分,自分,自分,自分,False,True,True,both_TN
ja,自分のために,自分のために,自分のために,自分のために,False,True,True,both_TN
ja,自動改札,自動改札,自動改札,自動改札,False,True,True,both_TN
ja,自宅,自宅,自宅,自宅,False,True,True,both_TN
ja,自己,自己,自己,自己,False,True,True,both_TN
ja,自己嫌悪,自己嫌悪,自己嫌悪,自己嫌悪,False,True,True,both_TN
ja,自己満足,自己満足,自己満足,自己満足,False,True,True,both_TN
ja,自己肯定感,自己肯定感,自己肯定感,自己肯定感,False,True,True,both_TN
ja,自己開示,自己開示,自己開示,自己開示,False,True,True,both_TN
ja,自爆,自爆,自爆,自爆,False,True,True,both_TN
ja,自由,自由,自由,自由,False,True,True,both_TN
ja,興味,興味,興味,興味,False,True,True,both_TN
ja,舞い込む,舞い込む,舞い込む,舞い込む,False,True,True,both_TN
ja,良い,良い,良い,良い,False,True,True,both_TN
ja,良かっ,良かっ,良かっ,良かっ,False,True,True,both_TN
ja,良く,良く,良く,良く,False,True,True,both_TN
ja,色,色,色,色,False,True,True,both_TN
ja,色々,色々,色々,色々,False,True,True,both_TN
ja,芸術家,芸術家,芸術家,芸術家,False,True,True,both_TN
ja,苛ま,苛ま,苛ま,苛ま,False,True,True,both_TN
ja,若い,若い,若い,若い,False,True,True,both_TN
ja,苦しめ,苦しめ,苦しめ,苦しめ,False,True,True,both_TN
ja,苦労,苦労,苦労,苦労,False,True,True,both_TN
ja,苦手,苦手,苦手,苦手,False,True,True,both_TN
ja,萎え,萎え,萎え,萎え,False,True,True,both_TN
ja,落ち,落ち,落ち,落ち,False,True,True,both_TN
ja,落ち着き,落ち着き,落ち着き,落ち着き,False,True,True,both_TN
ja,落ち込ま,落ち込ま,落ち込ま,落ち込ま,False,True,True,both_TN
ja,落ち込む,落ち込む,落ち込む,落ち込む,False,True,True,both_TN
ja,薄れ,薄れ,薄れ,薄れ,False,True,True,both_TN
ja,薬,薬,薬,薬,False,True,True,both_TN
ja,薬局,薬局,薬局,薬局,False,True,True,both_TN
ja,薬物,薬物,薬物,薬物,False,True,True,both_TN
ja,虫歯,虫歯,虫歯,虫歯,False,True,True,both_TN
ja,血液型,血液型,血液型,血液型,False,True,True,both_TN
ja,血祭り,血祭り,血祭り,血祭り,False,True,True,both_TN
ja,行か,行か,行か,行か,False,True,True,both_TN
ja,行き,行き,行き,行き,False,True,True,both_TN
ja,行く,行く,行く,行く,False,True,True,both_TN
ja,行け,行け,行け,行け,False,True,True,both_TN
ja,行っ,行っ,行っ,行っ,False,True,True,both_TN
ja,行動,行動,行動,行動,False,True,True,both_TN
ja,被る,被る,被る,被る,False,True,True,both_TN
ja,装っ,装っ,装っ,装っ,False,True,True,both_TN
ja,裏,裏,裏,裏,False,True,True,both_TN
ja,褒美,褒美,褒美,褒美,False,True,True,both_TN
ja,見,見,見,見,False,True,True,both_TN
ja,見え,見え,見え,見え,False,True,True,both_TN
ja,見える,見える,見える,見える,False,True,True,both_TN
ja,見かけ,見かけ,見かけ,見かけ,False,True,True,both_TN
ja,見た目,見た目,見た目,見た目,False,True,True,both_TN
ja,見つかる,見つかる,見つかる,見つかる,False,True,True,both_TN
ja,見つめ,見つめ,見つめ,見つめ,False,True,True,both_TN
ja,見にくけれ,見にくけれ,見にくけれ,見にくけれ,False,True,True,both_TN
ja,見やす,見やす,見やす,見やす,False,True,True,both_TN
ja,見る,見る,見る,見る,False,True,True,both_TN
ja,見れ,見 られ,見れ,見れ,True,False,False,both_wrong
ja,見れる,見れる,見れる,見れる,False,True,True,both_TN
ja,見上げ,見上げ,見上げ,見上げ,False,True,True,both_TN
ja,見栄,見栄,見栄,見栄,False,True,True,both_TN
ja,見舞わ,見舞わ,見舞わ,見舞わ,False,True,True,both_TN
ja,見落とし,見落とし,見落とし,見落とし,False,True,True,both_TN
ja,見返し,見返し,見返し,見返し,False,True,True,both_TN
ja,覚え,覚え,覚え,覚え,False,True,True,both_TN
ja,親,親,親,親,False,True,True,both_TN
ja,親知らず,親知らず,親知らず,親知らず,False,True,True,both_TN
ja,観る,見る,観る,観る,True,False,False,both_wrong
ja,解い,解い,解い,解い,False,True,True,both_TN
ja,解せ,解せ,解せ,解せ,False,True,True,both_TN
ja,解剖,解剖,解剖,解剖,False,True,True,both_TN
ja,解除,解除,解除,解除,False,True,True,both_TN
ja,言い,言い,言い,言い,False,True,True,both_TN
ja,言う,言う,言う,言う,False,True,True,both_TN
ja,言え,言え,言え,言え,False,True,True,both_TN
ja,言える,言える,言える,言える,False,True,True,both_TN
ja,言っ,言っ,言っ,言っ,False,True,True,both_TN
ja,言わ,言わ,言わ,言わ,False,True,True,both_TN
ja,言及,言及,言及,言及,False,True,True,both_TN
ja,言葉,言葉,言葉,言葉,False,True,True,both_TN
ja,言葉にできない,言葉にできない,言葉にできない,言葉にできない,False,True,True,both_TN
ja,言語,言語,言語,言語,False,True,True,both_TN
ja,討ち,討ち,討ち,討ち,False,True,True,both_TN
ja,記事,記事,記事,記事,False,True,True,both_TN
ja,記憶,記憶,記憶,記憶,False,True,True,both_TN
ja,記録,記録,記録,記録,False,True,True,both_TN
ja,設けよ,設けよ,設けよ,設けよ,False,True,True,both_TN
ja,許さ,許さ,許さ,許さ,False,True,True,both_TN
ja,許し,許し,許し,許し,False,True,True,both_TN
ja,証明,証明,証明,証明,False,True,True,both_TN
ja,詐欺,詐欺,詐欺,詐欺,False,True,True,both_TN
ja,評価,評価,評価,評価,False,True,True,both_TN
ja,評判,評判,評判,評判,False,True,True,both_TN
ja,詩的,詩的,詩的,詩的,False,True,True,both_TN
ja,詰む,詰む,詰む,詰む,False,True,True,both_TN
ja,話,話,話,話,False,True,True,both_TN
ja,話し,話し,話し,話し,False,True,True,both_TN
ja,話す,話す,話す,話す,False,True,True,both_TN
ja,話題,話題,話題,話題,False,True,True,both_TN
ja,詳しく,詳しく,詳しく,詳しく,False,True,True,both_TN
ja,誕生日,誕生日,誕生日,誕生日,False,True,True,both_TN
ja,語り,語り,語り,語り,False,True,True,both_TN
ja,語学,語学,語学,語学,False,True,True,both_TN
ja,語感,語感 。,語感,語感,True,False,False,both_wrong
ja,読み,読み,読み,読み,False,True,True,both_TN
ja,読みで,読みで,読みで,読みで,False,True,True,both_TN
ja,読む,読む,読む,読む,False,True,True,both_TN
ja,読め,読め,読め,読め,False,True,True,both_TN
ja,読ん,読ん,読ん,読ん,False,True,True,both_TN
ja,誰,誰,誰,誰,False,True,True,both_TN
ja,誰か,誰か,誰か,誰か,False,True,True,both_TN
ja,課金,課金,課金,課金,False,True,True,both_TN
ja,課題,課題,課題,課題,False,True,True,both_TN
ja,調べ,調べ,調べ,調べ,False,True,True,both_TN
ja,調子,調子,調子,調子,False,True,True,both_TN
ja,論文,論文,論文,論文,False,True,True,both_TN
ja,論理,論理,論理,論理,False,True,True,both_TN
ja,諦め,諦め,諦め,諦め,False,True,True,both_TN
ja,謎,謎,謎,謎,False,True,True,both_TN
ja,讃美歌,讃美歌,讃美歌,讃美歌,False,True,True,both_TN
ja,豊さん,豊さん,豊さん,豊さん,False,True,True,both_TN
ja,負ける,負ける,負ける,負ける,False,True,True,both_TN
ja,貰っ,貰っ,貰っ,貰っ,False,True,True,both_TN
ja,買い,買い,買い,買い,False,True,True,both_TN
ja,買い物,買い物,買い物,買い物,False,True,True,both_TN
ja,買お,買お,買お,買お,False,True,True,both_TN
ja,買わ,買わ,買わ,買わ,False,True,True,both_TN
ja,貼る,貼る,貼る,貼る,False,True,True,both_TN
ja,資格試験,資格試験,資格試験,資格試験,False,True,True,both_TN
ja,質問,質問,質問,質問,False,True,True,both_TN
ja,賭け,賭け,賭け,賭け,False,True,True,both_TN
ja,購入,購入 し,購入,購入,True,False,False,both_wrong
ja,赤字,赤字,赤字,赤字,False,True,True,both_TN
ja,走,走,走,走,False,True,True,both_TN
ja,起き,起き,起き,起き,False,True,True,both_TN
ja,起こし,起こし,起こし,起こし,False,True,True,both_TN
ja,起こる,起こる,起こる,起こる,False,True,True,both_TN
ja,起因,起因,起因,起因,False,True,True,both_TN
ja,超,超,超,超,False,True,True,both_TN
ja,越え,越え,越え,越え,False,True,True,both_TN
ja,趣味,趣味,趣味,趣味,False,True,True,both_TN
ja,足,足,足,足,False,True,True,both_TN
ja,足り,足り,足り,足り,False,True,True,both_TN
ja,距離,距離,距離,距離,False,True,True,both_TN
ja,距離感,距離感,距離感,距離感,False,True,True,both_TN
ja,跡部,跡部,跡部,跡部,False,True,True,both_TN
ja,踊っ,踊っ,踊っ,踊っ,False,True,True,both_TN
ja,踊り手,踊り手,踊り手,踊り手,False,True,True,both_TN
ja,身,身,身,身,False,True,True,both_TN
ja,身体,身体,身体,身体,False,True,True,both_TN
ja,身分,身分,身分,身分,False,True,True,both_TN
ja,車,車,車,車,False,True,True,both_TN
ja,輪,輪,輪,輪,False,True,True,both_TN
ja,辛い,辛い,辛い,辛い,False,True,True,both_TN
ja,辞め,辞め,辞め,辞め,False,True,True,both_TN
ja,農業,農業,農業,農業,False,True,True,both_TN
ja,辿っ,たどっ,辿っ,辿っ,True,False,False,both_wrong
ja,近い,近い,近い,近い,False,True,True,both_TN
ja,近く,近く,近く,近く,False,True,True,both_TN
ja,返し,返し,返し,返し,False,True,True,both_TN
ja,返信,返信,返信,返信,False,True,True,both_TN
ja,迷い,迷い,迷い,迷い,False,True,True,both_TN
ja,迷信,迷信,迷信,迷信,False,True,True,both_TN
ja,追い,追い,追い,追い,False,True,True,both_TN
ja,追い出し,追い出し,追い出し,追い出し,False,True,True,both_TN
ja,追い出す,追い出す,追い出す,追い出す,False,True,True,both_TN
ja,追い求め,追い求め,追い求め,追い求め,False,True,True,both_TN
ja,追って,追っ て い,追って,追って,True,False,False,both_wrong
ja,追わ,追わ,追わ,追わ,False,True,True,both_TN
ja,追加,追加,追加,追加,False,True,True,both_TN
ja,逃走中,逃走中,逃走中,逃走中,False,True,True,both_TN
ja,逆,逆,逆,逆,False,True,True,both_TN
ja,透明,透明,透明,透明,False,True,True,both_TN
ja,通じ,通じ,通じ,通じ,False,True,True,both_TN
ja,通っ,通っ,通っ,通っ,False,True,True,both_TN
ja,通る,通る,通る,通る,False,True,True,both_TN
ja,通学,通学,通学,通学,False,True,True,both_TN
ja,連絡,連絡,連絡,連絡,False,True,True,both_TN
ja,連絡先,連絡先,連絡先,連絡先,False,True,True,both_TN
ja,連続,連続,連続,連続,False,True,True,both_TN
ja,週,週,週,週,False,True,True,both_TN
ja,週末,週末,週末,週末,False,True,True,both_TN
ja,進み,進み,進み,進み,False,True,True,both_TN
ja,進め,進め,進め,進め,False,True,True,both_TN
ja,進め方,進め方,進め方,進め方,False,True,True,both_TN
ja,進ん,進ん,進ん,進ん,False,True,True,both_TN
ja,進んで,進んで,進んで,進んで,False,True,True,both_TN
ja,逸らせ,逸らし,逸らせ,逸らせ,True,False,False,both_wrong
ja,遊び,遊び,遊び,遊び,False,True,True,both_TN
ja,遊ぶ,遊ぶ,遊ぶ,遊ぶ,False,True,True,both_TN
ja,遊ん,遊ん,遊ん,遊ん,False,True,True,both_TN
ja,運転,運転,運転,運転,False,True,True,both_TN
ja,過ぎる,過ぎる,過ぎる,過ぎる,False,True,True,both_TN
ja,過去,過去,過去,過去,False,True,True,both_TN
ja,道,道,道,道,False,True,True,both_TN
ja,達,達,達,達,False,True,True,both_TN
ja,達成,達成,達成,達成,False,True,True,both_TN
ja,違い,違い,違い,違い,False,True,True,both_TN
ja,違う,違う,違う,違う,False,True,True,both_TN
ja,遠い,遠い,遠い,遠い,False,True,True,both_TN
ja,遠出,遠出,遠出,遠出,False,True,True,both_TN
ja,適当,適当,適当,適当,False,True,True,both_TN
ja,選ん,選ん,選ん,選ん,False,True,True,both_TN
ja,都合,都合,都合,都合,False,True,True,both_TN
ja,配ら,配ら,配ら,配ら,False,True,True,both_TN
ja,配布,配布,配布,配布,False,True,True,both_TN
ja,醤油,醤油,醤油,醤油,False,True,True,both_TN
ja,重い,重い,重い,重い,False,True,True,both_TN
ja,重く,重く,重く,重く,False,True,True,both_TN
ja,重要,重要,重要,重要,False,True,True,both_TN
ja,野菜,野菜,野菜,野菜,False,True,True,both_TN
ja,量,量,量,量,False,True,True,both_TN
ja,金,金,金,金,False,True,True,both_TN
ja,金持ち,金持ち,金持ち,金持ち,False,True,True,both_TN
ja,金田一少年,金田一少年,金田一少年,金田一少年,False,True,True,both_TN
ja,鉄,鉄,鉄,鉄,False,True,True,both_TN
ja,錠,錠,錠,錠,False,True,True,both_TN
ja,錬成,錬成,錬成,錬成,False,True,True,both_TN
ja,録,録,録,録,False,True,True,both_TN
ja,鐘,鐘,鐘,鐘,False,True,True,both_TN
ja,長い,長い,長い,長い,False,True,True,both_TN
ja,閉鎖病棟,閉鎖病棟,閉鎖病棟,閉鎖病棟,False,True,True,both_TN
ja,開設,開設,開設,開設,False,True,True,both_TN
ja,間,間,間,間,False,True,True,both_TN
ja,間抜け,間抜け,間抜け,間抜け,False,True,True,both_TN
ja,間違え,間違え,間違え,間違え,False,True,True,both_TN
ja,間違っ,間違え,間違え,間違っ,True,True,False,A_only_correct
ja,関係性,関係性,関係性,関係性,False,True,True,both_TN
ja,関東,関東,関東,関東,False,True,True,both_TN
ja,関西,関西,関西,関西,False,True,True,both_TN
ja,関西弁,関西弁,関西弁,関西弁,False,True,True,both_TN
ja,関連,関連,関連,関連,False,True,True,both_TN
ja,閲覧,閲覧,閲覧,閲覧,False,True,True,both_TN
ja,闇,闇,闇,闇,False,True,True,both_TN
ja,限界,限界,限界,限界,False,True,True,both_TN
ja,隠し味,隠し味,隠し味,隠し味,False,True,True,both_TN
ja,隣,隣,隣,隣,False,True,True,both_TN
ja,集まっ,集まっ,集まっ,集まっ,False,True,True,both_TN
ja,集め,集め,集め,集め,False,True,True,both_TN
ja,集める,集める,集める,集める,False,True,True,both_TN
ja,集中,集中,集中,集中,False,True,True,both_TN
ja,集団,集団,集団,集団,False,True,True,both_TN
ja,集客,集客,集客,集客,False,True,True,both_TN
ja,雑,雑,雑,雑,False,True,True,both_TN
ja,雑記,雑記,雑記,雑記,False,True,True,both_TN
ja,雑誌,雑誌,雑誌,雑誌,False,True,True,both_TN
ja,雑談,雑談,雑談,雑談,False,True,True,both_TN
ja,雑魚,雑魚,雑魚,雑魚,False,True,True,both_TN
ja,離れ,離れ,離れ,離れ,False,True,True,both_TN
ja,難し,難し,難し,難し,False,True,True,both_TN
ja,難しい,難しい,難しい,難しい,False,True,True,both_TN
ja,雨,雨,雨,雨,False,True,True,both_TN
ja,雰囲気,雰囲気,雰囲気,雰囲気,False,True,True,both_TN
ja,電話,電話,電話,電話,False,True,True,both_TN
ja,電車,電車,電車,電車,False,True,True,both_TN
ja,電鉄,電鉄,電鉄,電鉄,False,True,True,both_TN
ja,静か,静か,静か,静か,False,True,True,both_TN
ja,面,面,面,面,False,True,True,both_TN
ja,面倒,面倒,面倒,面倒,False,True,True,both_TN
ja,面子,面子,面子,面子,False,True,True,both_TN
ja,面白,面白,面白,面白,False,True,True,both_TN
ja,面白い,面白い,面白い,面白い,False,True,True,both_TN
ja,面白く,面白く,面白く,面白く,False,True,True,both_TN
ja,音声,音声,音声,音声,False,True,True,both_TN
ja,音楽,音楽,音楽,音楽,False,True,True,both_TN
ja,響き,響き,響き,響き,False,True,True,both_TN
ja,響く,響く,響く,響く,False,True,True,both_TN
ja,頑張っ,頑張っ,頑張っ,頑張っ,False,True,True,both_TN
ja,頑張り,頑張り,頑張り,頑張り,False,True,True,both_TN
ja,頑張る,頑張る,頑張る,頑張る,False,True,True,both_TN
ja,頑張ろ,頑張ろ,頑張ろ,頑張ろ,False,True,True,both_TN
ja,頑張ん,頑張ら,頑張ん,頑張ん,True,False,False,both_wrong
ja,頭,頭,頭,頭,False,True,True,both_TN
ja,頭から,頭から,頭から,頭から,False,True,True,both_TN
ja,頼ん,頼ん,頼ん,頼ん,False,True,True,both_TN
ja,顔,顔,顔,顔,False,True,True,both_TN
ja,風,風,風,風,False,True,True,both_TN
ja,飛ばし,飛ばし,飛ばし,飛ばし,False,True,True,both_TN
ja,飛び出す,飛び出す,飛び出す,飛び出す,False,True,True,both_TN
ja,飛び込む,飛び込む,飛び込む,飛び込む,False,True,True,both_TN
ja,飛ぶ,飛ぶ,飛ぶ,飛ぶ,False,True,True,both_TN
ja,飛ん,飛ん,飛ん,飛ん,False,True,True,both_TN
ja,食,食,食,食,False,True,True,both_TN
ja,食べ,食べ,食べ,食べ,False,True,True,both_TN
ja,食べる,食べる,食べる,食べる,False,True,True,both_TN
ja,食わ,食わ,食わ,食わ,False,True,True,both_TN
ja,食生活,食生活,食生活,食生活,False,True,True,both_TN
ja,飲み,飲み,飲み,飲み,False,True,True,both_TN
ja,飲ん,飲ん,飲ん,飲ん,False,True,True,both_TN
ja,飼っ,飼っ,飼っ,飼っ,False,True,True,both_TN
ja,香水,香水,香水,香水,False,True,True,both_TN
ja,駄々っ子,駄々っ子,駄々っ子,駄々っ子,False,True,True,both_TN
ja,駅,駅,駅,駅,False,True,True,both_TN
ja,驚き,驚き,驚き,驚き,False,True,True,both_TN
ja,高い,高い,高い,高い,False,True,True,both_TN
ja,髪,髪,髪,髪,False,True,True,both_TN
ja,鬱,鬱,鬱,鬱,False,True,True,both_TN
ja,鬼のよう,鬼のよう,鬼のよう,鬼のよう,False,True,True,both_TN
ja,鳴らさ,鳴らさ,鳴らさ,鳴らさ,False,True,True,both_TN
ja,鳴らし,鳴らし,鳴らし,鳴らし,False,True,True,both_TN
ja,鴨川,鴨川,鴨川,鴨川,False,True,True,both_TN
ja,黒,黒,黒,黒,False,True,True,both_TN
ja,龍,龍,龍,龍,False,True,True,both_TN
ko,가,가,가,가,False,True,True,both_TN
ko,가가브,가가브,가가브,가가브,False,True,True,both_TN
ko,가고,가고,가고,가고,False,True,True,both_TN
ko,가고싶다,가고싶다,가고싶다,가고싶다,False,True,True,both_TN
ko,가까이,가까이,가까이,가까이,False,True,True,both_TN
ko,가난한,가난한,가난한,가난한,False,True,True,both_TN
ko,가능성,가능성,가능성,가능성,False,True,True,both_TN
ko,가다,가다,가다,가다,False,True,True,both_TN
ko,가득한거,가득한거,가득한거,가득한거,False,True,True,both_TN
ko,가리던데가,가리던데가,가리던데가,가리던데가,False,True,True,both_TN
ko,가보면,가보면,가보면,가보면,False,True,True,both_TN
ko,가사,가사,가사,가사,False,True,True,both_TN
ko,가장,가장,가장,가장,False,True,True,both_TN
ko,가족과,가족과,가족과,가족과,False,True,True,both_TN
ko,가족들이,가족들이,가족들이,가족들이,False,True,True,both_TN
ko,가지도않음,가지도않음,가지도않음,가지도않음,False,True,True,both_TN
ko,간지나노,간지나노,간지나노,간지나노,False,True,True,both_TN
ko,간호원,간호원,간호원,간호원,False,True,True,both_TN
ko,갈거임,갈거임,갈거임,갈거임,False,True,True,both_TN
ko,갈만하다,갈만하다,갈만하다,갈만하다,False,True,True,both_TN
ko,감,감,감,감,False,True,True,both_TN
ko,감사합니다,감사합니다,감사합니다,감사합니다,False,True,True,both_TN
ko,감시하게,감시하게,감시하게,감시하게,False,True,True,both_TN
ko,감시하는,감시하는,감시하는,감시하는,False,True,True,both_TN
ko,감시해야함,감시해야함,감시해야함,감시해야함,False,True,True,both_TN
ko,감안,감안,감안,감안,False,True,True,both_TN
ko,갑,갑,갑,갑,False,True,True,both_TN
ko,갑자기,갑자기,갑자기,갑자기,False,True,True,both_TN
ko,갓놐,갓놐,갓놐,갓놐,False,True,True,both_TN
ko,갓슬람이,이슬람이,갓슬람이,갓슬람이,True,False,False,both_wrong
ko,갔을텐데,갔을텐데,갔을텐데,갔을텐데,False,True,True,both_TN
ko,강,강,강,강,False,True,True,both_TN
ko,강제,강제,강제,강제,False,True,True,both_TN
ko,강제로,강제로,강제로,강제로,False,True,True,both_TN
ko,강화해야함,강화해야함,강화해야함,강화해야함,False,True,True,both_TN
ko,같구나,같구나,같구나,같구나,False,True,True,both_TN
ko,같긴,같긴,같긴,같긴,False,True,True,both_TN
ko,같다,같다,같다,같다,False,True,True,both_TN
ko,같다는,같다는,같다는,같다는,False,True,True,both_TN
ko,같은,같은,같은,같은,False,True,True,both_TN
ko,같음,같음,같음,같음,False,True,True,both_TN
ko,개,개,개,개,False,True,True,both_TN
ko,개꿀잼이네,개꿀잼이네,매우 잼이네,개꿀잼이네,False,False,True,B_fixed_FP
ko,개따먹고싶은,성관계하고싶은,먹고싶은,개따먹고싶은,True,False,False,both_wrong
ko,개딸,딸,개딸,개딸,True,False,False,both_wrong
ko,개똥땅,망했다,개똥땅,개똥땅,True,False,False,both_wrong
ko,개발,개발,개발,개발,False,True,True,both_TN
ko,개상디언이,경상도인들이,개상디언이,개상디언이,True,False,False,both_wrong
ko,개소리,이상한 소리,매우소리,개소리,True,False,False,both_wrong
ko,개씹존잘,매우 잘생긴 사람,매우좋음,개씹존잘,True,False,False,both_wrong
ko,개씹지리네,매우좋네,매우좋네,개씹지리네,True,True,False,A_only_correct
ko,개웃기노,개웃기노,개웃기노,개웃기노,False,True,True,both_TN
ko,개월,개월,개월,개월,False,True,True,both_TN
ko,개이쁘네,개이쁘네,개이쁘네,개이쁘네,False,True,True,both_TN
ko,개저씨,아저씨,개저씨,개저씨,True,False,False,both_wrong
ko,개존잘,매우 잘생김,매우좋아,개존잘,True,False,False,both_wrong
ko,개좆망중인데,상황이 좋지 않은데,이런중인데,개좆망중인데,True,False,False,both_wrong
ko,개좆못,개좆못,매우좆못,개좆못,False,False,True,B_fixed_FP
ko,개지린다,매우좋다,개지린다,개지린다,True,False,False,both_wrong
ko,개착하네,매우 착하네,개착하네,개착하네,True,False,False,both_wrong
ko,개쳐발랐음,잘 처리했음,개쳐발랐음,개쳐발랐음,True,False,False,both_wrong
ko,개틀딱같은,어르신같은,개틀딱같은,개틀딱같은,True,False,False,both_wrong
ko,갤러리,갤러리,갤러리,갤러리,False,True,True,both_TN
ko,걍,그냥,그냥,걍,True,True,False,A_only_correct
ko,거,거,거,거,False,True,True,both_TN
ko,거기서,거기서,거기서,거기서,False,True,True,both_TN
ko,거냐,거냐,거냐,거냐,False,True,True,both_TN
ko,거뜬할,거뜬할,거뜬할,거뜬할,False,True,True,both_TN
ko,거라고,거라고,거라고,거라고,False,True,True,both_TN
ko,거르고,거르고,거르고,거르고,False,True,True,both_TN
ko,거세된,제한된,거세된,거세된,True,False,False,both_wrong
ko,거임,거임,거임,거임,False,True,True,both_TN
ko,거잖아,거잖아,거잖아,거잖아,False,True,True,both_TN
ko,건강증명서,건강증명서,건강증명서,건강증명서,False,True,True,both_TN
ko,건강해진,건강해진,건강해진,건강해진,False,True,True,both_TN
ko,건너간,건너간,건너간,건너간,False,True,True,both_TN
ko,걸렸는데,걸렸는데,걸렸는데,걸렸는데,False,True,True,both_TN
ko,걸렸으면,걸렸으면,걸렸으면,걸렸으면,False,True,True,both_TN
ko,걸로,걸로,걸로,걸로,False,True,True,both_TN
ko,걸린다,걸린다,걸린다,걸린다,False,True,True,both_TN
ko,검거,검거,검거,검거,False,True,True,both_TN
ko,검증의,검증의,검증의,검증의,False,True,True,both_TN
ko,것,것,것,것,False,True,True,both_TN
ko,것은,것은,것은,것은,False,True,True,both_TN
ko,겉,겉,겉,겉,False,True,True,both_TN
ko,게,게,게,게,False,True,True,both_TN
ko,게시글,게시글,게시글,게시글,False,True,True,both_TN
ko,게임,게임,게임,게임,False,True,True,both_TN
ko,게임으로,게임으로,게임으로,게임으로,False,True,True,both_TN
ko,게임이면,게임이면,게임이면,게임이면,False,True,True,both_TN
ko,겨울에,겨울에,겨울에,겨울에,False,True,True,both_TN
ko,결국,결국,결국,결국,False,True,True,both_TN
ko,결사적으로,결사적으로,결사적으로,결사적으로,False,True,True,both_TN
ko,결여된,결여된,결여된,결여된,False,True,True,both_TN
ko,결혼,결혼,결혼,결혼,False,True,True,both_TN
ko,결혼하면서,결혼하면서,결혼하면서,결혼하면서,False,True,True,both_TN
ko,경비,경비,경비,경비,False,True,True,both_TN
ko,경상도,경상도,경상도,경상도,False,True,True,both_TN
ko,경쟁력있음,경쟁력있음,경쟁력있음,경쟁력있음,False,True,True,both_TN
ko,경쟁하다,경쟁하다,경쟁하다,경쟁하다,False,True,True,both_TN
ko,경향,경향,경향,경향,False,True,True,both_TN
ko,경험자끼리,경험자끼리,경험자끼리,경험자끼리,False,True,True,both_TN
ko,경험자는,경험자는,경험자는,경험자는,False,True,True,both_TN
ko,계곡,계곡,계곡,계곡,False,True,True,both_TN
ko,계속,계속,계속,계속,False,True,True,both_TN
ko,고,고,고,고,False,True,True,both_TN
ko,고딩때,고등학교 시절,고딩때,고딩때,True,False,False,both_wrong
ko,고려조선,고려조선,고려조선,고려조선,False,True,True,both_TN
ko,고르다,고르다,고르다,고르다,False,True,True,both_TN
ko,고속도로에서,고속도로에서,고속도로에서,고속도로에서,False,True,True,both_TN
ko,고쓰로릭,고쓰로릭,고쓰로릭,고쓰로릭,False,True,True,both_TN
ko,고졸들,고졸들,고졸들,고졸들,False,True,True,both_TN
ko,곧,곧,곧,곧,False,True,True,both_TN
ko,골,골,골,골,False,True,True,both_TN
ko,곰탱이산적같은,산적같은,곰탱이산적같은,곰탱이산적같은,True,False,False,both_wrong
ko,곳,곳,곳,곳,False,True,True,both_TN
ko,공부,공부,공부,공부,False,True,True,both_TN
ko,과거,과거,과거,과거,False,True,True,both_TN
ko,과하게,과하게,과하게,과하게,False,True,True,both_TN
ko,과학,과학,과학,과학,False,True,True,both_TN
ko,괜찮다며,괜찮다며,괜찮다며,괜찮다며,False,True,True,both_TN
ko,괜히,괜히,괜히,괜히,False,True,True,both_TN
ko,괴롭힘,괴롭힘,괴롭힘,괴롭힘,False,True,True,both_TN
ko,교사들,교사들,교사들,교사들,False,True,True,both_TN
ko,교수님,교수님,교수님,교수님,False,True,True,both_TN
ko,교육을,교육을,교육을,교육을,False,True,True,both_TN
ko,교훈을,교훈을,교훈을,교훈을,False,True,True,both_TN
ko,굥아,친구,굥아,굥아,True,False,False,both_wrong
ko,구독,구독,구독,구독,False,True,True,both_TN
ko,구멍,구멍,구멍,구멍,False,True,True,both_TN
ko,구석구석,구석구석,구석구석,구석구석,False,True,True,both_TN
ko,구실을,구실을,구실을,구실을,False,True,True,both_TN
ko,구입,구입,구입,구입,False,True,True,both_TN
ko,국가,국가,국가,국가,False,True,True,both_TN
ko,국결은,국결은,국결은,국결은,False,True,True,both_TN
ko,국결하고,국가를 결합하고,국결하고,국결하고,True,False,False,both_wrong
ko,국내,국내,국내,국내,False,True,True,both_TN
ko,국뽕,국뽕,국뽕,국뽕,False,True,True,both_TN
ko,국산,국산,국산,국산,False,True,True,both_TN
ko,군다안간닼,군다안간닼,군다안간닼,군다안간닼,False,True,True,both_TN
ko,군대가서,군대가서,군대가서,군대가서,False,True,True,both_TN
ko,굳건합니노,굳건합니노,굳건합니노,굳건합니노,False,True,True,both_TN
ko,굳히는,굳히는,굳히는,굳히는,False,True,True,both_TN
ko,굴,굴,굴,굴,False,True,True,both_TN
ko,굴리는,굴리는,굴리는,굴리는,False,True,True,both_TN
ko,굿럭,굿럭,굿럭,굿럭,False,True,True,both_TN
ko,권오용,권오용,권오용,권오용,False,True,True,both_TN
ko,귀엽네,귀엽네,귀엽네,귀엽네,False,True,True,both_TN
ko,귀엽다,귀엽다,귀엽다,귀엽다,False,True,True,both_TN
ko,귀엽던데,귀엽던데,귀엽던데,귀엽던데,False,True,True,both_TN
ko,그,그,그,그,False,True,True,both_TN
ko,그냥,그냥,그냥,그냥,False,True,True,both_TN
ko,그대로,그대로,그대로,그대로,False,True,True,both_TN
ko,그때,그때,그때,그때,False,True,True,both_TN
ko,그래도,그래도,그래도,그래도,False,True,True,both_TN
ko,그래봐야,그래봐야,그래봐야,그래봐야,False,True,True,both_TN
ko,그래서,그래서,그래서,그래서,False,True,True,both_TN
ko,그랬던거지,그랬던거지,그랬던거지,그랬던거지,False,True,True,both_TN
ko,그런건,그런건,그런건,그런건,False,True,True,both_TN
ko,그럴듯,그럴듯,그럴듯,그럴듯,False,True,True,both_TN
ko,그럼,그럼,그럼,그럼,False,True,True,both_TN
ko,그렇게,그렇게,그렇게,그렇게,False,True,True,both_TN
ko,그려려니,그려려니,그려려니,그려려니,False,True,True,both_TN
ko,그리고,그리고,그리고,그리고,False,True,True,both_TN
ko,그리네,그리네,그리네,그리네,False,True,True,both_TN
ko,그리던새끼,그리던아이,그리던새끼,그리던새끼,True,False,False,both_wrong
ko,그림,그림,그림,그림,False,True,True,both_TN
ko,그림그리네,그림그리네,그림그리네,그림그리네,False,True,True,both_TN
ko,그만둔다,그만둔다,그만둔다,그만둔다,False,True,True,both_TN
ko,그저,그저,그저,그저,False,True,True,both_TN
ko,그쪽,그쪽,그쪽,그쪽,False,True,True,both_TN
ko,근대이전,근대이전,근대이전,근대이전,False,True,True,both_TN
ko,근데,근데,근데,근데,False,True,True,both_TN
ko,근돼새키들,근육질 돼지,근돼새키들,근돼새키들,True,False,False,both_wrong
ko,근육빠져서,근육빠져서,근육빠져서,근육빠져서,False,True,True,both_TN
ko,글,글,글,글,False,True,True,both_TN
ko,글보니깐,글보니깐,글보니깐,글보니깐,False,True,True,both_TN
ko,글은,글은,글은,글은,False,True,True,both_TN
ko,글을,글을,글을,글을,False,True,True,both_TN
ko,금관구따리임,금관구따리임,금관구따리임,금관구따리임,False,True,True,both_TN
ko,금나라,금나라,금나라,금나라,False,True,True,both_TN
ko,금발은,금발은,금발은,금발은,False,True,True,both_TN
ko,금수저,금수저,금수저,금수저,False,True,True,both_TN
ko,급,급,급,급,False,True,True,both_TN
ko,기가,기가,기가,기가,False,True,True,both_TN
ko,기니까,기니까,기니까,기니까,False,True,True,both_TN
ko,기본,기본,기본,기본,False,True,True,both_TN
ko,기분,기분,기분,기분,False,True,True,both_TN
ko,기원,기원,기원,기원,False,True,True,both_TN
ko,기피하듯이,기피하듯이,기피하듯이,기피하듯이,False,True,True,both_TN
ko,기회는,기회는,기회는,기회는,False,True,True,both_TN
ko,기후,기후,기후,기후,False,True,True,both_TN
ko,길들인,길들인,길들인,길들인,False,True,True,both_TN
ko,길임,길임,길임,길임,False,True,True,both_TN
ko,김,김,김,김,False,True,True,both_TN
ko,김씨,김씨,김씨,김씨,False,True,True,both_TN
ko,김정은,김정은,김정은,김정은,False,True,True,both_TN
ko,김치,김치,김치,김치,False,True,True,both_TN
ko,김치는,김치는,김치는,김치는,False,True,True,both_TN
ko,까놓고,까놓고,까놓고,까놓고,False,True,True,both_TN
ko,까보면,까보면,까보면,까보면,False,True,True,both_TN
ko,까오,까오,까오,까오,False,True,True,both_TN
ko,까오리,까오리,까오리,까오리,False,True,True,both_TN
ko,까지,까지,까지,까지,False,True,True,both_TN
ko,깡,끈기,깡,깡,True,False,False,both_wrong
ko,꺼져,떠나,꺼져,꺼져,True,False,False,both_wrong
ko,꼴리긔,꼴리긔,꼴리긔,꼴리긔,False,True,True,both_TN
ko,꽤운치있음,꽤운치있음,꽤운치있음,꽤운치있음,False,True,True,both_TN
ko,끄고,끄고,끄고,끄고,False,True,True,both_TN
ko,끔찍한,끔찍한,끔찍한,끔찍한,False,True,True,both_TN
ko,끝내면,끝내면,끝내면,끝내면,False,True,True,both_TN
ko,끝도,끝도,끝도,끝도,False,True,True,both_TN
ko,끝도없이,끝도없이,끝도없이,끝도없이,False,True,True,both_TN
ko,끝이있는,끝이있는,끝이있는,끝이있는,False,True,True,both_TN
ko,끼리,끼리,끼리,끼리,False,True,True,both_TN
ko,나,나,나,나,False,True,True,both_TN
ko,나는,나는,나는,나는,False,True,True,both_TN
ko,나다,나다,나다,나다,False,True,True,both_TN
ko,나도,나도,나도,나도,False,True,True,both_TN
ko,나라를,나라를,나라를,나라를,False,True,True,both_TN
ko,나름,나름,나름,나름,False,True,True,both_TN
ko,나무들과,나무들과,나무들과,나무들과,False,True,True,both_TN
ko,나발이고,나발이고,나발이고,나발이고,False,True,True,both_TN
ko,나오기,나오기,나오기,나오기,False,True,True,both_TN
ko,나오다,나오다,나오다,나오다,False,True,True,both_TN
ko,나온,나온,나온,나온,False,True,True,both_TN
ko,나온편,나온편,나온편,나온편,False,True,True,both_TN
ko,나옴,나옴,나옴,나옴,False,True,True,both_TN
ko,나은데,나은데,나은데,나은데,False,True,True,both_TN
ko,나토,나토,나토,나토,False,True,True,both_TN
ko,난,난,난,난,False,True,True,both_TN
ko,날릴일도,날릴일도,날릴일도,날릴일도,False,True,True,both_TN
ko,날씨,날씨,날씨,날씨,False,True,True,both_TN
ko,날아가는,날아가는,날아가는,날아가는,False,True,True,both_TN
ko,날조,날조,날조,날조,False,True,True,both_TN
ko,남들,남들,남들,남들,False,True,True,both_TN
ko,남들한테,남들한테,남들한테,남들한테,False,True,True,both_TN
ko,남문파,남문파,남문파,남문파,False,True,True,both_TN
ko,남미인들,남미인들,남미인들,남미인들,False,True,True,both_TN
ko,남방계인,남방계인,남방계인,남방계인,False,True,True,both_TN
ko,남자,남자,남자,남자,False,True,True,both_TN
ko,남자들,남자들,남자들,남자들,False,True,True,both_TN
ko,났누,났누,났누,났누,False,True,True,both_TN
ko,낭만,낭만,낭만,낭만,False,True,True,both_TN
ko,낭만있게,낭만있게,낭만있게,낭만있게,False,True,True,both_TN
ko,낮아지는,낮아지는,낮아지는,낮아지는,False,True,True,both_TN
ko,낮으며,낮으며,낮으며,낮으며,False,True,True,both_TN
ko,내가,내가,내가,내가,False,True,True,both_TN
ko,내고,내고,내고,내고,False,True,True,both_TN
ko,내용많으니,내용많으니,내용많으니,내용많으니,False,True,True,both_TN
ko,내용임,내용임,내용임,내용임,False,True,True,both_TN
ko,내인생게임,내인생게임,내인생게임,내인생게임,False,True,True,both_TN
ko,냉동피자,냉동피자,냉동피자,냉동피자,False,True,True,both_TN
ko,냉장,냉장,냉장,냉장,False,True,True,both_TN
ko,냉장고,냉장고,냉장고,냉장고,False,True,True,both_TN
ko,너,너,너,너,False,True,True,both_TN
ko,너네,여러분,너네,너네,True,False,False,both_wrong
ko,너모,너무,너모,너모,True,False,False,both_wrong
ko,너무,너무,너무,너무,False,True,True,both_TN
ko,넌,넌,넌,넌,False,True,True,both_TN
ko,넘버원,넘버원,넘버원,넘버원,False,True,True,both_TN
ko,넘쳐흘러서,넘쳐흘러서,넘쳐흘러서,넘쳐흘러서,False,True,True,both_TN
ko,넣고,넣고,넣고,넣고,False,True,True,both_TN
ko,네,네,네,네,False,True,True,both_TN
ko,네델란드,네델란드,네델란드,네델란드,False,True,True,both_TN
ko,넥슨개발,넥슨개발,넥슨개발,넥슨개발,False,True,True,both_TN
ko,넥슨배급이겠지,넥슨배급이겠지,넥슨배급이겠지,넥슨배급이겠지,False,True,True,both_TN
ko,년,여자,년,년,True,False,False,both_wrong
ko,노,노,노,노,False,True,True,both_TN
ko,노도강,노도강,노도강,노도강,False,True,True,both_TN
ko,노래,노래,노래,노래,False,True,True,both_TN
ko,노예머구,노예대구,노예머구,노예머구,True,False,False,both_wrong
ko,노인들,노인들,노인들,노인들,False,True,True,both_TN
ko,노인들만,노인들만,노인들만,노인들만,False,True,True,both_TN
ko,노출,노출,노출,노출,False,True,True,both_TN
ko,녹내장,녹내장,녹내장,녹내장,False,True,True,both_TN
ko,녹여냈네,녹여냈네,녹여냈네,녹여냈네,False,True,True,both_TN
ko,녹음되는,녹음되는,녹음되는,녹음되는,False,True,True,both_TN
ko,놀고먹으며,놀고먹으며,놀고먹으며,놀고먹으며,False,True,True,both_TN
ko,놀까라는,놀까라는,놀까라는,놀까라는,False,True,True,both_TN
ko,놀러갈거당,놀러갈거당,놀러갈거당,놀러갈거당,False,True,True,both_TN
ko,놈,놈,사람,놈,False,False,True,B_fixed_FP
ko,농담,농담,농담,농담,False,True,True,both_TN
ko,놓다,놓다,놓다,놓다,False,True,True,both_TN
ko,눈물,눈물,눈물,눈물,False,True,True,both_TN
ko,눌렀는데,눌렀는데,눌렀는데,눌렀는데,False,True,True,both_TN
ko,뉴욕,뉴욕,뉴욕,뉴욕,False,True,True,both_TN
ko,느껴서,느껴서,느껴서,느껴서,False,True,True,both_TN
ko,느껴지는,느껴지는,느껴지는,느껴지는,False,True,True,both_TN
ko,느끼기,느끼기,느끼기,느끼기,False,True,True,both_TN
ko,느낌,느낌,느낌,느낌,False,True,True,both_TN
ko,는,는,는,는,False,True,True,both_TN
ko,늘려버리고,늘려버리고,늘려버리고,늘려버리고,False,True,True,both_TN
ko,늘리고,늘리고,늘리고,늘리고,False,True,True,both_TN
ko,늙어서도,늙어서도,늙어서도,늙어서도,False,True,True,both_TN
ko,늙어죽는,늙어죽는,늙어죽는,늙어죽는,False,True,True,both_TN
ko,늙으면,늙으면,늙으면,늙으면,False,True,True,both_TN
ko,늙은이들,늙은이들,늙은이들,늙은이들,False,True,True,both_TN
ko,늬들이,늬들이,늬들이,늬들이,False,True,True,both_TN
ko,니가,니가,니가,니가,False,True,True,both_TN
ko,니그로,흑인,니그로,니그로,True,False,False,both_wrong
ko,니까,니까,니까,니까,False,True,True,both_TN
ko,니들,니들,니들,니들,False,True,True,both_TN
ko,니들은,니들은,니들은,니들은,False,True,True,both_TN
ko,니어오토마타,니어오토마타,니어오토마타,니어오토마타,False,True,True,both_TN
ko,니어오토마타의,니어오토마타의,니어오토마타의,니어오토마타의,False,True,True,both_TN
ko,니어오토모타,니어오토모타,니어오토모타,니어오토모타,False,True,True,both_TN
ko,다,다,다,다,False,True,True,both_TN
ko,다닌,다닌,다닌,다닌,False,True,True,both_TN
ko,다르게,다르게,다르게,다르게,False,True,True,both_TN
ko,다르겠지만,다르겠지만,다르겠지만,다르겠지만,False,True,True,both_TN
ko,다른,다른,다른,다른,False,True,True,both_TN
ko,다른데,다른데,다른데,다른데,False,True,True,both_TN
ko,다만,다만,다만,다만,False,True,True,both_TN
ko,다시,다시,다시,다시,False,True,True,both_TN
ko,다시한번,다시한번,다시한번,다시한번,False,True,True,both_TN
ko,다음하지,다음하지,다음하지,다음하지,False,True,True,both_TN
ko,다칭,다칭,다칭,다칭,False,True,True,both_TN
ko,다크소울시리즈,다크소울시리즈,다크소울시리즈,다크소울시리즈,False,True,True,both_TN
ko,단백질,단백질,단백질,단백질,False,True,True,both_TN
ko,단점,단점,단점,단점,False,True,True,both_TN
ko,달라서,달라서,달라서,달라서,False,True,True,both_TN
ko,달려왔음,달려왔음,달려왔음,달려왔음,False,True,True,both_TN
ko,닮는다는데,닮는다는데,닮는다는데,닮는다는데,False,True,True,both_TN
ko,담배,담배,담배,담배,False,True,True,both_TN
ko,담에,담에,담에,담에,False,True,True,both_TN
ko,당연한거,당연한거,당연한거,당연한거,False,True,True,both_TN
ko,당장,당장,당장,당장,False,True,True,both_TN
ko,당해서,당해서,당해서,당해서,False,True,True,both_TN
ko,당했는데,당했는데,당했는데,당했는데,False,True,True,both_TN
ko,대구,대구,대구,대구,False,True,True,both_TN
ko,대마는,대마는,대마는,대마는,False,True,True,both_TN
ko,대본,대본,대본,대본,False,True,True,both_TN
ko,대빵,리더,대빵,대빵,True,False,False,both_wrong
ko,대사만,대사만,대사만,대사만,False,True,True,both_TN
ko,대상이,대상이,대상이,대상이,False,True,True,both_TN
ko,대책,대책,대책,대책,False,True,True,both_TN
ko,대체,대체,대체,대체,False,True,True,both_TN
ko,대통령,대통령,대통령,대통령,False,True,True,both_TN
ko,대학,대학,대학,대학,False,True,True,both_TN
ko,대학생,대학생,대학생,대학생,False,True,True,both_TN
ko,대한민국,대한민국,대한민국,대한민국,False,True,True,both_TN
ko,대해,대해,대해,대해,False,True,True,both_TN
ko,댓글,댓글,댓글,댓글,False,True,True,both_TN
ko,댓글에,댓글에,댓글에,댓글에,False,True,True,both_TN
ko,더,더,더,더,False,True,True,both_TN
ko,더군다나,더군다나,더군다나,더군다나,False,True,True,both_TN
ko,더더욱,더더욱,더더욱,더더욱,False,True,True,both_TN
ko,더듬어범죄당,더듬어범죄당,더듬어범죄당,더듬어범죄당,False,True,True,both_TN
ko,데려가라,데려가라,데려가라,데려가라,False,True,True,both_TN
ko,데려오는거지,데려오는거지,데려오는거지,데려오는거지,False,True,True,both_TN
ko,데스노트,데스노트,데스노트,데스노트,False,True,True,both_TN
ko,데이트,데이트,데이트,데이트,False,True,True,both_TN
ko,데이트하고싶다,데이트하고싶다,데이트하고싶다,데이트하고싶다,False,True,True,both_TN
ko,데코레이션해놓거,데코레이션해놓거,데코레이션해놓거,데코레이션해놓거,False,True,True,both_TN
ko,도,도,도,도,False,True,True,both_TN
ko,도매로,도매로,도매로,도매로,False,True,True,both_TN
ko,도시,도시,도시,도시,False,True,True,both_TN
ko,도심,도심,도심,도심,False,True,True,both_TN
ko,도쿄디즈니랜드,도쿄디즈니랜드,도쿄디즈니랜드,도쿄디즈니랜드,False,True,True,both_TN
ko,도태,도태,도태,도태,False,True,True,both_TN
ko,도태된,도태된,도태된,도태된,False,True,True,both_TN
ko,독재,권위주의,독재,독재,True,False,False,both_wrong
ko,독특하고,독특하고,독특하고,독특하고,False,True,True,both_TN
ko,돈,돈,돈,돈,False,True,True,both_TN
ko,돈없는,돈없는,돈없는,돈없는,False,True,True,both_TN
ko,돈자랑하는,돈자랑하는,돈자랑하는,돈자랑하는,False,True,True,both_TN
ko,돌리고,돌리고,돌리고,돌리고,False,True,True,both_TN
ko,돌릴,돌릴,돌릴,돌릴,False,True,True,both_TN
ko,돌아다니다,돌아다니다,돌아다니다,돌아다니다,False,True,True,both_TN
ko,돌아다니다보면,돌아다니다보면,돌아다니다보면,돌아다니다보면,False,True,True,both_TN
ko,돌아왔네,돌아왔네,돌아왔네,돌아왔네,False,True,True,both_TN
ko,동남아,동남아,동남아,동남아,False,True,True,both_TN
ko,동남아권,동남아권,동남아권,동남아권,False,True,True,both_TN
ko,동네,동네,동네,동네,False,True,True,both_TN
ko,동부,동부,동부,동부,False,True,True,both_TN
ko,동시에,동시에,동시에,동시에,False,True,True,both_TN
ko,동안,동안,동안,동안,False,True,True,both_TN
ko,되게,되게,되게,되게,False,True,True,both_TN
ko,되기,되기,되기,되기,False,True,True,both_TN
ko,되는거다,되는거다,되는거다,되는거다,False,True,True,both_TN
ko,되다,되다,되다,되다,False,True,True,both_TN
ko,되어주는,되어주는,되어주는,되어주는,False,True,True,both_TN
ko,되었을텐데,되었을텐데,되었을텐데,되었을텐데,False,True,True,both_TN
ko,되지,되지,되지,되지,False,True,True,both_TN
ko,된,된,된,된,False,True,True,both_TN
ko,될,될,될,될,False,True,True,both_TN
ko,될듯,될듯,될듯,될듯,False,True,True,both_TN
ko,됨,됨,됨,됨,False,True,True,both_TN
ko,됬다,됬다,됬다,됬다,False,True,True,both_TN
ko,두고두고,두고두고,두고두고,두고두고,False,True,True,both_TN
ko,두번째,두번째,두번째,두번째,False,True,True,both_TN
ko,둘다,둘다,둘다,둘다,False,True,True,both_TN
ko,뒤짐,뒤짐,뒤짐,뒤짐,False,True,True,both_TN
ko,뒤치기,뒤치기,뒤치기,뒤치기,False,True,True,both_TN
ko,드가줴,가져가다,드가줴,드가줴,True,False,False,both_wrong
ko,드는건,드는건,드는건,드는건,False,True,True,both_TN
ko,드라마,드라마,드라마,드라마,False,True,True,both_TN
ko,드라마나,드라마나,드라마나,드라마나,False,True,True,both_TN
ko,드래곤볼마냥,드래곤볼마냥,드래곤볼마냥,드래곤볼마냥,False,True,True,both_TN
ko,드림캐쳐,드림캐쳐,드림캐쳐,드림캐쳐,False,True,True,both_TN
ko,드시는,드시는,드시는,드시는,False,True,True,both_TN
ko,든다,든다,든다,든다,False,True,True,both_TN
ko,듣고싶은,듣고싶은,듣고싶은,듣고싶은,False,True,True,both_TN
ko,듣는데,듣는데,듣는데,듣는데,False,True,True,both_TN
ko,들고,들고,들고,들고,False,True,True,both_TN
ko,들리는,들리는,들리는,들리는,False,True,True,both_TN
ko,들어와서,들어와서,들어와서,들어와서,False,True,True,both_TN
ko,들었는데,들었는데,들었는데,들었는데,False,True,True,both_TN
ko,들지,들지,들지,들지,False,True,True,both_TN
ko,등,등,등,등,False,True,True,both_TN
ko,디시,디시,디시,디시,False,True,True,both_TN
ko,디씨,디씨,디씨,디씨,False,True,True,both_TN
ko,따라가려는,따라가려는,따라가려는,따라가려는,False,True,True,both_TN
ko,따먹고,따먹고,먹고,따먹고,False,False,True,B_fixed_FP
ko,따여서,따여서,따여서,따여서,False,True,True,both_TN
ko,따지다,따지다,따지다,따지다,False,True,True,both_TN
ko,딱,딱,딱,딱,False,True,True,both_TN
ko,딱새,딱새,딱새,딱새,False,True,True,both_TN
ko,딴건,딴건,딴건,딴건,False,True,True,both_TN
ko,딴엔,딴엔,딴엔,딴엔,False,True,True,both_TN
ko,딸배,딸배,딸배,딸배,False,True,True,both_TN
ko,딸배수준,딸배수준,딸배수준,딸배수준,False,True,True,both_TN
ko,딸은,딸은,딸은,딸은,False,True,True,both_TN
ko,딸이,딸이,딸이,딸이,False,True,True,both_TN
ko,땀,땀,땀,땀,False,True,True,both_TN
ko,때,때,때,때,False,True,True,both_TN
ko,때문에,때문에,때문에,때문에,False,True,True,both_TN
ko,땡기는데,땡기는데,땡기는데,땡기는데,False,True,True,both_TN
ko,떠오름,떠오름,떠오름,떠오름,False,True,True,both_TN
ko,떡볶이,떡볶이,떡볶이,떡볶이,False,True,True,both_TN
ko,떨어져서,떨어져서,떨어져서,떨어져서,False,True,True,both_TN
ko,떨어지면,떨어지면,떨어지면,떨어지면,False,True,True,both_TN
ko,떴으니까,떴으니까,떴으니까,떴으니까,False,True,True,both_TN
ko,떵떵거리며,떵떵거리며,떵떵거리며,떵떵거리며,False,True,True,both_TN
ko,또,또,또,또,False,True,True,both_TN
ko,똥꼬쑈,똥꼬쑈,똥꼬쑈,똥꼬쑈,False,True,True,both_TN
ko,똥지르다,똥지르다,똥지르다,똥지르다,False,True,True,both_TN
ko,똥푸산,부산,똥푸산,똥푸산,True,False,False,both_wrong
ko,뚱카롱,뚱카롱,뚱카롱,뚱카롱,False,True,True,both_TN
ko,뜨기,뜨기,뜨기,뜨기,False,True,True,both_TN
ko,뜻,뜻,뜻,뜻,False,True,True,both_TN
ko,띵작이다,명작이다,띵작이다,띵작이다,True,False,False,both_wrong
ko,라도,라도,라도,라도,False,True,True,both_TN
ko,라우타로,라우타로,라우타로,라우타로,False,True,True,both_TN
ko,라인,라인,라인,라인,False,True,True,both_TN
ko,란다,란다,란다,란다,False,True,True,both_TN
ko,란지,란지,란지,란지,False,True,True,both_TN
ko,랑,랑,랑,랑,False,True,True,both_TN
ko,레오네,레오네,레오네,레오네,False,True,True,both_TN
ko,레전드네,레전드네,레전드네,레전드네,False,True,True,both_TN
ko,레지스탕스캠프,레지스탕스캠프,레지스탕스캠프,레지스탕스캠프,False,True,True,both_TN
ko,로,로,로,로,False,True,True,both_TN
ko,로마,로마,로마,로마,False,True,True,both_TN
ko,를,를,를,를,False,True,True,both_TN
ko,리하,리하,리하,리하,False,True,True,both_TN
ko,리히터,리히터,리히터,리히터,False,True,True,both_TN
ko,마계,마계,마계,마계,False,True,True,both_TN
ko,마다,마다,마다,마다,False,True,True,both_TN
ko,마시고,마시고,마시고,마시고,False,True,True,both_TN
ko,마약마다,마약마다,마약마다,마약마다,False,True,True,both_TN
ko,마음,마음,마음,마음,False,True,True,both_TN
ko,마인드,마인드,마인드,마인드,False,True,True,both_TN
ko,마지막,마지막,마지막,마지막,False,True,True,both_TN
ko,마지막에,마지막에,마지막에,마지막에,False,True,True,both_TN
ko,막,막,막,막,False,True,True,both_TN
ko,막아봐라,막아봐라,막아봐라,막아봐라,False,True,True,both_TN
ko,막장인생,막장인생,막장인생,막장인생,False,True,True,both_TN
ko,막줄,막줄,막줄,막줄,False,True,True,both_TN
ko,막짤,막짤,막짤,막짤,False,True,True,both_TN
ko,막힌다,막힌다,막힌다,막힌다,False,True,True,both_TN
ko,만나는,만나는,만나는,만나는,False,True,True,both_TN
ko,만드는,만드는,만드는,만드는,False,True,True,both_TN
ko,만든,만든,만든,만든,False,True,True,both_TN
ko,만들거면,만들거면,만들거면,만들거면,False,True,True,both_TN
ko,만들려했는데,만들려했는데,만들려했는데,만들려했는데,False,True,True,both_TN
ko,만들어주자,만들어주자,만들어주자,만들어주자,False,True,True,both_TN
ko,만들어진,만들어진,만들어진,만들어진,False,True,True,both_TN
ko,만들었노,만들었노,만들었노,만들었노,False,True,True,both_TN
ko,만듬,만듬,만듬,만듬,False,True,True,both_TN
ko,만듭시다,만듭시다,만듭시다,만듭시다,False,True,True,both_TN
ko,만주,만주,만주,만주,False,True,True,both_TN
ko,만주국,만주국,만주국,만주국,False,True,True,both_TN
ko,만화,만화,만화,만화,False,True,True,both_TN
ko,만화커엽노,만화귀엽네,만화커엽노,만화커엽노,True,False,False,both_wrong
ko,많냐,많냐,많냐,많냐,False,True,True,both_TN
ko,많다,많다,많다,많다,False,True,True,both_TN
ko,많더라,많더라,많더라,많더라,False,True,True,both_TN
ko,많아도,많아도,많아도,많아도,False,True,True,both_TN
ko,많은,많은,많은,많은,False,True,True,both_TN
ko,많은데,많은데,많은데,많은데,False,True,True,both_TN
ko,많이,많이,많이,많이,False,True,True,both_TN
ko,말,말,말,말,False,True,True,both_TN
ko,말고,말고,말고,말고,False,True,True,both_TN
ko,말만,말만,말만,말만,False,True,True,both_TN
ko,말좆박이년,이상한여자,말좆박이년,말좆박이년,True,False,False,both_wrong
ko,말투,말투,말투,말투,False,True,True,both_TN
ko,말투네,말투네,말투네,말투네,False,True,True,both_TN
ko,말한다,말한다,말한다,말한다,False,True,True,both_TN
ko,말할,말할,말할,말할,False,True,True,both_TN
ko,맛,맛,맛,맛,False,True,True,both_TN
ko,맛잇는거라고?,맛잇는거라고?,맛잇는거라고?,맛잇는거라고,False,True,False,B_new_FP
ko,맛있고,맛있고,맛있고,맛있고,False,True,True,both_TN
ko,맛있음,맛있음,맛있음,맛있음,False,True,True,both_TN
ko,망상,상상,망상,망상,True,False,False,both_wrong
ko,망했구만,망했구만,망했구만,망했구만,False,True,True,both_TN
ko,맞네,맞네,맞네,맞네,False,True,True,both_TN
ko,맞누,맞누,맞누,맞누,False,True,True,both_TN
ko,맞는,맞는,맞는,맞는,False,True,True,both_TN
ko,맞다고,맞다고,맞다고,맞다고,False,True,True,both_TN
ko,맞말,맞는말,맞말,맞말,True,False,False,both_wrong
ko,맞음,맞음,맞음,맞음,False,True,True,both_TN
ko,맞추려니,맞추려니,맞추려니,맞추려니,False,True,True,both_TN
ko,매수,매수,매수,매수,False,True,True,both_TN
ko,매수했노,매수했네,매수했노,매수했노,True,False,False,both_wrong
ko,매칭한다,매칭한다,매칭한다,매칭한다,False,True,True,both_TN
ko,맵을,맵을,맵을,맵을,False,True,True,both_TN
ko,머랑까,머랑까,머랑까,머랑까,False,True,True,both_TN
ko,머리,머리,머리,머리,False,True,True,both_TN
ko,머리스탈,머리스탈,머리스탈,머리스탈,False,True,True,both_TN
ko,먹나요,먹나요,먹나요,먹나요,False,True,True,both_TN
ko,먹어라,먹어라,먹어라,먹어라,False,True,True,both_TN
ko,먹으면,먹으면,먹으면,먹으면,False,True,True,both_TN
ko,먹으면서,먹으면서,먹으면서,먹으면서,False,True,True,both_TN
ko,먹히다,먹히다,먹히다,먹히다,False,True,True,both_TN
ko,멋있습니다,멋있습니다,멋있습니다,멋있습니다,False,True,True,both_TN
ko,멋져,멋져,멋져,멋져,False,True,True,both_TN
ko,멋지다,멋지다,멋지다,멋지다,False,True,True,both_TN
ko,멋진,멋진,멋진,멋진,False,True,True,both_TN
ko,멍청하다고,멍청하다고,멍청하다고,멍청하다고,False,True,True,both_TN
ko,메시,메시,메시,메시,False,True,True,both_TN
ko,메인스트림,메인스트림,메인스트림,메인스트림,False,True,True,both_TN
ko,면서,면서,면서,면서,False,True,True,both_TN
ko,면허정지,면허정지,면허정지,면허정지,False,True,True,both_TN
ko,명문대,명문대,명문대,명문대,False,True,True,both_TN
ko,명확히,명확히,명확히,명확히,False,True,True,both_TN
ko,모니터,모니터,모니터,모니터,False,True,True,both_TN
ko,모니터에서,모니터에서,모니터에서,모니터에서,False,True,True,both_TN
ko,모든게,모든게,모든게,모든게,False,True,True,both_TN
ko,모르겠다,모르겠다,모르겠다,모르겠다,False,True,True,both_TN
ko,모르다,모르다,모르다,모르다,False,True,True,both_TN
ko,모성애,모성애,모성애,모성애,False,True,True,both_TN
ko,모습,모습,모습,모습,False,True,True,both_TN
ko,모아놓고,모아놓고,모아놓고,모아놓고,False,True,True,both_TN
ko,모이나,모이나,모이나,모이나,False,True,True,both_TN
ko,모이지,모이지,모이지,모이지,False,True,True,both_TN
ko,목소리,목소리,목소리,목소리,False,True,True,both_TN
ko,목표,목표,목표,목표,False,True,True,both_TN
ko,몰라도,몰라도,몰라도,몰라도,False,True,True,both_TN
ko,몰입하게되고,몰입하게되고,몰입하게되고,몰입하게되고,False,True,True,both_TN
ko,못,못,못,못,False,True,True,both_TN
ko,못느끼는거라고,못느끼는거라고,못느끼는거라고,못느끼는거라고,False,True,True,both_TN
ko,못느끼던,못느끼던,못느끼던,못느끼던,False,True,True,both_TN
ko,못댈텐데,못댈텐데,못댈텐데,못댈텐데,False,True,True,both_TN
ko,못하게,못하게,못하게,못하게,False,True,True,both_TN
ko,못해서,못해서,못해서,못해서,False,True,True,both_TN
ko,못했듯이,못했듯이,못했듯이,못했듯이,False,True,True,both_TN
ko,무,무,무,무,False,True,True,both_TN
ko,무기고,무기고,무기고,무기고,False,True,True,both_TN
ko,무서움,무서움,무서움,무서움,False,True,True,both_TN
ko,무섭게,무섭게,무섭게,무섭게,False,True,True,both_TN
ko,무슨,무슨,무슨,무슨,False,True,True,both_TN
ko,묶여서,묶여서,묶여서,묶여서,False,True,True,both_TN
ko,문제,문제,문제,문제,False,True,True,both_TN
ko,문화,문화,문화,문화,False,True,True,both_TN
ko,문화원조타령,문화원조타령,문화원조타령,문화원조타령,False,True,True,both_TN
ko,물가,물가,물가,물가,False,True,True,both_TN
ko,물가대로,물가대로,물가대로,물가대로,False,True,True,both_TN
ko,물까치,물까치,물까치,물까치,False,True,True,both_TN
ko,물론이고,물론이고,물론이고,물론이고,False,True,True,both_TN
ko,물타기,물타기,물타기,물타기,False,True,True,both_TN
ko,뭐,뭐,뭐,뭐,False,True,True,both_TN
ko,뭐고,뭐고,뭐고,뭐고,False,True,True,both_TN
ko,뭐냐,뭐냐,뭐냐,뭐냐,False,True,True,both_TN
ko,뭐라노,뭐라노,뭐라노,뭐라노,False,True,True,both_TN
ko,뭔가,뭔가,뭔가,뭔가,False,True,True,both_TN
ko,뭔소리,뭔소리,뭔소리,뭔소리,False,True,True,both_TN
ko,뭔짓,뭔짓,뭔짓,뭔짓,False,True,True,both_TN
ko,뭘,뭘,뭘,뭘,False,True,True,both_TN
ko,미개한,미개한,미개한,미개한,False,True,True,both_TN
ko,미국,미국,미국,미국,False,True,True,both_TN
ko,미국산,미국산,미국산,미국산,False,True,True,both_TN
ko,미국선택햇는뎈,미국선택햇는데,미국선택햇는뎈,미국선택햇는뎈,True,False,False,both_wrong
ko,미국한국,미국한국,미국한국,미국한국,False,True,True,both_TN
ko,미래세대,미래세대,미래세대,미래세대,False,True,True,both_TN
ko,미세먼지,미세먼지,미세먼지,미세먼지,False,True,True,both_TN
ko,미소,미소,미소,미소,False,True,True,both_TN
ko,미운털,미운털,미운털,미운털,False,True,True,both_TN
ko,미워하는,미워하는,미워하는,미워하는,False,True,True,both_TN
ko,미친,미친,미친,미친,False,True,True,both_TN
ko,민족,민족,민족,민족,False,True,True,both_TN
ko,믿으랑께,믿으랑께,믿으랑께,믿으랑께,False,True,True,both_TN
ko,밀가루,밀가루,밀가루,밀가루,False,True,True,both_TN
ko,밀어버린,밀어버린,밀어버린,밀어버린,False,True,True,both_TN
ko,밈,밈,밈,밈,False,True,True,both_TN
ko,바뀌면,바뀌면,바뀌면,바뀌면,False,True,True,both_TN
ko,바다,바다,바다,바다,False,True,True,both_TN
ko,바로,바로,바로,바로,False,True,True,both_TN
ko,바이럴,바이럴,바이럴,바이럴,False,True,True,both_TN
ko,바이오하자드시리즈,바이오하자드시리즈,바이오하자드시리즈,바이오하자드시리즈,False,True,True,both_TN
ko,박근혜,박근혜,박근혜,박근혜,False,True,True,both_TN
ko,박을수,박을수,박을수,박을수,False,True,True,both_TN
ko,박재범,박재범,박재범,박재범,False,True,True,both_TN
ko,박주현,박주현,박주현,박주현,False,True,True,both_TN
ko,박힘,박힘,박힘,박힘,False,True,True,both_TN
ko,밖에,밖에,밖에,밖에,False,True,True,both_TN
ko,반대한다는데,반대한다는데,반대한다는데,반대한다는데,False,True,True,both_TN
ko,반응,반응,반응,반응,False,True,True,both_TN
ko,받노,받노,받노,받노,False,True,True,both_TN
ko,받아라,받아라,받아라,받아라,False,True,True,both_TN
ko,받으면서,받으면서,받으면서,받으면서,False,True,True,both_TN
ko,발생하는,발생하는,발생하는,발생하는,False,True,True,both_TN
ko,발암물질이고,발암물질이고,발암물질이고,발암물질이고,False,True,True,both_TN
ko,발작,발작,발작,발작,False,True,True,both_TN
ko,밥그릇,밥그릇,밥그릇,밥그릇,False,True,True,both_TN
ko,방송국,방송국,방송국,방송국,False,True,True,both_TN
ko,방치,방치,방치,방치,False,True,True,both_TN
ko,배경,배경,배경,배경,False,True,True,both_TN
ko,배달비,배달비,배달비,배달비,False,True,True,both_TN
ko,배달음식,배달음식,배달음식,배달음식,False,True,True,both_TN
ko,배운거임,배운거임,배운거임,배운거임,False,True,True,both_TN
ko,배움,배움,배움,배움,False,True,True,both_TN
ko,배터리,배터리,배터리,배터리,False,True,True,both_TN
ko,배터지게,배터지게,배터지게,배터지게,False,True,True,both_TN
ko,배틀하는,배틀하는,배틀하는,배틀하는,False,True,True,both_TN
ko,백발의,백발의,백발의,백발의,False,True,True,both_TN
ko,백인,백인,백인,백인,False,True,True,both_TN
ko,백전백승이다,백전백승이다,백전백승이다,백전백승이다,False,True,True,both_TN
ko,뱀리둥절,뱀리둥절,뱀리둥절,뱀리둥절,False,True,True,both_TN
ko,뱁새,뱁새,뱁새,뱁새,False,True,True,both_TN
ko,번따는,번따는,번따는,번따는,False,True,True,both_TN
ko,벌었대냐,벌었대냐,벌었대냐,벌었대냐,False,True,True,both_TN
ko,범칙금,범칙금,범칙금,범칙금,False,True,True,both_TN
ko,변명,변명,변명,변명,False,True,True,both_TN
ko,변하는중인,변하는중인,변하는중인,변하는중인,False,True,True,both_TN
ko,변했노,변했노,변했노,변했노,False,True,True,both_TN
ko,변호사,변호사,변호사,변호사,False,True,True,both_TN
ko,변호사님이,변호사님이,변호사님이,변호사님이,False,True,True,both_TN
ko,변호사협회,변호사협회,변호사협회,변호사협회,False,True,True,both_TN
ko,별로,별로,별로,별로,False,True,True,both_TN
ko,병력은,병력은,병력은,병력은,False,True,True,both_TN
ko,병신,바보,바보,병신,True,True,False,A_only_correct
ko,병신들아,바보들아,바보들아,병신들아,True,True,False,A_only_correct
ko,병신새끼덜앜,바보들아,바보덜앜,병신새끼덜앜,True,False,False,both_wrong
ko,병신스포츠,스포츠,바보스포츠,병신스포츠,True,False,False,both_wrong
ko,병신아,바보야,바보야,병신아,True,True,False,A_only_correct
ko,병신은,바보는,바보은,병신은,True,False,False,both_wrong
ko,병신인증,바보인증,바보인증,병신인증,True,True,False,A_only_correct
ko,병임,상태,바보,병임,True,False,False,both_wrong
ko,보고,보고,보고,보고,False,True,True,both_TN
ko,보관,보관,보관,보관,False,True,True,both_TN
ko,보기좋고,보기좋고,보기좋고,보기좋고,False,True,True,both_TN
ko,보내는,보내는,보내는,보내는,False,True,True,both_TN
ko,보낸거,보낸거,보낸거,보낸거,False,True,True,both_TN
ko,보는,보는,보는,보는,False,True,True,both_TN
ko,보는데,보는데,보는데,보는데,False,True,True,both_TN
ko,보니까,보니까,보니까,보니까,False,True,True,both_TN
ko,보다,보다,보다,보다,False,True,True,both_TN
ko,보다가,보다가,보다가,보다가,False,True,True,both_TN
ko,보러,보러,보러,보러,False,True,True,both_TN
ko,보면,보면,보면,보면,False,True,True,both_TN
ko,보소,보소,보소,보소,False,True,True,both_TN
ko,보수,보수,보수,보수,False,True,True,both_TN
ko,보이는데,보이는데,보이는데,보이는데,False,True,True,both_TN
ko,보이다,보이다,보이다,보이다,False,True,True,both_TN
ko,보지참정권,보지참정권,보지참정권,보지참정권,False,True,True,both_TN
ko,보통,보통,보통,보통,False,True,True,both_TN
ko,복장을,복장을,복장을,복장을,False,True,True,both_TN
ko,본래,본래,본래,본래,False,True,True,both_TN
ko,본성,본성,본성,본성,False,True,True,both_TN
ko,본토,본토,본토,본토,False,True,True,both_TN
ko,봄으로,봄으로,봄으로,봄으로,False,True,True,both_TN
ko,봐도,봐도,봐도,봐도,False,True,True,both_TN
ko,봐라,봐라,봐라,봐라,False,True,True,both_TN
ko,봐서,봐서,봐서,봐서,False,True,True,both_TN
ko,봐야되냐,봐야되냐,봐야되냐,봐야되냐,False,True,True,both_TN
ko,봐주셔서,봐주셔서,봐주셔서,봐주셔서,False,True,True,both_TN
ko,부랄,부랄,부랄,부랄,False,True,True,both_TN
ko,부러운,부러운,부러운,부러운,False,True,True,both_TN
ko,부러지도록,부러지도록,부러지도록,부러지도록,False,True,True,both_TN
ko,부럽다,부럽다,부럽다,부럽다,False,True,True,both_TN
ko,부렸던게,부렸던게,부렸던게,부렸던게,False,True,True,both_TN
ko,부분,부분,부분,부분,False,True,True,both_TN
ko,부셔진,부셔진,부셔진,부셔진,False,True,True,both_TN
ko,부양할,부양할,부양할,부양할,False,True,True,both_TN
ko,부자,부자,부자,부자,False,True,True,both_TN
ko,부터,부터,부터,부터,False,True,True,both_TN
ko,북방계인,북방계인,북방계인,북방계인,False,True,True,both_TN
ko,분위기,분위기,분위기,분위기,False,True,True,both_TN
ko,분위기에,분위기에,분위기에,분위기에,False,True,True,both_TN
ko,분이다,분이다,분이다,분이다,False,True,True,both_TN
ko,불가능,불가능,불가능,불가능,False,True,True,both_TN
ko,불러서,불러서,불러서,불러서,False,True,True,both_TN
ko,불리다,불리다,불리다,불리다,False,True,True,both_TN
ko,불쌍하냐며,불쌍하냐며,불쌍하냐며,불쌍하냐며,False,True,True,both_TN
ko,불안정하다,불안정하다,불안정하다,불안정하다,False,True,True,both_TN
ko,붙어있는게,붙어있는게,붙어있는게,붙어있는게,False,True,True,both_TN
ko,븅신들,사람들,븅신들,븅신들,True,False,False,both_wrong
ko,브로,친구,브로,브로,True,False,False,both_wrong
ko,비데,비데,비데,비데,False,True,True,both_TN
ko,비디오판독하다,비디오판독하다,비디오판독하다,비디오판독하다,False,True,True,both_TN
ko,비리,비리,비리,비리,False,True,True,both_TN
ko,비밀의,비밀의,비밀의,비밀의,False,True,True,both_TN
ko,비슷하게,비슷하게,비슷하게,비슷하게,False,True,True,both_TN
ko,비용,비용,비용,비용,False,True,True,both_TN
ko,비유로,비유로,비유로,비유로,False,True,True,both_TN
ko,비중있게,비중있게,비중있게,비중있게,False,True,True,both_TN
ko,빈지노,빈지노,빈지노,빈지노,False,True,True,both_TN
ko,빌딩들의,빌딩들의,빌딩들의,빌딩들의,False,True,True,both_TN
ko,빠지다,빠지다,빠지다,빠지다,False,True,True,both_TN
ko,빡대갈들,저능인들,빡대갈들,빡대갈들,True,False,False,both_wrong
ko,빨고싶어도,비위를 맞추고 싶어도,빨고싶어도,빨고싶어도,True,False,False,both_wrong
ko,빨리,빨리,빨리,빨리,False,True,True,both_TN
ko,빨아대는,아부하는,빨아대는,빨아대는,True,False,False,both_wrong
ko,빵즈,빵즈,빵즈,빵즈,False,True,True,both_TN
ko,빵즈세계,빵즈세계,빵즈세계,빵즈세계,False,True,True,both_TN
ko,삐지고,삐지고,삐지고,삐지고,False,True,True,both_TN
ko,사고,사고,사고,사고,False,True,True,both_TN
ko,사고로,사고로,사고로,사고로,False,True,True,both_TN
ko,사는거임,사는거임,사는거임,사는거임,False,True,True,both_TN
ko,사는애들이,사는애들이,사는애들이,사는애들이,False,True,True,both_TN
ko,사니까,사니까,사니까,사니까,False,True,True,both_TN
ko,사라지다,사라지다,사라지다,사라지다,False,True,True,both_TN
ko,사람,사람,사람,사람,False,True,True,both_TN
ko,사람끼리,사람끼리,사람끼리,사람끼리,False,True,True,both_TN
ko,사람들,사람들,사람들,사람들,False,True,True,both_TN
ko,사람은,사람은,사람은,사람은,False,True,True,both_TN
ko,사람이,사람이,사람이,사람이,False,True,True,both_TN
ko,사망과,사망과,사망과,사망과,False,True,True,both_TN
ko,사슴에,사슴에,사슴에,사슴에,False,True,True,both_TN
ko,사실,사실,사실,사실,False,True,True,both_TN
ko,사업,사업,사업,사업,False,True,True,both_TN
ko,사장,사장,사장,사장,False,True,True,both_TN
ko,사진,사진,사진,사진,False,True,True,both_TN
ko,사회분위기,사회분위기,사회분위기,사회분위기,False,True,True,both_TN
ko,사회성,사회성,사회성,사회성,False,True,True,both_TN
ko,사회초년생,사회초년생,사회초년생,사회초년생,False,True,True,both_TN
ko,사회현상,사회현상,사회현상,사회현상,False,True,True,both_TN
ko,삭제한,삭제한,삭제한,삭제한,False,True,True,both_TN
ko,산송장,산송장,산송장,산송장,False,True,True,both_TN
ko,살게,살게,살게,살게,False,True,True,both_TN
ko,살수,살수,살수,살수,False,True,True,both_TN
ko,살아가는데,살아가는데,살아가는데,살아가는데,False,True,True,both_TN
ko,살아야함,살아야함,살아야함,살아야함,False,True,True,both_TN
ko,삼선,삼선,삼선,삼선,False,True,True,both_TN
ko,삼인플레이,삼인플레이,삼인플레이,삼인플레이,False,True,True,both_TN
ko,상당부분,상당부분,상당부분,상당부분,False,True,True,both_TN
ko,상류층,상류층,상류층,상류층,False,True,True,both_TN
ko,상상,상상,상상,상상,False,True,True,both_TN
ko,상성,상성,상성,상성,False,True,True,both_TN
ko,상인들,상인들,상인들,상인들,False,True,True,both_TN
ko,상하이,상하이,상하이,상하이,False,True,True,both_TN
ko,새끼들,친구들,친구들,새끼들,True,True,False,A_only_correct
ko,새덕후,새덕후,새덕후,새덕후,False,True,True,both_TN
ko,색끈하네,섹시하네,색끈하네,색끈하네,True,False,False,both_wrong
ko,생각,생각,생각,생각,False,True,True,both_TN
ko,생각밖에,생각밖에,생각밖에,생각밖에,False,True,True,both_TN
ko,생각임,생각임,생각임,생각임,False,True,True,both_TN
ko,생겼었는데,생겼었는데,생겼었는데,생겼었는데,False,True,True,both_TN
ko,생긴,생긴,생긴,생긴,False,True,True,both_TN
ko,생태계,생태계,생태계,생태계,False,True,True,both_TN
ko,서땡땡,서로,서땡땡,서땡땡,True,False,False,both_wrong
ko,서사도,서사도,서사도,서사도,False,True,True,both_TN
ko,서사인데,서사인데,서사인데,서사인데,False,True,True,both_TN
ko,서울,서울,서울,서울,False,True,True,both_TN
ko,서울에,서울에,서울에,서울에,False,True,True,both_TN
ko,선관위,선관위,선관위,선관위,False,True,True,both_TN
ko,설짱깨,설중국,설짱깨,설짱깨,True,False,False,both_wrong
ko,설치해서,설치해서,설치해서,설치해서,False,True,True,both_TN
ko,설탕,설탕,설탕,설탕,False,True,True,both_TN
ko,섭취,섭취,섭취,섭취,False,True,True,both_TN
ko,성공,성공,성공,성공,False,True,True,both_TN
ko,성비,성비,성비,성비,False,True,True,both_TN
ko,성인,성인,성인,성인,False,True,True,both_TN
ko,성지순례,성지순례,성지순례,성지순례,False,True,True,both_TN
ko,세금,세금,세금,세금,False,True,True,both_TN
ko,세대보다,세대보다,세대보다,세대보다,False,True,True,both_TN
ko,세상에서,세상에서,세상에서,세상에서,False,True,True,both_TN
ko,세워진,세워진,세워진,세워진,False,True,True,both_TN
ko,세웠을,세웠을,세웠을,세웠을,False,True,True,both_TN
ko,세키로,세키로,세키로,세키로,False,True,True,both_TN
ko,세팅하여,세팅하여,세팅하여,세팅하여,False,True,True,both_TN
ko,섹시하네,섹시하네,섹시하네,섹시하네,False,True,True,both_TN
ko,셀로나,셀로나,셀로나,셀로나,False,True,True,both_TN
ko,셀프,셀프,셀프,셀프,False,True,True,both_TN
ko,소리,소리,소리,소리,False,True,True,both_TN
ko,소리날,소리날,소리날,소리날,False,True,True,both_TN
ko,소비,소비,소비,소비,False,True,True,both_TN
ko,소용,소용,소용,소용,False,True,True,both_TN
ko,소정의,소정의,소정의,소정의,False,True,True,both_TN
ko,소통하는,소통하는,소통하는,소통하는,False,True,True,both_TN
ko,속,속,속,속,False,True,True,both_TN
ko,손,손,손,손,False,True,True,both_TN
ko,손가락,손가락,손가락,손가락,False,True,True,both_TN
ko,솔까,솔직히,솔까,솔까,True,False,False,both_wrong
ko,솔직히,솔직히,솔직히,솔직히,False,True,True,both_TN
ko,쇼핑,쇼핑,쇼핑,쇼핑,False,True,True,both_TN
ko,숏컷,숏컷,숏컷,숏컷,False,True,True,both_TN
ko,수,수,수,수,False,True,True,both_TN
ko,수도,수도,수도,수도,False,True,True,both_TN
ko,수도없이,수도없이,수도없이,수도없이,False,True,True,both_TN
ko,수산들,수산들,수산들,수산들,False,True,True,both_TN
ko,수원역,수원역,수원역,수원역,False,True,True,both_TN
ko,수입하다,수입하다,수입하다,수입하다,False,True,True,both_TN
ko,수준,수준,수준,수준,False,True,True,both_TN
ko,숙련도,숙련도,숙련도,숙련도,False,True,True,both_TN
ko,순,순,순,순,False,True,True,both_TN
ko,순결한,순결한,순결한,순결한,False,True,True,both_TN
ko,술,술,술,술,False,True,True,both_TN
ko,숲,숲,숲,숲,False,True,True,both_TN
ko,쉬지도,쉬지도,쉬지도,쉬지도,False,True,True,both_TN
ko,슈퍼푸드,슈퍼푸드,슈퍼푸드,슈퍼푸드,False,True,True,both_TN
ko,스고이,스고이,스고이,스고이,False,True,True,both_TN
ko,스스로,스스로,스스로,스스로,False,True,True,both_TN
ko,스웨덴,스웨덴,스웨덴,스웨덴,False,True,True,both_TN
ko,스타일,스타일,스타일,스타일,False,True,True,both_TN
ko,스타팅,스타팅,스타팅,스타팅,False,True,True,both_TN
ko,스토리,스토리,스토리,스토리,False,True,True,both_TN
ko,스파이던맨,스파이던맨,스파이던맨,스파이던맨,False,True,True,both_TN
ko,시간낭비만을,시간낭비만을,시간낭비만을,시간낭비만을,False,True,True,both_TN
ko,시간이,시간이,시간이,시간이,False,True,True,both_TN
ko,시도는,시도는,시도는,시도는,False,True,True,both_TN
ko,시발,이런,이런,시발,True,True,False,A_only_correct
ko,시원하게,시원하게,시원하게,시원하게,False,True,True,both_TN
ko,시작하는거라,시작하는거라,시작하는거라,시작하는거라,False,True,True,both_TN
ko,시작하다,시작하다,시작하다,시작하다,False,True,True,both_TN
ko,시작함,시작함,시작함,시작함,False,True,True,both_TN
ko,시켜도,시켜도,시켜도,시켜도,False,True,True,both_TN
ko,식물,식물,식물,식물,False,True,True,both_TN
ko,신기하게,신기하게,신기하게,신기하게,False,True,True,both_TN
ko,신기한게,신기한게,신기한게,신기한게,False,True,True,both_TN
ko,신안,신안,신안,신안,False,True,True,both_TN
ko,실물,실물,실물,실물,False,True,True,both_TN
ko,실베,실베,실베,실베,False,True,True,both_TN
ko,실베충,사람,실베충,실베충,True,False,False,both_wrong
ko,실제로,실제로,실제로,실제로,False,True,True,both_TN
ko,실제로는,실제로는,실제로는,실제로는,False,True,True,both_TN
ko,심술,심술,심술,심술,False,True,True,both_TN
ko,심하거나,심하거나,심하거나,심하거나,False,True,True,both_TN
ko,싱글,싱글,싱글,싱글,False,True,True,both_TN
ko,싶다,싶다,싶다,싶다,False,True,True,both_TN
ko,싶어도,싶어도,싶어도,싶어도,False,True,True,both_TN
ko,싶으면,싶으면,싶으면,싶으면,False,True,True,both_TN
ko,싶은데,싶은데,싶은데,싶은데,False,True,True,both_TN
ko,싸게,싸게,싸게,싸게,False,True,True,both_TN
ko,싸구려,싸구려,싸구려,싸구려,False,True,True,both_TN
ko,싸도,싸도,싸도,싸도,False,True,True,both_TN
ko,쌀,쌀,쌀,쌀,False,True,True,both_TN
ko,쏠로도,쏠로도,쏠로도,쏠로도,False,True,True,both_TN
ko,쓰고,쓰고,쓰고,쓰고,False,True,True,both_TN
ko,쓰노,쓰노,쓰노,쓰노,False,True,True,both_TN
ko,쓰는,쓰는,쓰는,쓰는,False,True,True,both_TN
ko,쓰레기로,쓰레기로,쓰레기로,쓰레기로,False,True,True,both_TN
ko,쓰임,쓰임,쓰임,쓰임,False,True,True,both_TN
ko,쓸,쓸,쓸,쓸,False,True,True,both_TN
ko,씀,씀,씀,씀,False,True,True,both_TN
ko,씨발,씨발,이런,씨발,False,False,True,B_fixed_FP
ko,씨부리는거,말하는 것,씨부리는거,씨부리는거,True,False,False,both_wrong
ko,씹GOAT임,대단한 사람임,씹GOAT임,씹GOAT임,True,False,False,both_wrong
ko,씹창,망했다,이런,씹창,True,False,False,both_wrong
ko,아나운서,아나운서,아나운서,아나운서,False,True,True,both_TN
ko,아는,아는,아는,아는,False,True,True,both_TN
ko,아니냐,아니냐,아니냐,아니냐,False,True,True,both_TN
ko,아니다,아니다,아니다,아니다,False,True,True,both_TN
ko,아니라면서,아니라면서,아니라면서,아니라면서,False,True,True,both_TN
ko,아님,아님,아님,아님,False,True,True,both_TN
ko,아따,아따,아따,아따,False,True,True,both_TN
ko,아련해짐,아련해짐,아련해짐,아련해짐,False,True,True,both_TN
ko,아름답다,아름답다,아름답다,아름답다,False,True,True,both_TN
ko,아무도,아무도,아무도,아무도,False,True,True,both_TN
ko,아빠,아빠,아빠,아빠,False,True,True,both_TN
ko,아빠도,아빠도,아빠도,아빠도,False,True,True,both_TN
ko,아빠를,아빠를,아빠를,아빠를,False,True,True,both_TN
ko,아쉬움,아쉬움,아쉬움,아쉬움,False,True,True,both_TN
ko,아쉽다,아쉽다,아쉽다,아쉽다,False,True,True,both_TN
ko,아시아,아시아,아시아,아시아,False,True,True,both_TN
ko,아싸,아웃사이더,아싸,아싸,True,False,False,both_wrong
ko,아쎄이,아니,아쎄이,아쎄이,True,False,False,both_wrong
ko,아아,아아,아아,아아,False,True,True,both_TN
ko,아이들,아이들,아이들,아이들,False,True,True,both_TN
ko,아이디어,아이디어,아이디어,아이디어,False,True,True,both_TN
ko,아이러니한,아이러니한,아이러니한,아이러니한,False,True,True,both_TN
ko,아이러닉함,아이러닉함,아이러닉함,아이러닉함,False,True,True,both_TN
ko,아직,아직,아직,아직,False,True,True,both_TN
ko,아직도,아직도,아직도,아직도,False,True,True,both_TN
ko,아청법,아청법,아청법,아청법,False,True,True,both_TN
ko,아포칼립스,아포칼립스,아포칼립스,아포칼립스,False,True,True,both_TN
ko,아프다고,아프다고,아프다고,아프다고,False,True,True,both_TN
ko,아프지만,아프지만,아프지만,아프지만,False,True,True,both_TN
ko,악,안좋은,악,악,True,False,False,both_wrong
ko,악플,비판 댓글,악플,악플,True,False,False,both_wrong
ko,안,안,안,안,False,True,True,both_TN
ko,안나오는,안나오는,안나오는,안나오는,False,True,True,both_TN
ko,안데려,안데려,안데려,안데려,False,True,True,both_TN
ko,안되겠네,안되겠네,안되겠네,안되겠네,False,True,True,both_TN
ko,안락사,안락사,안락사,안락사,False,True,True,both_TN
ko,안만드노,안만드노,안만드노,안만드노,False,True,True,both_TN
ko,안엮여있는데가,안엮여있는데가,안엮여있는데가,안엮여있는데가,False,True,True,both_TN
ko,안읽어봣지만,안읽어봣지만,안읽어봣지만,안읽어봣지만,False,True,True,both_TN
ko,앉아있었는데,앉아있었는데,앉아있었는데,앉아있었는데,False,True,True,both_TN
ko,않고,않고,않고,않고,False,True,True,both_TN
ko,않는,않는,않는,않는,False,True,True,both_TN
ko,알고,알고,알고,알고,False,True,True,both_TN
ko,알랭드롱,알랭드롱,알랭드롱,알랭드롱,False,True,True,both_TN
ko,알면,알면,알면,알면,False,True,True,both_TN
ko,알빠노,알빠노,알빠노,알빠노,False,True,True,both_TN
ko,알아야,알아야,알아야,알아야,False,True,True,both_TN
ko,알았는데,알았는데,알았는데,알았는데,False,True,True,both_TN
ko,알파는,알파는,알파는,알파는,False,True,True,both_TN
ko,압박할,압박할,압박할,압박할,False,True,True,both_TN
ko,압살함,이김,압살함,압살함,True,False,False,both_wrong
ko,압승인듯,압승인듯,압승인듯,압승인듯,False,True,True,both_TN
ko,애니프사,애니메이션프사,애니프사,애니프사,True,False,False,both_wrong
ko,애들,애들,애들,애들,False,True,True,both_TN
ko,애새끼,애새끼,아이,애새끼,False,False,True,B_fixed_FP
ko,앰생인생이잖아,힘든 인생을 살잖아,앰생인생이잖아,앰생인생이잖아,True,False,False,both_wrong
ko,야,야,야,야,False,True,True,both_TN
ko,야생곰같이,자연스러운,야생곰같이,야생곰같이,True,False,False,both_wrong
ko,야양떨면,이야기하면,야양떨면,야양떨면,True,False,False,both_wrong
ko,야요이인,야요이인,야요이인,야요이인,False,True,True,both_TN
ko,야지코지,야지코지,야지코지,야지코지,False,True,True,both_TN
ko,야한,야한,야한,야한,False,True,True,both_TN
ko,약국,약국,약국,약국,False,True,True,both_TN
ko,약점임,약점임,약점임,약점임,False,True,True,both_TN
ko,약효,약효,약효,약효,False,True,True,both_TN
ko,양산되기,양산되기,양산되기,양산되기,False,True,True,both_TN
ko,얘,얘,얘,얘,False,True,True,both_TN
ko,얘기,얘기,얘기,얘기,False,True,True,both_TN
ko,얘기하냐,얘기하냐,얘기하냐,얘기하냐,False,True,True,both_TN
ko,어나더여서,어나더여서,어나더여서,어나더여서,False,True,True,both_TN
ko,어느새,어느새,어느새,어느새,False,True,True,both_TN
ko,어디,어디,어디,어디,False,True,True,both_TN
ko,어떤,어떤,어떤,어떤,False,True,True,both_TN
ko,어릴때,어릴때,어릴때,어릴때,False,True,True,both_TN
ko,어울리네,어울리네,어울리네,어울리네,False,True,True,both_TN
ko,어울리지,어울리지,어울리지,어울리지,False,True,True,both_TN
ko,어쩔때,어쩔때,어쩔때,어쩔때,False,True,True,both_TN
ko,어케,어케,어케,어케,False,True,True,both_TN
ko,어플,어플,어플,어플,False,True,True,both_TN
ko,어항같은데,어항같은데,어항같은데,어항같은데,False,True,True,both_TN
ko,억까질,비난하다,억까질,억까질,True,False,False,both_wrong
ko,억지,억지,억지,억지,False,True,True,both_TN
ko,억지로,억지로,억지로,억지로,False,True,True,both_TN
ko,언냐,언니,언냐,언냐,True,False,False,both_wrong
ko,언럭키,불운,언럭키,언럭키,True,False,False,both_wrong
ko,언제부터,언제부터,언제부터,언제부터,False,True,True,both_TN
ko,얻을수도,얻을수도,얻을수도,얻을수도,False,True,True,both_TN
ko,얼마,얼마,얼마,얼마,False,True,True,both_TN
ko,얼마나,얼마나,얼마나,얼마나,False,True,True,both_TN
ko,얼마전,얼마전,얼마전,얼마전,False,True,True,both_TN
ko,엄마,엄마,엄마,엄마,False,True,True,both_TN
ko,없고,없고,없고,없고,False,True,True,both_TN
ko,없애서,없애서,없애서,없애서,False,True,True,both_TN
ko,없애주는데,없애주는데,없애주는데,없애주는데,False,True,True,both_TN
ko,없어서,없어서,없어서,없어서,False,True,True,both_TN
ko,없었노,없었네,없었노,없었노,True,False,False,both_wrong
ko,없었음,없었음,없었음,없었음,False,True,True,both_TN
ko,없으면,없으면,없으면,없으면,False,True,True,both_TN
ko,없음,없음,없음,없음,False,True,True,both_TN
ko,없이,없이,없이,없이,False,True,True,both_TN
ko,엉덩이,엉덩이,엉덩이,엉덩이,False,True,True,both_TN
ko,에,에,에,에,False,True,True,both_TN
ko,에다가,에다가,에다가,에다가,False,True,True,both_TN
ko,에서,에서,에서,에서,False,True,True,both_TN
ko,에서도,에서도,에서도,에서도,False,True,True,both_TN
ko,에어컨,에어컨,에어컨,에어컨,False,True,True,both_TN
ko,에효,에효,에효,에효,False,True,True,both_TN
ko,에휴,에휴,에휴,에휴,False,True,True,both_TN
ko,엔,엔,엔,엔,False,True,True,both_TN
ko,엔딩,엔딩,엔딩,엔딩,False,True,True,both_TN
ko,엘든링,엘든링,엘든링,엘든링,False,True,True,both_TN
ko,엘지비티,엘지비티,엘지비티,엘지비티,False,True,True,both_TN
ko,엠뒤,엠뒤,엠뒤,엠뒤,False,True,True,both_TN
ko,여가생활로,여가생활로,여가생활로,여가생활로,False,True,True,both_TN
ko,여돌,여돌,여돌,여돌,False,True,True,both_TN
ko,여성시대,여성시대,여성시대,여성시대,False,True,True,both_TN
ko,여시,여시,여시,여시,False,True,True,both_TN
ko,여자,여자,여자,여자,False,True,True,both_TN
ko,여자됐더라,여자됐더라,여자됐더라,여자됐더라,False,True,True,both_TN
ko,여자들,여자들,여자들,여자들,False,True,True,both_TN
ko,여자들은,여자들은,여자들은,여자들은,False,True,True,both_TN
ko,여자아동모델,여자아동모델,여자아동모델,여자아동모델,False,True,True,both_TN
ko,여자친구,여자친구,여자친구,여자친구,False,True,True,both_TN
ko,여친이랑,여자친구랑,여친이랑,여친이랑,True,False,False,both_wrong
ko,역사,역사,역사,역사,False,True,True,both_TN
ko,역사시간,역사시간,역사시간,역사시간,False,True,True,both_TN
ko,역시나,역시나,역시나,역시나,False,True,True,both_TN
ko,연계,연계,연계,연계,False,True,True,both_TN
ko,연습,연습,연습,연습,False,True,True,both_TN
ko,연식,연식,연식,연식,False,True,True,both_TN
ko,연애,연애,연애,연애,False,True,True,both_TN
ko,연예인,연예인,연예인,연예인,False,True,True,both_TN
ko,연예인들,연예인들,연예인들,연예인들,False,True,True,both_TN
ko,열도,열도,열도,열도,False,True,True,both_TN
ko,열등감,열등감,열등감,열등감,False,True,True,both_TN
ko,열등민족,다양한 민족,열등민족,열등민족,True,False,False,both_wrong
ko,였다,였다,였다,였다,False,True,True,both_TN
ko,영미권이고,영미권이고,영미권이고,영미권이고,False,True,True,both_TN
ko,영업방해로,영업방해로,영업방해로,영업방해로,False,True,True,both_TN
ko,영화,영화,영화,영화,False,True,True,both_TN
ko,예쁘구만,예쁘구만,예쁘구만,예쁘구만,False,True,True,both_TN
ko,예쁘네,예쁘네,예쁘네,예쁘네,False,True,True,both_TN
ko,예쁘다,예쁘다,예쁘다,예쁘다,False,True,True,both_TN
ko,예쁜,예쁜,예쁜,예쁜,False,True,True,both_TN
ko,예쁜경우가,예쁜경우가,예쁜경우가,예쁜경우가,False,True,True,both_TN
ko,예산,예산,예산,예산,False,True,True,both_TN
ko,오면,오면,오면,오면,False,True,True,both_TN
ko,오스트리아,오스트리아,오스트리아,오스트리아,False,True,True,both_TN
ko,오심,오심,오심,오심,False,True,True,both_TN
ko,오지게도,매우,오지게도,오지게도,True,False,False,both_wrong
ko,오히려,오히려,오히려,오히려,False,True,True,both_TN
ko,온건,온건,온건,온건,False,True,True,both_TN
ko,온라인겜을,온라인게임을,온라인겜을,온라인겜을,True,False,False,both_wrong
ko,온천,온천,온천,온천,False,True,True,both_TN
ko,올거임,올거임,올거임,올거임,False,True,True,both_TN
ko,올라오냐,올라오냐,올라오냐,올라오냐,False,True,True,both_TN
ko,올려쳐놔서,올려쳐놔서,올려쳐놔서,올려쳐놔서,False,True,True,both_TN
ko,올챙이,올챙이,올챙이,올챙이,False,True,True,both_TN
ko,올챙이배,올챙이배,올챙이배,올챙이배,False,True,True,both_TN
ko,올타임,올타임,올타임,올타임,False,True,True,both_TN
ko,옮겨다니고,옮겨다니고,옮겨다니고,옮겨다니고,False,True,True,both_TN
ko,옷,옷,옷,옷,False,True,True,both_TN
ko,와,와,와,와,False,True,True,both_TN
ko,와아,와아,와아,와아,False,True,True,both_TN
ko,완전,완전,완전,완전,False,True,True,both_TN
ko,왔냐,왔냐,왔냐,왔냐,False,True,True,both_TN
ko,왜,왜,왜,왜,False,True,True,both_TN
ko,왜국,왜국,왜국,왜국,False,True,True,both_TN
ko,외모,외모,외모,외모,False,True,True,both_TN
ko,요즘,요즘,요즘,요즘,False,True,True,both_TN
ko,욕박,욕박,욕박,욕박,False,True,True,both_TN
ko,욕하지,욕하지,욕하지,욕하지,False,True,True,both_TN
ko,용기,용기,용기,용기,False,True,True,both_TN
ko,용도임,용도임,용도임,용도임,False,True,True,both_TN
ko,우리,우리,우리,우리,False,True,True,both_TN
ko,우리게이는,우리 친구는,우리게이는,우리게이는,True,False,False,both_wrong
ko,우리나라,우리나라,우리나라,우리나라,False,True,True,both_TN
ko,우리세대,우리세대,우리세대,우리세대,False,True,True,both_TN
ko,움직이고,움직이고,움직이고,움직이고,False,True,True,both_TN
ko,웃기긴하네,웃기긴하네,웃기긴하네,웃기긴하네,False,True,True,both_TN
ko,웃기노,웃기노,웃기노,웃기노,False,True,True,both_TN
ko,웃는,웃는,웃는,웃는,False,True,True,both_TN
ko,웃음,웃음,웃음,웃음,False,True,True,both_TN
ko,웃음포인트,웃음포인트,웃음포인트,웃음포인트,False,True,True,both_TN
ko,웅장해진다,웅장해진다,웅장해진다,웅장해진다,False,True,True,both_TN
ko,워홀,워홀,워홀,워홀,False,True,True,both_TN
ko,원본을,원본을,원본을,원본을,False,True,True,both_TN
ko,원탑,원탑,원탑,원탑,False,True,True,both_TN
ko,원한게,원한게,원한게,원한게,False,True,True,both_TN
ko,위생,위생,위생,위생,False,True,True,both_TN
ko,위하는,위하는,위하는,위하는,False,True,True,both_TN
ko,위험한,위험한,위험한,위험한,False,True,True,both_TN
ko,윗대가리,윗대가리,윗대가리,윗대가리,False,True,True,both_TN
ko,유독,유독,유독,유독,False,True,True,both_TN
ko,유럽,유럽,유럽,유럽,False,True,True,both_TN
ko,유럽산,유럽산,유럽산,유럽산,False,True,True,both_TN
ko,유럽임,유럽임,유럽임,유럽임,False,True,True,both_TN
ko,유리병이나,유리병이나,유리병이나,유리병이나,False,True,True,both_TN
ko,유머로,유머로,유머로,유머로,False,True,True,both_TN
ko,유명한,유명한,유명한,유명한,False,True,True,both_TN
ko,유원지,유원지,유원지,유원지,False,True,True,both_TN
ko,유익,유익,유익,유익,False,True,True,both_TN
ko,유전,유전,유전,유전,False,True,True,both_TN
ko,유조,유조,유조,유조,False,True,True,both_TN
ko,유튜브,유튜브,유튜브,유튜브,False,True,True,both_TN
ko,유행하면서,유행하면서,유행하면서,유행하면서,False,True,True,both_TN
ko,윤석열,윤석열,윤석열,윤석열,False,True,True,both_TN
ko,으로,으로,으로,으로,False,True,True,both_TN
ko,으로써,으로써,으로써,으로써,False,True,True,both_TN
ko,은,은,은,은,False,True,True,both_TN
ko,은근슬쩍,은근슬쩍,은근슬쩍,은근슬쩍,False,True,True,both_TN
ko,을,을,을,을,False,True,True,both_TN
ko,음주운전,음주운전,음주운전,음주운전,False,True,True,both_TN
ko,응원,응원,응원,응원,False,True,True,both_TN
ko,의,의,의,의,False,True,True,both_TN
ko,의대,의대,의대,의대,False,True,True,both_TN
ko,의탁,의탁,의탁,의탁,False,True,True,both_TN
ko,의탁하다,의탁하다,의탁하다,의탁하다,False,True,True,both_TN
ko,이,이,이,이,False,True,True,both_TN
ko,이거,이거,이거,이거,False,True,True,both_TN
ko,이건,이건,이건,이건,False,True,True,both_TN
ko,이것만,이것만,이것만,이것만,False,True,True,both_TN
ko,이기적이라고,이기적이라고,이기적이라고,이기적이라고,False,True,True,both_TN
ko,이기적인,이기적인,이기적인,이기적인,False,True,True,both_TN
ko,이길,이길,이길,이길,False,True,True,both_TN
ko,이나,이나,이나,이나,False,True,True,both_TN
ko,이네,이네,이네,이네,False,True,True,both_TN
ko,이다,이다,이다,이다,False,True,True,both_TN
ko,이라,이라,이라,이라,False,True,True,both_TN
ko,이라고,이라고,이라고,이라고,False,True,True,both_TN
ko,이랑께,이랑께,이랑께,이랑께,False,True,True,both_TN
ko,이래서,이래서,이래서,이래서,False,True,True,both_TN
ko,이러노,이러네,이러노,이러노,True,False,False,both_wrong
ko,이런,이런,이런,이런,False,True,True,both_TN
ko,이런게,이런게,이런게,이런게,False,True,True,both_TN
ko,이럴때,이럴때,이럴때,이럴때,False,True,True,both_TN
ko,이렇게,이렇게,이렇게,이렇게,False,True,True,both_TN
ko,이를,이를,이를,이를,False,True,True,both_TN
ko,이미지,이미지,이미지,이미지,False,True,True,both_TN
ko,이미지긴,이미지긴,이미지긴,이미지긴,False,True,True,both_TN
ko,이미지파일,이미지파일,이미지파일,이미지파일,False,True,True,both_TN
ko,이미지파일을,이미지파일을,이미지파일을,이미지파일을,False,True,True,both_TN
ko,이번,이번,이번,이번,False,True,True,both_TN
ko,이번겨울에,이번겨울에,이번겨울에,이번겨울에,False,True,True,both_TN
ko,이번생,이번생,이번생,이번생,False,True,True,both_TN
ko,이쁘노,이쁘다,이쁘노,이쁘노,True,False,False,both_wrong
ko,이쁘다는,이쁘다는,이쁘다는,이쁘다는,False,True,True,both_TN
ko,이쁘셔,이쁘셔,이쁘셔,이쁘셔,False,True,True,both_TN
ko,이쁨,이쁨,이쁨,이쁨,False,True,True,both_TN
ko,이수해라,이수해라,이수해라,이수해라,False,True,True,both_TN
ko,이었는데,이었는데,이었는데,이었는데,False,True,True,both_TN
ko,이었던게,이었던게,이었던게,이었던게,False,True,True,both_TN
ko,이요,이요,이요,이요,False,True,True,both_TN
ko,이유,이유,이유,이유,False,True,True,both_TN
ko,이재용,이재용,이재용,이재용,False,True,True,both_TN
ko,이적후,이적후,이적후,이적후,False,True,True,both_TN
ko,이전,이전,이전,이전,False,True,True,both_TN
ko,이제는,이제는,이제는,이제는,False,True,True,both_TN
ko,이중국적이다가,이중국적이다가,이중국적이다가,이중국적이다가,False,True,True,both_TN
ko,이혼은,이혼은,이혼은,이혼은,False,True,True,both_TN
ko,인,인,인,인,False,True,True,both_TN
ko,인간을,인간을,인간을,인간을,False,True,True,both_TN
ko,인건비,인건비,인건비,인건비,False,True,True,both_TN
ko,인게,인게,인게,인게,False,True,True,both_TN
ko,인공지능,인공지능,인공지능,인공지능,False,True,True,both_TN
ko,인기,인기,인기,인기,False,True,True,both_TN
ko,인데,인데,인데,인데,False,True,True,both_TN
ko,인도,인도,인도,인도,False,True,True,both_TN
ko,인도음식,인도음식,인도음식,인도음식,False,True,True,both_TN
ko,인문대,인문대,인문대,인문대,False,True,True,both_TN
ko,인생을,인생을,인생을,인생을,False,True,True,both_TN
ko,인싸,인사이더,인싸,인싸,True,False,False,both_wrong
ko,인위적,인위적,인위적,인위적,False,True,True,both_TN
ko,인정한다,인정한다,인정한다,인정한다,False,True,True,both_TN
ko,인증,인증,인증,인증,False,True,True,both_TN
ko,일,일,일,일,False,True,True,both_TN
ko,일단,일단,일단,일단,False,True,True,both_TN
ko,일본,일본,일본,일본,False,True,True,both_TN
ko,일본역사,일본역사,일본역사,일본역사,False,True,True,both_TN
ko,일본인,일본인,일본인,일본인,False,True,True,both_TN
ko,일본학자들,일본학자들,일본학자들,일본학자들,False,True,True,both_TN
ko,일뽕,일뽕,일뽕,일뽕,False,True,True,both_TN
ko,일수록,일수록,일수록,일수록,False,True,True,both_TN
ko,일어나다,일어나다,일어나다,일어나다,False,True,True,both_TN
ko,일진,일진,일진,일진,False,True,True,both_TN
ko,일하게,일하게,일하게,일하게,False,True,True,both_TN
ko,읽어도,읽어도,읽어도,읽어도,False,True,True,both_TN
ko,읽은것과,읽은것과,읽은것과,읽은것과,False,True,True,both_TN
ko,임,임,임,임,False,True,True,both_TN
ko,임근본,임근본,임근본,임근본,False,True,True,both_TN
ko,임금,임금,임금,임금,False,True,True,both_TN
ko,입고있을때,입고있을때,입고있을때,입고있을때,False,True,True,both_TN
ko,입니다,입니다,입니다,입니다,False,True,True,both_TN
ko,입은,입은,입은,입은,False,True,True,both_TN
ko,입장,입장,입장,입장,False,True,True,both_TN
ko,입회,입회,입회,입회,False,True,True,both_TN
ko,있겠지,있겠지,있겠지,있겠지,False,True,True,both_TN
ko,있고,있고,있고,있고,False,True,True,both_TN
ko,있기,있기,있기,있기,False,True,True,both_TN
ko,있노,있노,있노,있노,False,True,True,both_TN
ko,있는,있는,있는,있는,False,True,True,both_TN
ko,있는데,있는데,있는데,있는데,False,True,True,both_TN
ko,있는지,있는지,있는지,있는지,False,True,True,both_TN
ko,있다,있다,있다,있다,False,True,True,both_TN
ko,있어서,있어서,있어서,있어서,False,True,True,both_TN
ko,있으면,있으면,있으면,있으면,False,True,True,both_TN
ko,있음,있음,있음,있음,False,True,True,both_TN
ko,자극을,자극을,자극을,자극을,False,True,True,both_TN
ko,자극이,자극이,자극이,자극이,False,True,True,both_TN
ko,자기,자기,자기,자기,False,True,True,both_TN
ko,자들은,자들은,자들은,자들은,False,True,True,both_TN
ko,자로,자로,자로,자로,False,True,True,both_TN
ko,자아,자아,자아,자아,False,True,True,both_TN
ko,자연스럽게,자연스럽게,자연스럽게,자연스럽게,False,True,True,both_TN
ko,자제해,자제해,자제해,자제해,False,True,True,both_TN
ko,자존감,자존감,자존감,자존감,False,True,True,both_TN
ko,자주해라,자주해라,자주해라,자주해라,False,True,True,both_TN
ko,작은,작은,작은,작은,False,True,True,both_TN
ko,작작하자,작작하자,작작하자,작작하자,False,True,True,both_TN
ko,잔뜩,잔뜩,잔뜩,잔뜩,False,True,True,both_TN
ko,잔해에서,잔해에서,잔해에서,잔해에서,False,True,True,both_TN
ko,잘,잘,잘,잘,False,True,True,both_TN
ko,잘나옴,잘나옴,잘나옴,잘나옴,False,True,True,both_TN
ko,잘라야겟다,잘라야겟다,잘라야겟다,잘라야겟다,False,True,True,both_TN
ko,잘봐줄,잘봐줄,잘봐줄,잘봐줄,False,True,True,both_TN
ko,잘생겼노,잘생겼다,잘생겼노,잘생겼노,True,False,False,both_wrong
ko,잘생겼는데,잘생겼는데,잘생겼는데,잘생겼는데,False,True,True,both_TN
ko,잠시의,잠시의,잠시의,잠시의,False,True,True,both_TN
ko,잡대,잡대,잡대,잡대,False,True,True,both_TN
ko,장면,장면,장면,장면,False,True,True,both_TN
ko,장사,장사,장사,장사,False,True,True,both_TN
ko,장점,장점,장점,장점,False,True,True,both_TN
ko,재검표기일임에도,재검표기일임에도,재검표기일임에도,재검표기일임에도,False,True,True,both_TN
ko,재끼고,재끼고,재끼고,재끼고,False,True,True,both_TN
ko,재량적으로,재량적으로,재량적으로,재량적으로,False,True,True,both_TN
ko,재미없다고,재미없다고,재미없다고,재미없다고,False,True,True,both_TN
ko,재밌긴했다,재밌긴했다,재밌긴했다,재밌긴했다,False,True,True,both_TN
ko,재밌음,재밌음,재밌음,재밌음,False,True,True,both_TN
ko,재직,재직,재직,재직,False,True,True,both_TN
ko,재학,재학,재학,재학,False,True,True,both_TN
ko,재확인대상,재확인대상,재확인대상,재확인대상,False,True,True,both_TN
ko,쟤,쟤,쟤,쟤,False,True,True,both_TN
ko,쟤는,쟤는,쟤는,쟤는,False,True,True,both_TN
ko,저,저,저,저,False,True,True,both_TN
ko,저거,저거,저거,저거,False,True,True,both_TN
ko,저게,저게,저게,저게,False,True,True,both_TN
ko,저런,저런,저런,저런,False,True,True,both_TN
ko,저런거,저런거,저런거,저런거,False,True,True,both_TN
ko,저런데에서,저런데에서,저런데에서,저런데에서,False,True,True,both_TN
ko,저렇게,저렇게,저렇게,저렇게,False,True,True,both_TN
ko,저분도,저분도,저분도,저분도,False,True,True,both_TN
ko,저새끼,저친구,저친구,저새끼,True,True,False,A_only_correct
ko,저정도로,저정도로,저정도로,저정도로,False,True,True,both_TN
ko,저지하려고,저지하려고,저지하려고,저지하려고,False,True,True,both_TN
ko,저짝,저짝,저짝,저짝,False,True,True,both_TN
ko,적게,적게,적게,적게,False,True,True,both_TN
ko,적금,적금,적금,적금,False,True,True,both_TN
ko,적나라한,적나라한,적나라한,적나라한,False,True,True,both_TN
ko,적어놓은거임,적어놓은거임,적어놓은거임,적어놓은거임,False,True,True,both_TN
ko,적어라,적어라,적어라,적어라,False,True,True,both_TN
ko,적은,적은,적은,적은,False,True,True,both_TN
ko,적응해서,적응해서,적응해서,적응해서,False,True,True,both_TN
ko,전가,전가,전가,전가,False,True,True,both_TN
ko,전년,여자,전년,전년,True,False,False,both_wrong
ko,전라도,전라도,전라도,전라도,False,True,True,both_TN
ko,전멸하다,전멸하다,전멸하다,전멸하다,False,True,True,both_TN
ko,전문가,전문가,전문가,전문가,False,True,True,both_TN
ko,전부,전부,전부,전부,False,True,True,both_TN
ko,전선,전선,전선,전선,False,True,True,both_TN
ko,전세계,전세계,전세계,전세계,False,True,True,both_TN
ko,전에,전에,전에,전에,False,True,True,both_TN
ko,전자개표기,전자개표기,전자개표기,전자개표기,False,True,True,both_TN
ko,전자개표기가,전자개표기가,전자개표기가,전자개표기가,False,True,True,both_TN
ko,전자개표기를,전자개표기를,전자개표기를,전자개표기를,False,True,True,both_TN
ko,전자전,전자전,전자전,전자전,False,True,True,both_TN
ko,전통,전통,전통,전통,False,True,True,both_TN
ko,전혀,전혀,전혀,전혀,False,True,True,both_TN
ko,전화해라,전화해라,전화해라,전화해라,False,True,True,both_TN
ko,절감,절감,절감,절감,False,True,True,both_TN
ko,절단,절단,절단,절단,False,True,True,both_TN
ko,점,점,점,점,False,True,True,both_TN
ko,점점,점점,점점,점점,False,True,True,both_TN
ko,접어라,접어라,접어라,접어라,False,True,True,both_TN
ko,정규리그,정규리그,정규리그,정규리그,False,True,True,both_TN
ko,정도,정도,정도,정도,False,True,True,both_TN
ko,정말,정말,정말,정말,False,True,True,both_TN
ko,정반대임,정반대임,정반대임,정반대임,False,True,True,both_TN
ko,정부,정부,정부,정부,False,True,True,both_TN
ko,정신,정신,정신,정신,False,True,True,both_TN
ko,정신나간,정신나간,정신나간,정신나간,False,True,True,both_TN
ko,정신병,정신병,정신병,정신병,False,True,True,both_TN
ko,정예병,정예병,정예병,정예병,False,True,True,both_TN
ko,정치병,정치적 관심,정치병,정치병,True,False,False,both_wrong
ko,정해져,정해져,정해져,정해져,False,True,True,both_TN
ko,정화되네,정화되네,정화되네,정화되네,False,True,True,both_TN
ko,젖이,젖이,젖이,젖이,False,True,True,both_TN
ko,제일,제일,제일,제일,False,True,True,both_TN
ko,제작진,제작진,제작진,제작진,False,True,True,both_TN
ko,조까고,말하네,조까고,조까고,True,False,False,both_wrong
ko,조롱,조롱,조롱,조롱,False,True,True,both_TN
ko,조민,조민,조민,조민,False,True,True,both_TN
ko,조민님,조민님,조민님,조민님,False,True,True,both_TN
ko,조뺑이까라,열심히일해라,조뺑이까라,조뺑이까라,True,False,False,both_wrong
ko,조센,조센,조센,조센,False,True,True,both_TN
ko,조센징들,조센징들,조센징들,조센징들,False,True,True,both_TN
ko,조아,조아,조아,조아,False,True,True,both_TN
ko,조언,조언,조언,조언,False,True,True,both_TN
ko,조회수,조회수,조회수,조회수,False,True,True,both_TN
ko,존나,매우,매우,존나,True,True,False,A_only_correct
ko,존나떙기네,매우 끌리네,존나떙기네,존나떙기네,True,False,False,both_wrong
ko,존잘,매우잘생김,존잘,존잘,True,False,False,both_wrong
ko,좀,좀,좀,좀,False,True,True,both_TN
ko,종이,종이,종이,종이,False,True,True,both_TN
ko,좆같노,싫다,좆같노,좆같노,True,False,False,both_wrong
ko,좆도,이것도,좆도,좆도,True,False,False,both_wrong
ko,좆뒤진,상황이 좋지 않은,좆뒤진,좆뒤진,True,False,False,both_wrong
ko,좆마카세,오마카세,좆마카세,좆마카세,True,False,False,both_wrong
ko,좆밥임,음식임,좆밥임,좆밥임,True,False,False,both_wrong
ko,좆소,중소기업,좆소,좆소,True,False,False,both_wrong
ko,좆지리노,상황이 어려워,좆지리노,좆지리노,True,False,False,both_wrong
ko,좋게,좋게,좋게,좋게,False,True,True,both_TN
ko,좋고,좋고,좋고,좋고,False,True,True,both_TN
ko,좋노,좋네,좋노,좋노,True,False,False,both_wrong
ko,좋다,좋다,좋다,좋다,False,True,True,both_TN
ko,좋다고,좋다고,좋다고,좋다고,False,True,True,both_TN
ko,좋아보이다,좋아보이다,좋아보이다,좋아보이다,False,True,True,both_TN
ko,좋아용,좋아요,좋아용,좋아용,True,False,False,both_wrong
ko,좋음,좋음,좋음,좋음,False,True,True,both_TN
ko,죄다,죄다,죄다,죄다,False,True,True,both_TN
ko,죠몬인,죠몬인,죠몬인,죠몬인,False,True,True,both_TN
ko,주구장창,주구장창,주구장창,주구장창,False,True,True,both_TN
ko,주변,주변,주변,주변,False,True,True,both_TN
ko,주황,주황,주황,주황,False,True,True,both_TN
ko,죽고,죽고,죽고,죽고,False,True,True,both_TN
ko,죽는,죽는,죽는,죽는,False,True,True,both_TN
ko,준비해라,준비해라,준비해라,준비해라,False,True,True,both_TN
ko,줄,줄,줄,줄,False,True,True,both_TN
ko,줄어들면,줄어들면,줄어들면,줄어들면,False,True,True,both_TN
ko,중,중,중,중,False,True,True,both_TN
ko,중간,중간,중간,중간,False,True,True,both_TN
ko,중고딩,중학생 고등학생,중고딩,중고딩,True,False,False,both_wrong
ko,중국,중국,중국,중국,False,True,True,both_TN
ko,중국인들,중국인들,중국인들,중국인들,False,True,True,both_TN
ko,중북부,중북부,중북부,중북부,False,True,True,both_TN
ko,중산층백인여자,중산층백인여자,중산층백인여자,중산층백인여자,False,True,True,both_TN
ko,즉,즉,즉,즉,False,True,True,both_TN
ko,즐길수도있고,즐길수도있고,즐길수도있고,즐길수도있고,False,True,True,both_TN
ko,증명서,증명서,증명서,증명서,False,True,True,both_TN
ko,지갑,지갑,지갑,지갑,False,True,True,both_TN
ko,지금,지금,지금,지금,False,True,True,both_TN
ko,지금껏,지금껏,지금껏,지금껏,False,True,True,both_TN
ko,지내면,지내면,지내면,지내면,False,True,True,both_TN
ko,지들,자기들,지들,지들,True,False,False,both_wrong
ko,지랄,지랄,지랄,지랄,False,True,True,both_TN
ko,지랄거리면,소란피우면,지랄거리면,지랄거리면,True,False,False,both_wrong
ko,지랄은,지랄은,지랄은,지랄은,False,True,True,both_TN
ko,지면,지면,지면,지면,False,True,True,both_TN
ko,지배,지배,지배,지배,False,True,True,both_TN
ko,지역유지,지역유지,지역유지,지역유지,False,True,True,both_TN
ko,지원해주고,지원해주고,지원해주고,지원해주고,False,True,True,both_TN
ko,지자체,지자체,지자체,지자체,False,True,True,both_TN
ko,지현이는,지현이는,지현이는,지현이는,False,True,True,both_TN
ko,지혼자망상으로,지혼자망상으로,지혼자망상으로,지혼자망상으로,False,True,True,both_TN
ko,직원이노,직원이노,직원이노,직원이노,False,True,True,both_TN
ko,직접,직접,직접,직접,False,True,True,both_TN
ko,진다,진다,진다,진다,False,True,True,both_TN
ko,진로,진로,진로,진로,False,True,True,both_TN
ko,진심,진심,진심,진심,False,True,True,both_TN
ko,진심이냐,진심이냐,진심이냐,진심이냐,False,True,True,both_TN
ko,진짜,진짜,진짜,진짜,False,True,True,both_TN
ko,질주하는,질주하는,질주하는,질주하는,False,True,True,both_TN
ko,집,집,집,집,False,True,True,both_TN
ko,짤,짤,짤,짤,False,True,True,both_TN
ko,짱깨,중국,중국,짱깨,True,True,False,A_only_correct
ko,짱깨국,짱깨국,중국인국,짱깨국,False,False,True,B_fixed_FP
ko,짱깨폰떨거지들,중국인들,중국인폰떨거지들,짱깨폰떨거지들,True,False,False,both_wrong
ko,쩔쩔매냐,어려워하냐,쩔쩔매냐,쩔쩔매냐,True,False,False,both_wrong
ko,쫌,조금,쫌,쫌,True,False,False,both_wrong
ko,찌질이,찌질이,찌질이,찌질이,False,True,True,both_TN
ko,찌질이들,찌질이들,찌질이들,찌질이들,False,True,True,both_TN
ko,찍지,찍지,찍지,찍지,False,True,True,both_TN
ko,찍혔는데,찍혔는데,찍혔는데,찍혔는데,False,True,True,both_TN
ko,찍힌거,찍힌거,찍힌거,찍힌거,False,True,True,both_TN
ko,찐따인,찐따인,찐따인,찐따인,False,True,True,both_TN
ko,차단,차단,차단,차단,False,True,True,both_TN
ko,차렸습니다,차렸습니다,차렸습니다,차렸습니다,False,True,True,both_TN
ko,참사,참사,참사,참사,False,True,True,both_TN
ko,창녀짓,창녀짓,창녀짓,창녀짓,False,True,True,both_TN
ko,창의성,창의성,창의성,창의성,False,True,True,both_TN
ko,찾아서,찾아서,찾아서,찾아서,False,True,True,both_TN
ko,찾은,찾은,찾은,찾은,False,True,True,both_TN
ko,채널추천,채널추천,채널추천,채널추천,False,True,True,both_TN
ko,채용비리,채용비리,채용비리,채용비리,False,True,True,both_TN
ko,책,책,책,책,False,True,True,both_TN
ko,책임,책임,책임,책임,False,True,True,both_TN
ko,챙기기,챙기기,챙기기,챙기기,False,True,True,both_TN
ko,처럼,처럼,처럼,처럼,False,True,True,both_TN
ko,처맞고,맞고,처맞고,처맞고,True,False,False,both_wrong
ko,처먹게,먹게,처먹게,처먹게,True,False,False,both_wrong
ko,천상계,천상계,천상계,천상계,False,True,True,both_TN
ko,천지차이인데,천지차이인데,천지차이인데,천지차이인데,False,True,True,both_TN
ko,천하게,천하게,천하게,천하게,False,True,True,both_TN
ko,체조복,체조복,체조복,체조복,False,True,True,both_TN
ko,쳐,쳐,쳐,쳐,False,True,True,both_TN
ko,쳐다니는,쳐다니는,쳐다니는,쳐다니는,False,True,True,both_TN
ko,쳐먹고,마시고,먹고,쳐먹고,True,False,False,both_wrong
ko,쳐먹어라,먹어라,먹어라,쳐먹어라,True,True,False,A_only_correct
ko,쳐올려라,올려라,쳐올려라,쳐올려라,True,False,False,both_wrong
ko,초반에,초반에,초반에,초반에,False,True,True,both_TN
ko,초졸,초졸,초졸,초졸,False,True,True,both_TN
ko,총,총,총,총,False,True,True,both_TN
ko,촬영을,촬영을,촬영을,촬영을,False,True,True,both_TN
ko,최대,최대,최대,최대,False,True,True,both_TN
ko,최소,최소,최소,최소,False,True,True,both_TN
ko,최저시급,최저시급,최저시급,최저시급,False,True,True,both_TN
ko,추,추,추,추,False,True,True,both_TN
ko,추모,추모,추모,추모,False,True,True,both_TN
ko,추출함,추출함,추출함,추출함,False,True,True,both_TN
ko,추해짐아놀드도,추해짐아놀드도,추해짐아놀드도,추해짐아놀드도,False,True,True,both_TN
ko,축구만,축구만,축구만,축구만,False,True,True,both_TN
ko,축복결혼,축복결혼,축복결혼,축복결혼,False,True,True,both_TN
ko,축복서류,축복서류,축복서류,축복서류,False,True,True,both_TN
ko,춘장내,춘장내,춘장내,춘장내,False,True,True,both_TN
ko,출산율,출산율,출산율,출산율,False,True,True,both_TN
ko,출산율로도,출산율로도,출산율로도,출산율로도,False,True,True,both_TN
ko,출신들,출신들,출신들,출신들,False,True,True,both_TN
ko,춤,춤,춤,춤,False,True,True,both_TN
ko,충분히,충분히,충분히,충분히,False,True,True,both_TN
ko,취향,취향,취향,취향,False,True,True,both_TN
ko,치안,치안,치안,치안,False,True,True,both_TN
ko,친구,친구,친구,친구,False,True,True,both_TN
ko,친하게,친하게,친하게,친하게,False,True,True,both_TN
ko,침,침,침,침,False,True,True,both_TN
ko,침뱉어가면서,침뱉어가면서,침뱉어가면서,침뱉어가면서,False,True,True,both_TN
ko,칭찬,칭찬,칭찬,칭찬,False,True,True,both_TN
ko,카미조토우마,카미조 토우마,카미조토우마,카미조토우마,True,False,False,both_wrong
ko,칼부림,칼로 다침,칼부림,칼부림,True,False,False,both_wrong
ko,커여워,커여워,커여워,커여워,False,True,True,both_TN
ko,커엽,귀엽,커엽,커엽,True,False,False,both_wrong
ko,커엽노,귀엽다,커엽노,커엽노,True,False,False,both_wrong
ko,커피,커피,커피,커피,False,True,True,both_TN
ko,컨셉,컨셉,컨셉,컨셉,False,True,True,both_TN
ko,코미디,코미디,코미디,코미디,False,True,True,both_TN
ko,쿠소민족,특정 민족,쿠소민족,쿠소민족,True,False,False,both_wrong
ko,큰,큰,큰,큰,False,True,True,both_TN
ko,키우다,키우다,키우다,키우다,False,True,True,both_TN
ko,타가,타가,타가,타가,False,True,True,both_TN
ko,타고,타고,타고,타고,False,True,True,both_TN
ko,타짜가,타짜가,타짜가,타짜가,False,True,True,both_TN
ko,탁,탁,탁,탁,False,True,True,both_TN
ko,탄핵,탄핵,탄핵,탄핵,False,True,True,both_TN
ko,태국,태국,태국,태국,False,True,True,both_TN
ko,태어나는,태어나는,태어나는,태어나는,False,True,True,both_TN
ko,털수북한,털이 많은,털수북한,털수북한,True,False,False,both_wrong
ko,털어서,털어서,털어서,털어서,False,True,True,both_TN
ko,테라리움,테라리움,테라리움,테라리움,False,True,True,both_TN
ko,토착,토착,토착,토착,False,True,True,both_TN
ko,통수라도,통수라도,통수라도,통수라도,False,True,True,both_TN
ko,통일교,통일교,통일교,통일교,False,True,True,both_TN
ko,통제,통제,통제,통제,False,True,True,both_TN
ko,튀어서,튀어서,튀어서,튀어서,False,True,True,both_TN
ko,트릴로지,트릴로지,트릴로지,트릴로지,False,True,True,both_TN
ko,특별법,특별법,특별법,특별법,False,True,True,both_TN
ko,특유의,특유의,특유의,특유의,False,True,True,both_TN
ko,특정,특정,특정,특정,False,True,True,both_TN
ko,틀딱,어르신,틀딱,틀딱,True,False,False,both_wrong
ko,틀딱들,틀딱들,어르신들,틀딱들,False,False,True,B_fixed_FP
ko,틀림,틀림,틀림,틀림,False,True,True,both_TN
ko,티비,티비,티비,티비,False,True,True,both_TN
ko,파괴,파괴,파괴,파괴,False,True,True,both_TN
ko,파는,파는,파는,파는,False,True,True,both_TN
ko,파랑새,파랑새,파랑새,파랑새,False,True,True,both_TN
ko,파스타,파스타,파스타,파스타,False,True,True,both_TN
ko,파업도,파업도,파업도,파업도,False,True,True,both_TN
ko,팍팍,팍팍,팍팍,팍팍,False,True,True,both_TN
ko,팍팍팍,팍팍팍,팍팍팍,팍팍팍,False,True,True,both_TN
ko,패면서,치면서,패면서,패면서,True,False,False,both_wrong
ko,팩트,팩트,팩트,팩트,False,True,True,both_TN
ko,페이커,페이커,페이커,페이커,False,True,True,both_TN
ko,펜타닐은,펜타닐은,펜타닐은,펜타닐은,False,True,True,both_TN
ko,폐기물,폐기물,폐기물,폐기물,False,True,True,both_TN
ko,폐허,폐허,폐허,폐허,False,True,True,both_TN
ko,폐허가,폐허가,폐허가,폐허가,False,True,True,both_TN
ko,포괄임금제,포괄임금제,포괄임금제,포괄임금제,False,True,True,both_TN
ko,포르쉐,포르쉐,포르쉐,포르쉐,False,True,True,both_TN
ko,포인트,포인트,포인트,포인트,False,True,True,both_TN
ko,폭동,폭동,폭동,폭동,False,True,True,both_TN
ko,폭력성,폭력성,폭력성,폭력성,False,True,True,both_TN
ko,폭력성같은거보다,폭력성같은거보다,폭력성같은거보다,폭력성같은거보다,False,True,True,both_TN
ko,폰,폰,폰,폰,False,True,True,both_TN
ko,풀때기로,풀때기로,풀때기로,풀때기로,False,True,True,both_TN
ko,프레드릭,프레드릭,프레드릭,프레드릭,False,True,True,both_TN
ko,플라시보,플라시보,플라시보,플라시보,False,True,True,both_TN
ko,피고,피고,피고,피고,False,True,True,both_TN
ko,피부,피부,피부,피부,False,True,True,both_TN
ko,피싸개,사람,피싸개,피싸개,True,False,False,both_wrong
ko,피하기,피하기,피하기,피하기,False,True,True,both_TN
ko,필리핀,필리핀,필리핀,필리핀,False,True,True,both_TN
ko,필요,필요,필요,필요,False,True,True,both_TN
ko,필요함,필요함,필요함,필요함,False,True,True,both_TN
ko,핑계,핑계,핑계,핑계,False,True,True,both_TN
ko,하,하,하,하,False,True,True,both_TN
ko,하게,하게,하게,하게,False,True,True,both_TN
ko,하고,하고,하고,하고,False,True,True,both_TN
ko,하고싶네,하고싶네,하고싶네,하고싶네,False,True,True,both_TN
ko,하고싶은거,하고싶은거,하고싶은거,하고싶은거,False,True,True,both_TN
ko,하고자,하고자,하고자,하고자,False,True,True,both_TN
ko,하긴,하긴,하긴,하긴,False,True,True,both_TN
ko,하나도,하나도,하나도,하나도,False,True,True,both_TN
ko,하느라,하느라,하느라,하느라,False,True,True,both_TN
ko,하는,하는,하는,하는,False,True,True,both_TN
ko,하는건,하는건,하는건,하는건,False,True,True,both_TN
ko,하다,하다,하다,하다,False,True,True,both_TN
ko,하든,하든,하든,하든,False,True,True,both_TN
ko,하려고,하려고,하려고,하려고,False,True,True,both_TN
ko,하려는데선관위는,하려는데선관위는,하려는데선관위는,하려는데선관위는,False,True,True,both_TN
ko,하루마다,하루마다,하루마다,하루마다,False,True,True,both_TN
ko,하면,하면,하면,하면,False,True,True,both_TN
ko,하셨던,하셨던,하셨던,하셨던,False,True,True,both_TN
ko,하셨어용,하셨어용,하셨어용,하셨어용,False,True,True,both_TN
ko,하얀거,하얀거,하얀거,하얀거,False,True,True,both_TN
ko,하얀옷,하얀옷,하얀옷,하얀옷,False,True,True,both_TN
ko,하이브,하이브,하이브,하이브,False,True,True,both_TN
ko,하향평준화,하향평준화,하향평준화,하향평준화,False,True,True,both_TN
ko,학교,학교,학교,학교,False,True,True,both_TN
ko,학살,학살,학살,학살,False,True,True,both_TN
ko,학폭,학폭,학폭,학폭,False,True,True,both_TN
ko,한,한,한,한,False,True,True,both_TN
ko,한국,한국,한국,한국,False,True,True,both_TN
ko,한국꺼,한국꺼,한국꺼,한국꺼,False,True,True,both_TN
ko,한국영화,한국영화,한국영화,한국영화,False,True,True,both_TN
ko,한국인,한국인,한국인,한국인,False,True,True,both_TN
ko,한국인들,한국인들,한국인들,한국인들,False,True,True,both_TN
ko,한남,한국남자,한남,한남,True,False,False,both_wrong
ko,한녀,한국여자,한국여자,한녀,True,True,False,A_only_correct
ko,한녀들,한국여자들,한국여자들,한녀들,True,True,False,A_only_correct
ko,한다는,한다는,한다는,한다는,False,True,True,both_TN
ko,한달,한달,한달,한달,False,True,True,both_TN
ko,한데,한데,한데,한데,False,True,True,both_TN
ko,한명,한명,한명,한명,False,True,True,both_TN
ko,한반도,한반도,한반도,한반도,False,True,True,both_TN
ko,한반도인,한반도인,한반도인,한반도인,False,True,True,both_TN
ko,한사람,한사람,한사람,한사람,False,True,True,both_TN
ko,한중일,한중일,한중일,한중일,False,True,True,both_TN
ko,한테,한테,한테,한테,False,True,True,both_TN
ko,할,할,할,할,False,True,True,both_TN
ko,할거임,할거임,할거임,할거임,False,True,True,both_TN
ko,할것같아,할것같아,할것같아,할것같아,False,True,True,both_TN
ko,할듯,할듯,할듯,할듯,False,True,True,both_TN
ko,할배,할아버지,할배,할배,True,False,False,both_wrong
ko,할지,할지,할지,할지,False,True,True,both_TN
ko,할카스,할카스,할카스,할카스,False,True,True,both_TN
ko,함,함,함,함,False,True,True,both_TN
ko,함가,함가,함가,함가,False,True,True,both_TN
ko,합니다,합니다,합니다,합니다,False,True,True,both_TN
ko,해달라는,해달라는,해달라는,해달라는,False,True,True,both_TN
ko,해리케인,해리케인,해리케인,해리케인,False,True,True,both_TN
ko,해병,해병,해병,해병,False,True,True,both_TN
ko,해봐,해봐,해봐,해봐,False,True,True,both_TN
ko,해야,해야,해야,해야,False,True,True,both_TN
ko,해야함,해야함,해야함,해야함,False,True,True,both_TN
ko,해주더라,해주더라,해주더라,해주더라,False,True,True,both_TN
ko,해줬으면,해줬으면,해줬으면,해줬으면,False,True,True,both_TN
ko,핵심,핵심,핵심,핵심,False,True,True,both_TN
ko,했다,했다,했다,했다,False,True,True,both_TN
ko,했다는건데,했다는건데,했다는건데,했다는건데,False,True,True,both_TN
ko,했던,했던,했던,했던,False,True,True,both_TN
ko,했으니,했으니,했으니,했으니,False,True,True,both_TN
ko,했으면,했으면,했으면,했으면,False,True,True,both_TN
ko,했음,했음,했음,했음,False,True,True,both_TN
ko,허락해주면,허락해주면,허락해주면,허락해주면,False,True,True,both_TN
ko,허버허버,허버허버,허버허버,허버허버,False,True,True,both_TN
ko,혁신,혁신,혁신,혁신,False,True,True,both_TN
ko,현,현,현,현,False,True,True,both_TN
ko,현대,현대,현대,현대,False,True,True,both_TN
ko,현장에서,현장에서,현장에서,현장에서,False,True,True,both_TN
ko,현재,현재,현재,현재,False,True,True,both_TN
ko,현종,현종,현종,현종,False,True,True,both_TN
ko,현지팬들,현지팬들,현지팬들,현지팬들,False,True,True,both_TN
ko,현직중딩,현직중학생,현직중딩,현직중딩,True,False,False,both_wrong
ko,호정,호정,호정,호정,False,True,True,both_TN
ko,홍콩,홍콩,홍콩,홍콩,False,True,True,both_TN
ko,화가,화가,화가,화가,False,True,True,both_TN
ko,화면,화면,화면,화면,False,True,True,both_TN
ko,화사,화사,화사,화사,False,True,True,both_TN
ko,화살을,화살을,화살을,화살을,False,True,True,both_TN
ko,확실하노,확실하노,확실하노,확실하노,False,True,True,both_TN
ko,확인한,확인한,확인한,확인한,False,True,True,both_TN
ko,효능이,효능이,효능이,효능이,False,True,True,both_TN
ko,후,후,후,후,False,True,True,both_TN
ko,후계자,후계자,후계자,후계자,False,True,True,both_TN
ko,후보,후보,후보,후보,False,True,True,both_TN
ko,흐름,흐름,흐름,흐름,False,True,True,both_TN
ko,흘린채로,흘린채로,흘린채로,흘린채로,False,True,True,both_TN
ko,흥해버린것,흥해버린것,흥해버린것,흥해버린것,False,True,True,both_TN
ko,히오스맵만화,히오스맵만화,히오스맵만화,히오스맵만화,False,True,True,both_TN
ko,히초리슴,히치리즘,히초리슴,히초리슴,True,False,False,both_wrong
ko,힘든,힘든,힘든,힘든,False,True,True,both_TN
ko,힘들다,힘들다,힘들다,힘들다,False,True,True,both_TN
ja,！,！,！,！,False,True,True,both_TN
ja,！！(,！！(,！！(,！！(,False,True,True,both_TN
ja,＆,＆,＆,＆,False,True,True,both_TN
ja,（,（,（,（,False,True,True,both_TN
ja,）,） 。,） 。,）,True,True,False,A_only_correct
ja,１回,１回,１回,１回,False,True,True,both_TN
ja,３,３,３,３,False,True,True,both_TN
ja,？,？,？,？,False,True,True,both_TN
ja,？(,？(,？(,？(,False,True,True,both_TN
